date,weekday,is_weekend,channel,time_slot,program_genre,program_name,target_demo,viewership_rating,sns_buzz_index,ad_slot_count,ad_price_per_slot_krw,ad_revenue_krw
2024-01-01,Mon,0,1TV,06:00-09:00,뉴스,굿모닝 코리아,전체가구,2.6,212,6,3040000,18240000
2024-01-01,Mon,0,2TV,06:00-09:00,뉴스,굿모닝 코리아,전체가구,1.45,125,7,1910000,13370000
2024-01-01,Mon,0,1TV,09:00-12:00,시사교양,정보가 산다,40대 이상,1.58,166,5,2120000,10600000
2024-01-01,Mon,0,2TV,09:00-12:00,시사교양,정보가 산다,40대 이상,1.08,125,7,1410000,9870000
2024-01-01,Mon,0,1TV,12:00-15:00,드라마,오후의 드라마(재방),30-40대,2.09,236,4,2530000,10120000
2024-01-01,Mon,0,2TV,12:00-15:00,드라마,오후의 드라마(재방),30-40대,1.21,160,4,1600000,6400000
2024-01-01,Mon,0,1TV,15:00-18:00,생활정보,생활의 발견,30-40대,2.09,187,5,2760000,13800000
2024-01-01,Mon,0,2TV,15:00-18:00,생활정보,생활의 발견,30-40대,1.38,140,5,1810000,9050000
2024-01-01,Mon,0,1TV,18:00-21:00,뉴스,메인뉴스 9,전체가구,6.55,811,9,9250000,83250000
2024-01-01,Mon,0,2TV,18:00-21:00,뉴스,메인뉴스 9,전체가구,4.39,372,8,5990000,47920000
2024-01-01,Mon,0,1TV,21:00-24:00,드라마,월화수목 드라마,30-40대,5.18,682,8,7580000,60640000
2024-01-01,Mon,0,2TV,21:00-24:00,드라마,월화수목 드라마,30-40대,2.83,339,7,4750000,33250000
2024-01-02,Tue,0,1TV,06:00-09:00,뉴스,굿모닝 코리아,전체가구,2.77,366,6,3100000,18600000
2024-01-02,Tue,0,2TV,06:00-09:00,뉴스,굿모닝 코리아,전체가구,1.69,172,6,1970000,11820000
2024-01-02,Tue,0,1TV,09:00-12:00,시사교양,정보가 산다,40대 이상,1.89,231,7,2230000,15610000
2024-01-02,Tue,0,2TV,09:00-12:00,시사교양,정보가 산다,40대 이상,1.21,109,7,1440000,10080000
2024-01-02,Tue,0,1TV,12:00-15:00,드라마,오후의 드라마(재방),30-40대,1.98,190,6,2490000,14940000
2024-01-02,Tue,0,2TV,12:00-15:00,드라마,오후의 드라마(재방),30-40대,1.19,118,4,1600000,6400000
2024-01-02,Tue,0,1TV,15:00-18:00,생활정보,생활의 발견,30-40대,1.89,187,5,2680000,13400000
2024-01-02,Tue,0,2TV,15:00-18:00,생활정보,생활의 발견,30-40대,1.61,184,6,1860000,11160000
2024-01-02,Tue,0,1TV,18:00-21:00,뉴스,메인뉴스 9,전체가구,6.28,651,9,9130000,82170000
2024-01-02,Tue,0,2TV,18:00-21:00,뉴스,메인뉴스 9,전체가구,3.62,343,9,5770000,51930000
2024-01-02,Tue,0,1TV,21:00-24:00,드라마,월화수목 드라마,30-40대,5.37,568,8,7670000,61360000
2024-01-02,Tue,0,2TV,21:00-24:00,드라마,월화수목 드라마,30-40대,2.98,417,8,4800000,38400000
2024-01-03,Wed,0,1TV,06:00-09:00,뉴스,굿모닝 코리아,전체가구,2.69,354,5,3070000,15350000
2024-01-03,Wed,0,2TV,06:00-09:00,뉴스,굿모닝 코리아,전체가구,1.77,186,5,1980000,9900000
2024-01-03,Wed,0,1TV,09:00-12:00,시사교양,정보가 산다,40대 이상,1.85,200,6,2220000,13320000
2024-01-03,Wed,0,2TV,09:00-12:00,시사교양,정보가 산다,40대 이상,1.3,105,7,1460000,10220000
2024-01-03,Wed,0,1TV,12:00-15:00,드라마,오후의 드라마(재방),30-40대,2.23,279,6,2590000,15540000
2024-01-03,Wed,0,2TV,12:00-15:00,드라마,오후의 드라마(재방),30-40대,1.22,109,4,1610000,6440000
2024-01-03,Wed,0,1TV,15:00-18:00,생활정보,생활의 발견,30-40대,2.45,235,6,2900000,17400000
2024-01-03,Wed,0,2TV,15:00-18:00,생활정보,생활의 발견,30-40대,1.43,124,6,1820000,10920000
2024-01-03,Wed,0,1TV,18:00-21:00,뉴스,메인뉴스 9,전체가구,6.24,727,7,9110000,63770000
2024-01-03,Wed,0,2TV,18:00-21:00,뉴스,메인뉴스 9,전체가구,3.5,480,9,5730000,51570000
2024-01-03,Wed,0,1TV,21:00-24:00,드라마,월화수목 드라마,30-40대,5.14,562,6,7560000,45360000
2024-01-03,Wed,0,2TV,21:00-24:00,드라마,월화수목 드라마,30-40대,3.62,470,7,4980000,34860000
2024-01-04,Thu,0,1TV,06:00-09:00,뉴스,굿모닝 코리아,전체가구,2.3,262,5,2930000,14650000
2024-01-04,Thu,0,2TV,06:00-09:00,뉴스,굿모닝 코리아,전체가구,1.62,136,7,1950000,13650000
2024-01-04,Thu,0,1TV,09:00-12:00,시사교양,정보가 산다,40대 이상,1.6,174,7,2130000,14910000
2024-01-04,Thu,0,2TV,09:00-12:00,시사교양,정보가 산다,40대 이상,1.18,137,5,1430000,7150000
2024-01-04,Thu,0,1TV,12:00-15:00,드라마,오후의 드라마(재방),30-40대,2.15,261,6,2560000,15360000
2024-01-04,Thu,0,2TV,12:00-15:00,드라마,오후의 드라마(재방),30-40대,1.49,177,5,1670000,8350000
2024-01-04,Thu,0,1TV,15:00-18:00,생활정보,생활의 발견,30-40대,2.17,206,4,2790000,11160000
2024-01-04,Thu,0,2TV,15:00-18:00,생활정보,생활의 발견,30-40대,1.47,138,4,1830000,6843767
2024-01-04,Thu,0,1TV,18:00-21:00,뉴스,메인뉴스 9,전체가구,5.2,437,7,8640000,60480000
2024-01-04,Thu,0,2TV,18:00-21:00,뉴스,메인뉴스 9,전체가구,3.4,321,9,5700000,51300000
2024-01-04,Thu,0,1TV,21:00-24:00,드라마,월화수목 드라마,30-40대,5.05,623,8,7520000,60160000
2024-01-04,Thu,0,2TV,21:00-24:00,드라마,월화수목 드라마,30-40대,3.0,325,7,4800000,33600000
2024-01-05,Fri,0,1TV,06:00-09:00,뉴스,굿모닝 코리아,전체가구,2.19,232,6,2890000,17340000
2024-01-05,Fri,0,2TV,06:00-09:00,뉴스,굿모닝 코리아,전체가구,1.8,150,7,1990000,13930000
2024-01-05,Fri,0,1TV,09:00-12:00,시사교양,정보가 산다,40대 이상,1.58,165,6,2120000,12720000
2024-01-05,Fri,0,2TV,09:00-12:00,시사교양,정보가 산다,40대 이상,1.03,94,7,1400000,9800000
2024-01-05,Fri,0,1TV,12:00-15:00,드라마,오후의 드라마(재방),30-40대,1.95,189,4,2480000,9920000
2024-01-05,Fri,0,2TV,12:00-15:00,드라마,오후의 드라마(재방),30-40대,1.13,145,6,1580000,9480000
2024-01-05,Fri,0,1TV,15:00-18:00,생활정보,생활의 발견,30-40대,2.3,259,4,2840000,11360000
2024-01-05,Fri,0,2TV,15:00-18:00,생활정보,생활의 발견,30-40대,1.61,211,4,1860000,7440000
2024-01-05,Fri,0,1TV,18:00-21:00,뉴스,메인뉴스 9,전체가구,5.96,786,7,8980000,62860000
2024-01-05,Fri,0,2TV,18:00-21:00,뉴스,메인뉴스 9,전체가구,3.32,343,8,5680000,45440000
2024-01-05,Fri,0,1TV,21:00-24:00,드라마,월화수목 드라마,30-40대,5.29,655,8,7630000,61040000
2024-01-05,Fri,0,2TV,21:00-24:00,드라마,월화수목 드라마,30-40대,3.24,296,6,4870000,29220000
2024-01-06,Sat,1,1TV,06:00-09:00,뉴스,주말 아침뉴스,전체가구,2.55,287,7,3020000,21140000
2024-01-06,Sat,1,2TV,06:00-09:00,뉴스,주말 아침뉴스,전체가구,1.41,153,7,1900000,13300000
2024-01-06,Sat,1,1TV,09:00-12:00,다큐멘터리,세상 이야기,40대 이상,2.04,173,5,2290000,11450000
2024-01-06,Sat,1,2TV,09:00-12:00,다큐멘터리,세상 이야기,40대 이상,1.02,134,6,1390000,8340000
2024-01-06,Sat,1,1TV,12:00-15:00,스포츠,주말 스포츠 중계,전체가구,2.23,211,6,2590000,13361883
2024-01-06,Sat,1,2TV,12:00-15:00,스포츠,주말 스포츠 중계,전체가구,1.36,155,5,1640000,8200000
2024-01-06,Sat,1,1TV,15:00-18:00,예능,주말 예능 스페셜,20-30대,2.0,246,4,2720000,10880000
2024-01-06,Sat,1,2TV,15:00-18:00,예능,주말 예능 스페셜,20-30대,1.27,151,5,1780000,8900000
2024-01-06,Sat,1,1TV,18:00-21:00,예능,주말 버라이어티,20-30대,6.44,543,8,9200000,73600000
2024-01-06,Sat,1,2TV,18:00-21:00,예능,주말 버라이어티,20-30대,3.97,341,9,5870000,52830000
2024-01-06,Sat,1,1TV,21:00-24:00,영화,주말 특선영화,20-30대,4.64,631,6,7340000,44040000
2024-01-06,Sat,1,2TV,21:00-24:00,영화,주말 특선영화,20-30대,3.12,279,8,4840000,38720000
2024-01-07,Sun,1,1TV,06:00-09:00,뉴스,주말 아침뉴스,전체가구,2.58,359,7,3030000,21210000
2024-01-07,Sun,1,2TV,06:00-09:00,뉴스,주말 아침뉴스,전체가구,1.71,194,7,1970000,13790000
2024-01-07,Sun,1,1TV,09:00-12:00,다큐멘터리,세상 이야기,40대 이상,2.0,192,5,2270000,11350000
2024-01-07,Sun,1,2TV,09:00-12:00,다큐멘터리,세상 이야기,40대 이상,1.05,102,5,1400000,7000000
2024-01-07,Sun,1,1TV,12:00-15:00,스포츠,주말 스포츠 중계,전체가구,1.82,215,5,2430000,12150000
2024-01-07,Sun,1,2TV,12:00-15:00,스포츠,주말 스포츠 중계,전체가구,1.2,161,4,1600000,6400000
2024-01-07,Sun,1,1TV,15:00-18:00,예능,주말 예능 스페셜,20-30대,2.14,207,4,2780000,11120000
2024-01-07,Sun,1,2TV,15:00-18:00,예능,주말 예능 스페셜,20-30대,1.27,176,4,1780000,7120000
2024-01-07,Sun,1,1TV,18:00-21:00,예능,주말 버라이어티,20-30대,6.08,642,7,9040000,63280000
2024-01-07,Sun,1,2TV,18:00-21:00,예능,주말 버라이어티,20-30대,4.42,537,7,6000000,42000000
2024-01-07,Sun,1,1TV,21:00-24:00,영화,주말 특선영화,20-30대,5.49,631,6,7720000,46320000
2024-01-07,Sun,1,2TV,21:00-24:00,영화,주말 특선영화,20-30대,2.8,285,6,4740000,28440000
2024-01-08,Mon,0,1TV,06:00-09:00,뉴스,굿모닝 코리아,전체가구,2.28,217,5,2920000,14600000
2024-01-08,Mon,0,2TV,06:00-09:00,뉴스,굿모닝 코리아,전체가구,1.65,219,7,1960000,13720000
2024-01-08,Mon,0,1TV,09:00-12:00,시사교양,정보가 산다,40대 이상,2.02,190,5,2280000,11400000
2024-01-08,Mon,0,2TV,09:00-12:00,시사교양,정보가 산다,40대 이상,1.28,170,5,1460000,7300000
2024-01-08,Mon,0,1TV,12:00-15:00,드라마,오후의 드라마(재방),30-40대,2.25,286,5,2590000,12950000
2024-01-08,Mon,0,2TV,12:00-15:00,드라마,오후의 드라마(재방),30-40대,1.44,185,5,1660000,8300000
2024-01-08,Mon,0,1TV,15:00-18:00,생활정보,생활의 발견,30-40대,2.33,240,4,2850000,11400000
2024-01-08,Mon,0,2TV,15:00-18:00,생활정보,생활의 발견,30-40대,1.31,169,5,1790000,8950000
2024-01-08,Mon,0,1TV,18:00-21:00,뉴스,메인뉴스 9,전체가구,6.56,868,7,9250000,56538118
2024-01-08,Mon,0,2TV,18:00-21:00,뉴스,메인뉴스 9,전체가구,3.7,488,8,5790000,46320000
2024-01-08,Mon,0,1TV,21:00-24:00,드라마,월화수목 드라마,30-40대,5.0,604,8,7500000,60000000
2024-01-08,Mon,0,2TV,21:00-24:00,드라마,월화수목 드라마,30-40대,2.79,370,7,4740000,33180000
2024-01-09,Tue,0,1TV,06:00-09:00,뉴스,굿모닝 코리아,전체가구,2.84,272,5,3120000,15600000
2024-01-09,Tue,0,2TV,06:00-09:00,뉴스,굿모닝 코리아,전체가구,1.55,197,6,1930000,11580000
2024-01-09,Tue,0,1TV,09:00-12:00,시사교양,정보가 산다,40대 이상,1.8,186,7,2200000,15400000
2024-01-09,Tue,0,2TV,09:00-12:00,시사교양,정보가 산다,40대 이상,1.01,107,7,1390000,9730000
2024-01-09,Tue,0,1TV,12:00-15:00,드라마,오후의 드라마(재방),30-40대,2.02,249,6,2510000,15060000
2024-01-09,Tue,0,2TV,12:00-15:00,드라마,오후의 드라마(재방),30-40대,1.18,125,6,1600000,9600000
2024-01-09,Tue,0,1TV,15:00-18:00,생활정보,생활의 발견,30-40대,2.27,272,4,2830000,11320000
2024-01-09,Tue,0,2TV,15:00-18:00,생활정보,생활의 발견,30-40대,1.34,132,5,1800000,9000000
2024-01-09,Tue,0,1TV,18:00-21:00,뉴스,메인뉴스 9,전체가구,6.33,717,7,9150000,64050000
2024-01-09,Tue,0,2TV,18:00-21:00,뉴스,메인뉴스 9,전체가구,4.42,533,7,6000000,42000000
2024-01-09,Tue,0,1TV,21:00-24:00,드라마,월화수목 드라마,30-40대,4.69,529,6,7360000,44160000
2024-01-09,Tue,0,2TV,21:00-24:00,드라마,월화수목 드라마,30-40대,2.97,378,8,4790000,38320000
2024-01-10,Wed,0,1TV,06:00-09:00,뉴스,굿모닝 코리아,전체가구,2.46,262,5,2990000,14950000
2024-01-10,Wed,0,2TV,06:00-09:00,뉴스,굿모닝 코리아,전체가구,1.77,244,7,1980000,13860000
2024-01-10,Wed,0,1TV,09:00-12:00,시사교양,정보가 산다,40대 이상,1.57,174,7,2120000,14840000
2024-01-10,Wed,0,2TV,09:00-12:00,시사교양,정보가 산다,40대 이상,1.03,141,5,1400000,7000000
2024-01-10,Wed,0,1TV,12:00-15:00,드라마,오후의 드라마(재방),30-40대,1.83,168,4,2440000,9448386
2024-01-10,Wed,0,2TV,12:00-15:00,드라마,오후의 드라마(재방),30-40대,1.34,169,5,1630000,8150000
2024-01-10,Wed,0,1TV,15:00-18:00,생활정보,생활의 발견,30-40대,2.28,209,6,2830000,16980000
2024-01-10,Wed,0,2TV,15:00-18:00,생활정보,생활의 발견,30-40대,1.39,124,6,1810000,10209657
2024-01-10,Wed,0,1TV,18:00-21:00,뉴스,메인뉴스 9,전체가구,6.46,558,8,9210000,73680000
2024-01-10,Wed,0,2TV,18:00-21:00,뉴스,메인뉴스 9,전체가구,4.26,519,8,5960000,47680000
2024-01-10,Wed,0,1TV,21:00-24:00,드라마,월화수목 드라마,30-40대,4.61,603,7,7320000,51240000
2024-01-10,Wed,0,2TV,21:00-24:00,드라마,월화수목 드라마,30-40대,3.22,360,8,4870000,38960000
2024-01-11,Thu,0,1TV,06:00-09:00,뉴스,굿모닝 코리아,전체가구,2.83,378,7,3120000,21840000
2024-01-11,Thu,0,2TV,06:00-09:00,뉴스,굿모닝 코리아,전체가구,1.82,192,7,2000000,14000000
2024-01-11,Thu,0,1TV,09:00-12:00,시사교양,정보가 산다,40대 이상,1.61,212,6,2130000,12780000
2024-01-11,Thu,0,2TV,09:00-12:00,시사교양,정보가 산다,40대 이상,1.08,128,7,1410000,9870000
2024-01-11,Thu,0,1TV,12:00-15:00,드라마,오후의 드라마(재방),30-40대,1.84,196,6,2440000,14640000
2024-01-11,Thu,0,2TV,12:00-15:00,드라마,오후의 드라마(재방),30-40대,1.21,120,6,1600000,9600000
2024-01-11,Thu,0,1TV,15:00-18:00,생활정보,생활의 발견,30-40대,1.96,202,4,2710000,10840000
2024-01-11,Thu,0,2TV,15:00-18:00,생활정보,생활의 발견,30-40대,1.24,130,6,1770000,10620000
2024-01-11,Thu,0,1TV,18:00-21:00,뉴스,메인뉴스 9,전체가구,5.19,675,8,8640000,69120000
2024-01-11,Thu,0,2TV,18:00-21:00,뉴스,메인뉴스 9,전체가구,4.0,487,9,5880000,52920000
2024-01-11,Thu,0,1TV,21:00-24:00,드라마,월화수목 드라마,30-40대,4.24,429,7,7160000,50120000
2024-01-11,Thu,0,2TV,21:00-24:00,드라마,월화수목 드라마,30-40대,3.69,388,8,5000000,40000000
2024-01-12,Fri,0,1TV,06:00-09:00,뉴스,굿모닝 코리아,전체가구,2.71,363,6,3080000,18480000
2024-01-12,Fri,0,2TV,06:00-09:00,뉴스,굿모닝 코리아,전체가구,1.59,130,6,1940000,11640000
2024-01-12,Fri,0,1TV,09:00-12:00,시사교양,정보가 산다,40대 이상,1.95,241,6,2260000,13560000
2024-01-12,Fri,0,2TV,09:00-12:00,시사교양,정보가 산다,40대 이상,1.34,150,6,1470000,8820000
2024-01-12,Fri,0,1TV,12:00-15:00,드라마,오후의 드라마(재방),30-40대,2.09,178,5,2530000,12650000
2024-01-12,Fri,0,2TV,12:00-15:00,드라마,오후의 드라마(재방),30-40대,1.29,107,5,1620000,8100000
2024-01-12,Fri,0,1TV,15:00-18:00,생활정보,생활의 발견,30-40대,2.16,217,5,2780000,13900000
2024-01-12,Fri,0,2TV,15:00-18:00,생활정보,생활의 발견,30-40대,1.62,171,4,1870000,7480000
2024-01-12,Fri,0,1TV,18:00-21:00,뉴스,메인뉴스 9,전체가구,6.42,534,8,9190000,73520000
2024-01-12,Fri,0,2TV,18:00-21:00,뉴스,메인뉴스 9,전체가구,3.4,467,7,5700000,39900000
2024-01-12,Fri,0,1TV,21:00-24:00,드라마,월화수목 드라마,30-40대,5.65,520,6,7790000,46740000
2024-01-12,Fri,0,2TV,21:00-24:00,드라마,월화수목 드라마,30-40대,3.0,325,6,4800000,28800000
2024-01-13,Sat,1,1TV,06:00-09:00,뉴스,주말 아침뉴스,전체가구,2.28,278,6,2920000,17520000
2024-01-13,Sat,1,2TV,06:00-09:00,뉴스,주말 아침뉴스,전체가구,1.68,210,5,1960000,9800000
2024-01-13,Sat,1,1TV,09:00-12:00,다큐멘터리,세상 이야기,40대 이상,1.61,159,7,2130000,13231654
2024-01-13,Sat,1,2TV,09:00-12:00,다큐멘터리,세상 이야기,40대 이상,1.23,169,6,1440000,8640000
2024-01-13,Sat,1,1TV,12:00-15:00,스포츠,주말 스포츠 중계,전체가구,1.81,209,6,2430000,14580000
2024-01-13,Sat,1,2TV,12:00-15:00,스포츠,주말 스포츠 중계,전체가구,1.38,135,6,1640000,9840000
2024-01-13,Sat,1,1TV,15:00-18:00,예능,주말 예능 스페셜,20-30대,1.94,270,4,2700000,10800000
2024-01-13,Sat,1,2TV,15:00-18:00,예능,주말 예능 스페셜,20-30대,1.4,143,6,1810000,10860000
2024-01-13,Sat,1,1TV,18:00-21:00,예능,주말 버라이어티,20-30대,5.1,537,8,8600000,68800000
2024-01-13,Sat,1,2TV,18:00-21:00,예능,주말 버라이어티,20-30대,4.44,525,8,6010000,48080000
2024-01-13,Sat,1,1TV,21:00-24:00,영화,주말 특선영화,20-30대,4.88,605,8,7450000,59600000
2024-01-13,Sat,1,2TV,21:00-24:00,영화,주말 특선영화,20-30대,3.55,399,7,4960000,34720000
2024-01-14,Sun,1,1TV,06:00-09:00,뉴스,주말 아침뉴스,전체가구,2.73,315,6,3080000,18480000
2024-01-14,Sun,1,2TV,06:00-09:00,뉴스,주말 아침뉴스,전체가구,1.79,153,6,1990000,11940000
2024-01-14,Sun,1,1TV,09:00-12:00,다큐멘터리,세상 이야기,40대 이상,1.77,206,6,2190000,13140000
2024-01-14,Sun,1,2TV,09:00-12:00,다큐멘터리,세상 이야기,40대 이상,1.17,116,6,1430000,8580000
2024-01-14,Sun,1,1TV,12:00-15:00,스포츠,주말 스포츠 중계,전체가구,2.17,218,6,2560000,15360000
2024-01-14,Sun,1,2TV,12:00-15:00,스포츠,주말 스포츠 중계,전체가구,1.21,98,4,1600000,6400000
2024-01-14,Sun,1,1TV,15:00-18:00,예능,주말 예능 스페셜,20-30대,2.33,255,4,2850000,11400000
2024-01-14,Sun,1,2TV,15:00-18:00,예능,주말 예능 스페셜,20-30대,1.49,163,4,1830000,7320000
2024-01-14,Sun,1,1TV,18:00-21:00,예능,주말 버라이어티,20-30대,5.47,665,8,8760000,70080000
2024-01-14,Sun,1,2TV,18:00-21:00,예능,주말 버라이어티,20-30대,3.75,425,8,5810000,46480000
2024-01-14,Sun,1,1TV,21:00-24:00,영화,주말 특선영화,20-30대,5.34,533,8,7650000,61200000
2024-01-14,Sun,1,2TV,21:00-24:00,영화,주말 특선영화,20-30대,3.06,287,8,4820000,38560000
2024-01-15,Mon,0,1TV,06:00-09:00,뉴스,굿모닝 코리아,전체가구,2.2,247,7,2890000,20230000
2024-01-15,Mon,0,2TV,06:00-09:00,뉴스,굿모닝 코리아,전체가구,1.49,162,7,1920000,13440000
2024-01-15,Mon,0,1TV,09:00-12:00,시사교양,정보가 산다,40대 이상,1.93,224,5,2250000,11250000
2024-01-15,Mon,0,2TV,09:00-12:00,시사교양,정보가 산다,40대 이상,1.1,112,6,1410000,7733254
2024-01-15,Mon,0,1TV,12:00-15:00,드라마,오후의 드라마(재방),30-40대,1.85,256,6,2440000,14640000
2024-01-15,Mon,0,2TV,12:00-15:00,드라마,오후의 드라마(재방),30-40대,1.47,174,5,1670000,8350000
2024-01-15,Mon,0,1TV,15:00-18:00,생활정보,생활의 발견,30-40대,1.87,182,5,2670000,13350000
2024-01-15,Mon,0,2TV,15:00-18:00,생활정보,생활의 발견,30-40대,1.29,107,5,1790000,8950000
2024-01-15,Mon,0,1TV,18:00-21:00,뉴스,메인뉴스 9,전체가구,5.19,568,9,8640000,77760000
2024-01-15,Mon,0,2TV,18:00-21:00,뉴스,메인뉴스 9,전체가구,3.38,301,9,5700000,51300000
2024-01-15,Mon,0,1TV,21:00-24:00,드라마,월화수목 드라마,30-40대,4.35,413,8,7210000,57680000
2024-01-15,Mon,0,2TV,21:00-24:00,드라마,월화수목 드라마,30-40대,3.35,427,6,4900000,29400000
2024-01-16,Tue,0,1TV,06:00-09:00,뉴스,굿모닝 코리아,전체가구,2.4,323,6,2960000,17760000
2024-01-16,Tue,0,2TV,06:00-09:00,뉴스,굿모닝 코리아,전체가구,1.86,183,7,2000000,14000000
2024-01-16,Tue,0,1TV,09:00-12:00,시사교양,정보가 산다,40대 이상,2.04,175,5,2290000,11450000
2024-01-16,Tue,0,2TV,09:00-12:00,시사교양,정보가 산다,40대 이상,1.09,93,5,1410000,7050000
2024-01-16,Tue,0,1TV,12:00-15:00,드라마,오후의 드라마(재방),30-40대,1.73,139,5,2400000,12000000
2024-01-16,Tue,0,2TV,12:00-15:00,드라마,오후의 드라마(재방),30-40대,1.29,106,5,1620000,8100000
2024-01-16,Tue,0,1TV,15:00-18:00,생활정보,생활의 발견,30-40대,2.32,249,6,2850000,17100000
2024-01-16,Tue,0,2TV,15:00-18:00,생활정보,생활의 발견,30-40대,1.33,170,6,1800000,10800000
2024-01-16,Tue,0,1TV,18:00-21:00,뉴스,메인뉴스 9,전체가구,6.74,711,9,9330000,83970000
2024-01-16,Tue,0,2TV,18:00-21:00,뉴스,메인뉴스 9,전체가구,3.49,335,7,5730000,40110000
2024-01-16,Tue,0,1TV,21:00-24:00,드라마,월화수목 드라마,30-40대,4.47,440,8,7260000,58080000
2024-01-16,Tue,0,2TV,21:00-24:00,드라마,월화수목 드라마,30-40대,3.66,389,7,4990000,34930000
2024-01-17,Wed,0,1TV,06:00-09:00,뉴스,굿모닝 코리아,전체가구,2.63,359,7,3050000,21350000
2024-01-17,Wed,0,2TV,06:00-09:00,뉴스,굿모닝 코리아,전체가구,1.59,184,6,1940000,11640000
2024-01-17,Wed,0,1TV,09:00-12:00,시사교양,정보가 산다,40대 이상,1.84,150,5,2210000,11050000
2024-01-17,Wed,0,2TV,09:00-12:00,시사교양,정보가 산다,40대 이상,1.29,148,5,1460000,7300000
2024-01-17,Wed,0,1TV,12:00-15:00,드라마,오후의 드라마(재방),30-40대,2.09,201,4,2530000,10120000
2024-01-17,Wed,0,2TV,12:00-15:00,드라마,오후의 드라마(재방),30-40대,1.17,130,5,1590000,7950000
2024-01-17,Wed,0,1TV,15:00-18:00,생활정보,생활의 발견,30-40대,1.98,228,6,2720000,16320000
2024-01-17,Wed,0,2TV,15:00-18:00,생활정보,생활의 발견,30-40대,1.63,176,5,1870000,9350000
2024-01-17,Wed,0,1TV,18:00-21:00,뉴스,메인뉴스 9,전체가구,6.26,823,8,9120000,72960000
2024-01-17,Wed,0,2TV,18:00-21:00,뉴스,메인뉴스 9,전체가구,3.89,466,8,5850000,46800000
2024-01-17,Wed,0,1TV,21:00-24:00,드라마,월화수목 드라마,30-40대,5.04,541,7,7520000,52640000
2024-01-17,Wed,0,2TV,21:00-24:00,드라마,월화수목 드라마,30-40대,2.88,364,8,4770000,38160000
2024-01-18,Thu,0,1TV,06:00-09:00,뉴스,굿모닝 코리아,전체가구,2.11,279,6,2860000,17160000
2024-01-18,Thu,0,2TV,06:00-09:00,뉴스,굿모닝 코리아,전체가구,1.47,150,6,1910000,11460000
2024-01-18,Thu,0,1TV,09:00-12:00,시사교양,정보가 산다,40대 이상,1.93,178,7,2250000,15750000
2024-01-18,Thu,0,2TV,09:00-12:00,시사교양,정보가 산다,40대 이상,1.1,146,6,1410000,8460000
2024-01-18,Thu,0,1TV,12:00-15:00,드라마,오후의 드라마(재방),30-40대,2.27,265,4,2600000,10400000
2024-01-18,Thu,0,2TV,12:00-15:00,드라마,오후의 드라마(재방),30-40대,1.23,99,5,1610000,8050000
2024-01-18,Thu,0,1TV,15:00-18:00,생활정보,생활의 발견,30-40대,2.51,338,5,2920000,14600000
2024-01-18,Thu,0,2TV,15:00-18:00,생활정보,생활의 발견,30-40대,1.49,133,6,1830000,10980000
2024-01-18,Thu,0,1TV,18:00-21:00,뉴스,메인뉴스 9,전체가구,6.33,664,8,9150000,73200000
2024-01-18,Thu,0,2TV,18:00-21:00,뉴스,메인뉴스 9,전체가구,3.6,407,8,5760000,46080000
2024-01-18,Thu,0,1TV,21:00-24:00,드라마,월화수목 드라마,30-40대,5.11,638,6,7550000,45300000
2024-01-18,Thu,0,2TV,21:00-24:00,드라마,월화수목 드라마,30-40대,3.03,386,7,4810000,33670000
2024-01-19,Fri,0,1TV,06:00-09:00,뉴스,굿모닝 코리아,전체가구,2.7,259,5,3070000,15350000
2024-01-19,Fri,0,2TV,06:00-09:00,뉴스,굿모닝 코리아,전체가구,1.53,176,7,1930000,13510000
2024-01-19,Fri,0,1TV,09:00-12:00,시사교양,정보가 산다,40대 이상,1.6,180,6,2130000,12780000
2024-01-19,Fri,0,2TV,09:00-12:00,시사교양,정보가 산다,40대 이상,1.26,129,6,1450000,8700000
2024-01-19,Fri,0,1TV,12:00-15:00,드라마,오후의 드라마(재방),30-40대,2.27,214,5,2600000,13000000
2024-01-19,Fri,0,2TV,12:00-15:00,드라마,오후의 드라마(재방),30-40대,1.41,116,6,1650000,9900000
2024-01-19,Fri,0,1TV,15:00-18:00,생활정보,생활의 발견,30-40대,2.45,252,6,2900000,17400000
2024-01-19,Fri,0,2TV,15:00-18:00,생활정보,생활의 발견,30-40대,1.5,134,4,1840000,7360000
2024-01-19,Fri,0,1TV,18:00-21:00,뉴스,메인뉴스 9,전체가구,6.79,678,7,9360000,65520000
2024-01-19,Fri,0,2TV,18:00-21:00,뉴스,메인뉴스 9,전체가구,3.83,427,8,5830000,40450809
2024-01-19,Fri,0,1TV,21:00-24:00,드라마,월화수목 드라마,30-40대,5.52,763,6,7730000,46380000
2024-01-19,Fri,0,2TV,21:00-24:00,드라마,월화수목 드라마,30-40대,3.71,372,8,5010000,40080000
2024-01-20,Sat,1,1TV,06:00-09:00,뉴스,주말 아침뉴스,전체가구,2.17,216,7,2880000,20160000
2024-01-20,Sat,1,2TV,06:00-09:00,뉴스,주말 아침뉴스,전체가구,1.57,155,7,1940000,13580000
2024-01-20,Sat,1,1TV,09:00-12:00,다큐멘터리,세상 이야기,40대 이상,1.78,200,7,2190000,15330000
2024-01-20,Sat,1,2TV,09:00-12:00,다큐멘터리,세상 이야기,40대 이상,1.22,165,5,1440000,7200000
2024-01-20,Sat,1,1TV,12:00-15:00,스포츠,주말 스포츠 중계,전체가구,1.95,168,6,2480000,14880000
2024-01-20,Sat,1,2TV,12:00-15:00,스포츠,주말 스포츠 중계,전체가구,1.14,103,5,1590000,7950000
2024-01-20,Sat,1,1TV,15:00-18:00,예능,주말 예능 스페셜,20-30대,1.89,241,5,2680000,13400000
2024-01-20,Sat,1,2TV,15:00-18:00,예능,주말 예능 스페셜,20-30대,1.4,133,5,1810000,9050000
2024-01-20,Sat,1,1TV,18:00-21:00,예능,주말 버라이어티,20-30대,6.48,584,7,9220000,64540000
2024-01-20,Sat,1,2TV,18:00-21:00,예능,주말 버라이어티,20-30대,3.76,455,8,5810000,46480000
2024-01-20,Sat,1,1TV,21:00-24:00,영화,주말 특선영화,20-30대,4.43,477,7,7240000,50680000
2024-01-20,Sat,1,2TV,21:00-24:00,영화,주말 특선영화,20-30대,3.41,457,7,4920000,34440000
2024-01-21,Sun,1,1TV,06:00-09:00,뉴스,주말 아침뉴스,전체가구,2.61,234,6,3040000,18240000
2024-01-21,Sun,1,2TV,06:00-09:00,뉴스,주말 아침뉴스,전체가구,1.86,182,6,2000000,12000000
2024-01-21,Sun,1,1TV,09:00-12:00,다큐멘터리,세상 이야기,40대 이상,1.76,173,6,2190000,13140000
2024-01-21,Sun,1,2TV,09:00-12:00,다큐멘터리,세상 이야기,40대 이상,1.03,106,6,1400000,8400000
2024-01-21,Sun,1,1TV,12:00-15:00,스포츠,주말 스포츠 중계,전체가구,2.28,223,6,2600000,15600000
2024-01-21,Sun,1,2TV,12:00-15:00,스포츠,주말 스포츠 중계,전체가구,1.11,146,6,1580000,9480000
2024-01-21,Sun,1,1TV,15:00-18:00,예능,주말 예능 스페셜,20-30대,2.45,306,5,2900000,14500000
2024-01-21,Sun,1,2TV,15:00-18:00,예능,주말 예능 스페셜,20-30대,1.31,168,4,1790000,7160000
2024-01-21,Sun,1,1TV,18:00-21:00,예능,주말 버라이어티,20-30대,6.17,745,9,9080000,81720000
2024-01-21,Sun,1,2TV,18:00-21:00,예능,주말 버라이어티,20-30대,4.11,363,7,5910000,41370000
2024-01-21,Sun,1,1TV,21:00-24:00,영화,주말 특선영화,20-30대,5.18,510,7,7580000,47424144
2024-01-21,Sun,1,2TV,21:00-24:00,영화,주말 특선영화,20-30대,2.89,389,7,4770000,33390000
2024-01-22,Mon,0,1TV,06:00-09:00,뉴스,굿모닝 코리아,전체가구,2.24,197,7,2910000,20370000
2024-01-22,Mon,0,2TV,06:00-09:00,뉴스,굿모닝 코리아,전체가구,1.56,172,6,1930000,11580000
2024-01-22,Mon,0,1TV,09:00-12:00,시사교양,정보가 산다,40대 이상,1.65,214,6,2140000,12840000
2024-01-22,Mon,0,2TV,09:00-12:00,시사교양,정보가 산다,40대 이상,1.1,145,5,1410000,7050000
2024-01-22,Mon,0,1TV,12:00-15:00,드라마,오후의 드라마(재방),30-40대,1.73,217,4,2400000,9600000
2024-01-22,Mon,0,2TV,12:00-15:00,드라마,오후의 드라마(재방),30-40대,1.39,193,6,1650000,9900000
2024-01-22,Mon,0,1TV,15:00-18:00,생활정보,생활의 발견,30-40대,2.37,192,6,2860000,17160000
2024-01-22,Mon,0,2TV,15:00-18:00,생활정보,생활의 발견,30-40대,1.37,171,5,1810000,9050000
2024-01-22,Mon,0,1TV,18:00-21:00,뉴스,메인뉴스 9,전체가구,6.52,889,7,9230000,64610000
2024-01-22,Mon,0,2TV,18:00-21:00,뉴스,메인뉴스 9,전체가구,3.87,453,9,5840000,52560000
2024-01-22,Mon,0,1TV,21:00-24:00,드라마,월화수목 드라마,30-40대,5.12,609,8,7550000,60400000
2024-01-22,Mon,0,2TV,21:00-24:00,드라마,월화수목 드라마,30-40대,3.65,358,7,4990000,34930000
2024-01-23,Tue,0,1TV,06:00-09:00,뉴스,굿모닝 코리아,전체가구,2.14,176,6,2870000,17220000
2024-01-23,Tue,0,2TV,06:00-09:00,뉴스,굿모닝 코리아,전체가구,1.5,168,6,1920000,11520000
2024-01-23,Tue,0,1TV,09:00-12:00,시사교양,정보가 산다,40대 이상,1.87,233,7,2230000,15610000
2024-01-23,Tue,0,2TV,09:00-12:00,시사교양,정보가 산다,40대 이상,1.26,112,6,1450000,8700000
2024-01-23,Tue,0,1TV,12:00-15:00,드라마,오후의 드라마(재방),30-40대,2.18,255,5,2570000,11493857
2024-01-23,Tue,0,2TV,12:00-15:00,드라마,오후의 드라마(재방),30-40대,1.28,175,5,1620000,8100000
2024-01-23,Tue,0,1TV,15:00-18:00,생활정보,생활의 발견,30-40대,2.3,259,6,2840000,17040000
2024-01-23,Tue,0,2TV,15:00-18:00,생활정보,생활의 발견,30-40대,1.39,127,4,1810000,7240000
2024-01-23,Tue,0,1TV,18:00-21:00,뉴스,메인뉴스 9,전체가구,6.52,557,7,9230000,64610000
2024-01-23,Tue,0,2TV,18:00-21:00,뉴스,메인뉴스 9,전체가구,4.01,326,8,5880000,47040000
2024-01-23,Tue,0,1TV,21:00-24:00,드라마,월화수목 드라마,30-40대,4.4,501,6,7230000,43380000
2024-01-23,Tue,0,2TV,21:00-24:00,드라마,월화수목 드라마,30-40대,3.3,380,6,4890000,29340000
2024-01-24,Wed,0,1TV,06:00-09:00,뉴스,굿모닝 코리아,전체가구,2.21,296,5,2900000,14500000
2024-01-24,Wed,0,2TV,06:00-09:00,뉴스,굿모닝 코리아,전체가구,1.86,259,7,2000000,14000000
2024-01-24,Wed,0,1TV,09:00-12:00,시사교양,정보가 산다,40대 이상,1.61,193,5,2130000,10650000
2024-01-24,Wed,0,2TV,09:00-12:00,시사교양,정보가 산다,40대 이상,1.12,143,7,1420000,9940000
2024-01-24,Wed,0,1TV,12:00-15:00,드라마,오후의 드라마(재방),30-40대,1.79,149,6,2420000,14520000
2024-01-24,Wed,0,2TV,12:00-15:00,드라마,오후의 드라마(재방),30-40대,1.15,96,5,1590000,7950000
2024-01-24,Wed,0,1TV,15:00-18:00,생활정보,생활의 발견,30-40대,2.19,190,6,2800000,16800000
2024-01-24,Wed,0,2TV,15:00-18:00,생활정보,생활의 발견,30-40대,1.48,183,6,1830000,10980000
2024-01-24,Wed,0,1TV,18:00-21:00,뉴스,메인뉴스 9,전체가구,5.87,809,7,8940000,62580000
2024-01-24,Wed,0,2TV,18:00-21:00,뉴스,메인뉴스 9,전체가구,4.31,455,7,5970000,41790000
2024-01-24,Wed,0,1TV,21:00-24:00,드라마,월화수목 드라마,30-40대,5.56,469,6,7750000,46500000
2024-01-24,Wed,0,2TV,21:00-24:00,드라마,월화수목 드라마,30-40대,2.91,255,8,4780000,38240000
2024-01-25,Thu,0,1TV,06:00-09:00,뉴스,굿모닝 코리아,전체가구,2.51,250,7,3000000,21000000
2024-01-25,Thu,0,2TV,06:00-09:00,뉴스,굿모닝 코리아,전체가구,1.6,186,5,1940000,9700000
2024-01-25,Thu,0,1TV,09:00-12:00,시사교양,정보가 산다,40대 이상,1.58,188,7,2120000,14840000
2024-01-25,Thu,0,2TV,09:00-12:00,시사교양,정보가 산다,40대 이상,1.07,115,5,1410000,7050000
2024-01-25,Thu,0,1TV,12:00-15:00,드라마,오후의 드라마(재방),30-40대,2.17,226,6,2560000,15360000
2024-01-25,Thu,0,2TV,12:00-15:00,드라마,오후의 드라마(재방),30-40대,1.27,152,5,1620000,8100000
2024-01-25,Thu,0,1TV,15:00-18:00,생활정보,생활의 발견,30-40대,2.3,249,4,2840000,11360000
2024-01-25,Thu,0,2TV,15:00-18:00,생활정보,생활의 발견,30-40대,1.26,108,6,1780000,10680000
2024-01-25,Thu,0,1TV,18:00-21:00,뉴스,메인뉴스 9,전체가구,5.28,441,9,8680000,78120000
2024-01-25,Thu,0,2TV,18:00-21:00,뉴스,메인뉴스 9,전체가구,4.1,429,9,5910000,53190000
2024-01-25,Thu,0,1TV,21:00-24:00,드라마,월화수목 드라마,30-40대,4.84,653,6,7430000,44580000
2024-01-25,Thu,0,2TV,21:00-24:00,드라마,월화수목 드라마,30-40대,3.35,339,8,4900000,39200000
2024-01-26,Fri,0,1TV,06:00-09:00,뉴스,굿모닝 코리아,전체가구,2.22,242,5,2900000,14500000
2024-01-26,Fri,0,2TV,06:00-09:00,뉴스,굿모닝 코리아,전체가구,1.65,143,6,1960000,11760000
2024-01-26,Fri,0,1TV,09:00-12:00,시사교양,정보가 산다,40대 이상,1.95,255,7,2260000,15820000
2024-01-26,Fri,0,2TV,09:00-12:00,시사교양,정보가 산다,40대 이상,1.22,100,7,1440000,10080000
2024-01-26,Fri,0,1TV,12:00-15:00,드라마,오후의 드라마(재방),30-40대,1.84,167,6,2440000,14640000
2024-01-26,Fri,0,2TV,12:00-15:00,드라마,오후의 드라마(재방),30-40대,1.46,148,4,1660000,6640000
2024-01-26,Fri,0,1TV,15:00-18:00,생활정보,생활의 발견,30-40대,2.22,231,4,2810000,11240000
2024-01-26,Fri,0,2TV,15:00-18:00,생활정보,생활의 발견,30-40대,1.63,139,6,1870000,11220000
2024-01-26,Fri,0,1TV,18:00-21:00,뉴스,메인뉴스 9,전체가구,5.8,583,8,8910000,71280000
2024-01-26,Fri,0,2TV,18:00-21:00,뉴스,메인뉴스 9,전체가구,3.69,504,9,5790000,52110000
2024-01-26,Fri,0,1TV,21:00-24:00,드라마,월화수목 드라마,30-40대,4.28,383,8,7180000,49386325
2024-01-26,Fri,0,2TV,21:00-24:00,드라마,월화수목 드라마,30-40대,3.19,336,8,4860000,38880000
2024-01-27,Sat,1,1TV,06:00-09:00,뉴스,주말 아침뉴스,전체가구,2.3,288,5,2930000,14650000
2024-01-27,Sat,1,2TV,06:00-09:00,뉴스,주말 아침뉴스,전체가구,1.44,174,7,1910000,13370000
2024-01-27,Sat,1,1TV,09:00-12:00,다큐멘터리,세상 이야기,40대 이상,1.87,155,6,2230000,13380000
2024-01-27,Sat,1,2TV,09:00-12:00,다큐멘터리,세상 이야기,40대 이상,1.01,93,5,1390000,6950000
2024-01-27,Sat,1,1TV,12:00-15:00,스포츠,주말 스포츠 중계,전체가구,2.14,208,4,2550000,9584345
2024-01-27,Sat,1,2TV,12:00-15:00,스포츠,주말 스포츠 중계,전체가구,1.17,120,6,1590000,9540000
2024-01-27,Sat,1,1TV,15:00-18:00,예능,주말 예능 스페셜,20-30대,2.21,265,5,2800000,14000000
2024-01-27,Sat,1,2TV,15:00-18:00,예능,주말 예능 스페셜,20-30대,1.59,131,4,1860000,7440000
2024-01-27,Sat,1,1TV,18:00-21:00,예능,주말 버라이어티,20-30대,5.18,512,8,8630000,69040000
2024-01-27,Sat,1,2TV,18:00-21:00,예능,주말 버라이어티,20-30대,4.15,436,7,5920000,41440000
2024-01-27,Sat,1,1TV,21:00-24:00,영화,주말 특선영화,20-30대,5.64,509,8,7790000,62320000
2024-01-27,Sat,1,2TV,21:00-24:00,영화,주말 특선영화,20-30대,3.43,349,7,4930000,34510000
2024-01-28,Sun,1,1TV,06:00-09:00,뉴스,주말 아침뉴스,전체가구,2.28,263,7,2920000,20440000
2024-01-28,Sun,1,2TV,06:00-09:00,뉴스,주말 아침뉴스,전체가구,1.81,226,5,1990000,9950000
2024-01-28,Sun,1,1TV,09:00-12:00,다큐멘터리,세상 이야기,40대 이상,1.6,177,5,2130000,10650000
2024-01-28,Sun,1,2TV,09:00-12:00,다큐멘터리,세상 이야기,40대 이상,1.06,134,6,1400000,8400000
2024-01-28,Sun,1,1TV,12:00-15:00,스포츠,주말 스포츠 중계,전체가구,2.17,280,4,2560000,10240000
2024-01-28,Sun,1,2TV,12:00-15:00,스포츠,주말 스포츠 중계,전체가구,1.2,108,4,1600000,6400000
2024-01-28,Sun,1,1TV,15:00-18:00,예능,주말 예능 스페셜,20-30대,2.28,207,6,2830000,16980000
2024-01-28,Sun,1,2TV,15:00-18:00,예능,주말 예능 스페셜,20-30대,1.54,193,5,1850000,9250000
2024-01-28,Sun,1,1TV,18:00-21:00,예능,주말 버라이어티,20-30대,6.61,784,9,9270000,83430000
2024-01-28,Sun,1,2TV,18:00-21:00,예능,주말 버라이어티,20-30대,4.45,440,8,6010000,48080000
2024-01-28,Sun,1,1TV,21:00-24:00,영화,주말 특선영화,20-30대,4.86,477,7,7440000,52080000
2024-01-28,Sun,1,2TV,21:00-24:00,영화,주말 특선영화,20-30대,3.11,263,7,4830000,33810000
2024-01-29,Mon,0,1TV,06:00-09:00,뉴스,굿모닝 코리아,전체가구,2.14,278,5,2870000,14350000
2024-01-29,Mon,0,2TV,06:00-09:00,뉴스,굿모닝 코리아,전체가구,1.86,159,7,2000000,14000000
2024-01-29,Mon,0,1TV,09:00-12:00,시사교양,정보가 산다,40대 이상,1.76,199,7,2190000,15330000
2024-01-29,Mon,0,2TV,09:00-12:00,시사교양,정보가 산다,40대 이상,1.15,148,7,1430000,10010000
2024-01-29,Mon,0,1TV,12:00-15:00,드라마,오후의 드라마(재방),30-40대,2.04,225,4,2520000,10080000
2024-01-29,Mon,0,2TV,12:00-15:00,드라마,오후의 드라마(재방),30-40대,1.42,185,6,1650000,9900000
2024-01-29,Mon,0,1TV,15:00-18:00,생활정보,생활의 발견,30-40대,2.27,187,6,2830000,16980000
2024-01-29,Mon,0,2TV,15:00-18:00,생활정보,생활의 발견,30-40대,1.4,156,4,1810000,7240000
2024-01-29,Mon,0,1TV,18:00-21:00,뉴스,메인뉴스 9,전체가구,6.67,689,8,9300000,74400000
2024-01-29,Mon,0,2TV,18:00-21:00,뉴스,메인뉴스 9,전체가구,3.38,398,8,5700000,45600000
2024-01-29,Mon,0,1TV,21:00-24:00,드라마,월화수목 드라마,30-40대,4.34,524,7,7200000,50400000
2024-01-29,Mon,0,2TV,21:00-24:00,드라마,월화수목 드라마,30-40대,3.59,495,8,4970000,39760000
2024-01-30,Tue,0,1TV,06:00-09:00,뉴스,굿모닝 코리아,전체가구,2.35,270,5,2950000,14750000
2024-01-30,Tue,0,2TV,06:00-09:00,뉴스,굿모닝 코리아,전체가구,1.53,183,7,1930000,13510000
2024-01-30,Tue,0,1TV,09:00-12:00,시사교양,정보가 산다,40대 이상,1.83,249,6,2210000,13260000
2024-01-30,Tue,0,2TV,09:00-12:00,시사교양,정보가 산다,40대 이상,1.22,122,5,1440000,7200000
2024-01-30,Tue,0,1TV,12:00-15:00,드라마,오후의 드라마(재방),30-40대,2.17,270,6,2560000,15360000
2024-01-30,Tue,0,2TV,12:00-15:00,드라마,오후의 드라마(재방),30-40대,1.14,137,6,1590000,9540000
2024-01-30,Tue,0,1TV,15:00-18:00,생활정보,생활의 발견,30-40대,2.08,189,4,2750000,11000000
2024-01-30,Tue,0,2TV,15:00-18:00,생활정보,생활의 발견,30-40대,1.54,141,4,1850000,7400000
2024-01-30,Tue,0,1TV,18:00-21:00,뉴스,메인뉴스 9,전체가구,5.57,709,9,8810000,79290000
2024-01-30,Tue,0,2TV,18:00-21:00,뉴스,메인뉴스 9,전체가구,4.29,571,7,5960000,41720000
2024-01-30,Tue,0,1TV,21:00-24:00,드라마,월화수목 드라마,30-40대,5.5,644,8,7720000,61760000
2024-01-30,Tue,0,2TV,21:00-24:00,드라마,월화수목 드라마,30-40대,2.92,379,8,4780000,38240000
2024-01-31,Wed,0,1TV,06:00-09:00,뉴스,굿모닝 코리아,전체가구,2.22,236,6,2900000,17400000
2024-01-31,Wed,0,2TV,06:00-09:00,뉴스,굿모닝 코리아,전체가구,1.73,239,7,1970000,13790000
2024-01-31,Wed,0,1TV,09:00-12:00,시사교양,정보가 산다,40대 이상,1.91,204,7,2240000,15680000
2024-01-31,Wed,0,2TV,09:00-12:00,시사교양,정보가 산다,40대 이상,1.33,169,5,1470000,7350000
2024-01-31,Wed,0,1TV,12:00-15:00,드라마,오후의 드라마(재방),30-40대,2.24,312,5,2590000,12950000
2024-01-31,Wed,0,2TV,12:00-15:00,드라마,오후의 드라마(재방),30-40대,1.41,155,5,1650000,8250000
2024-01-31,Wed,0,1TV,15:00-18:00,생활정보,생활의 발견,30-40대,2.38,305,4,2870000,11480000
2024-01-31,Wed,0,2TV,15:00-18:00,생활정보,생활의 발견,30-40대,1.24,135,5,1770000,8850000
2024-01-31,Wed,0,1TV,18:00-21:00,뉴스,메인뉴스 9,전체가구,5.22,683,7,8650000,60550000
2024-01-31,Wed,0,2TV,18:00-21:00,뉴스,메인뉴스 9,전체가구,4.21,406,9,5940000,53460000
2024-01-31,Wed,0,1TV,21:00-24:00,드라마,월화수목 드라마,30-40대,4.85,663,6,7430000,44580000
2024-01-31,Wed,0,2TV,21:00-24:00,드라마,월화수목 드라마,30-40대,3.63,493,7,4990000,34930000
2024-02-01,Thu,0,1TV,06:00-09:00,뉴스,굿모닝 코리아,전체가구,2.47,233,5,2990000,14950000
2024-02-01,Thu,0,2TV,06:00-09:00,뉴스,굿모닝 코리아,전체가구,1.39,189,7,1900000,13300000
2024-02-01,Thu,0,1TV,09:00-12:00,시사교양,정보가 산다,40대 이상,1.93,170,6,2250000,13500000
2024-02-01,Thu,0,2TV,09:00-12:00,시사교양,정보가 산다,40대 이상,1.16,151,7,1430000,10010000
2024-02-01,Thu,0,1TV,12:00-15:00,드라마,오후의 드라마(재방),30-40대,2.04,274,4,2520000,10080000
2024-02-01,Thu,0,2TV,12:00-15:00,드라마,오후의 드라마(재방),30-40대,1.43,161,6,1660000,9960000
2024-02-01,Thu,0,1TV,15:00-18:00,생활정보,생활의 발견,30-40대,2.12,268,4,2770000,11080000
2024-02-01,Thu,0,2TV,15:00-18:00,생활정보,생활의 발견,30-40대,1.24,130,6,1770000,10620000
2024-02-01,Thu,0,1TV,18:00-21:00,뉴스,메인뉴스 9,전체가구,5.23,702,9,8650000,77850000
2024-02-01,Thu,0,2TV,18:00-21:00,뉴스,메인뉴스 9,전체가구,4.05,464,9,5890000,53010000
2024-02-01,Thu,0,1TV,21:00-24:00,드라마,월화수목 드라마,30-40대,4.83,565,6,7420000,44520000
2024-02-01,Thu,0,2TV,21:00-24:00,드라마,월화수목 드라마,30-40대,2.95,354,8,4790000,38320000
2024-02-02,Fri,0,1TV,06:00-09:00,뉴스,굿모닝 코리아,전체가구,2.15,240,7,2870000,20090000
2024-02-02,Fri,0,2TV,06:00-09:00,뉴스,굿모닝 코리아,전체가구,1.63,132,6,1950000,10488181
2024-02-02,Fri,0,1TV,09:00-12:00,시사교양,정보가 산다,40대 이상,1.71,213,6,2170000,13020000
2024-02-02,Fri,0,2TV,09:00-12:00,시사교양,정보가 산다,40대 이상,1.12,139,7,1420000,9940000
2024-02-02,Fri,0,1TV,12:00-15:00,드라마,오후의 드라마(재방),30-40대,2.02,253,4,2510000,9191837
2024-02-02,Fri,0,2TV,12:00-15:00,드라마,오후의 드라마(재방),30-40대,1.42,129,6,1650000,9900000
2024-02-02,Fri,0,1TV,15:00-18:00,생활정보,생활의 발견,30-40대,2.3,271,4,2840000,11360000
2024-02-02,Fri,0,2TV,15:00-18:00,생활정보,생활의 발견,30-40대,1.55,167,5,1850000,9250000
2024-02-02,Fri,0,1TV,18:00-21:00,뉴스,메인뉴스 9,전체가구,6.44,857,8,9200000,73600000
2024-02-02,Fri,0,2TV,18:00-21:00,뉴스,메인뉴스 9,전체가구,3.92,546,9,5860000,52740000
2024-02-02,Fri,0,1TV,21:00-24:00,드라마,월화수목 드라마,30-40대,4.25,505,7,7160000,50120000
2024-02-02,Fri,0,2TV,21:00-24:00,드라마,월화수목 드라마,30-40대,3.52,464,7,4950000,34650000
2024-02-03,Sat,1,1TV,06:00-09:00,뉴스,주말 아침뉴스,전체가구,2.69,286,6,3070000,18420000
2024-02-03,Sat,1,2TV,06:00-09:00,뉴스,주말 아침뉴스,전체가구,1.82,188,5,2000000,10000000
2024-02-03,Sat,1,1TV,09:00-12:00,다큐멘터리,세상 이야기,40대 이상,1.77,240,7,2190000,15330000
2024-02-03,Sat,1,2TV,09:00-12:00,다큐멘터리,세상 이야기,40대 이상,1.02,108,6,1390000,8340000
2024-02-03,Sat,1,1TV,12:00-15:00,스포츠,주말 스포츠 중계,전체가구,2.16,243,5,2560000,12800000
2024-02-03,Sat,1,2TV,12:00-15:00,스포츠,주말 스포츠 중계,전체가구,1.23,120,5,1610000,8050000
2024-02-03,Sat,1,1TV,15:00-18:00,예능,주말 예능 스페셜,20-30대,2.12,257,5,2770000,13850000
2024-02-03,Sat,1,2TV,15:00-18:00,예능,주말 예능 스페셜,20-30대,1.53,206,6,1840000,11040000
2024-02-03,Sat,1,1TV,18:00-21:00,예능,주말 버라이어티,20-30대,5.52,766,7,8780000,61460000
2024-02-03,Sat,1,2TV,18:00-21:00,예능,주말 버라이어티,20-30대,4.06,413,9,5900000,53100000
2024-02-03,Sat,1,1TV,21:00-24:00,영화,주말 특선영화,20-30대,5.6,496,8,7770000,62160000
2024-02-03,Sat,1,2TV,21:00-24:00,영화,주말 특선영화,20-30대,3.19,279,6,4860000,29160000
2024-02-04,Sun,1,1TV,06:00-09:00,뉴스,주말 아침뉴스,전체가구,2.37,244,7,2950000,17932720
2024-02-04,Sun,1,2TV,06:00-09:00,뉴스,주말 아침뉴스,전체가구,1.6,164,6,1940000,11640000
2024-02-04,Sun,1,1TV,09:00-12:00,다큐멘터리,세상 이야기,40대 이상,1.81,202,6,2200000,13200000
2024-02-04,Sun,1,2TV,09:00-12:00,다큐멘터리,세상 이야기,40대 이상,1.09,150,5,1410000,7050000
2024-02-04,Sun,1,1TV,12:00-15:00,스포츠,주말 스포츠 중계,전체가구,1.97,203,6,2490000,14940000
2024-02-04,Sun,1,2TV,12:00-15:00,스포츠,주말 스포츠 중계,전체가구,1.41,172,4,1650000,6600000
2024-02-04,Sun,1,1TV,15:00-18:00,예능,주말 예능 스페셜,20-30대,2.03,274,5,2740000,13700000
2024-02-04,Sun,1,2TV,15:00-18:00,예능,주말 예능 스페셜,20-30대,1.27,107,4,1780000,7120000
2024-02-04,Sun,1,1TV,18:00-21:00,예능,주말 버라이어티,20-30대,5.82,496,9,8920000,80280000
2024-02-04,Sun,1,2TV,18:00-21:00,예능,주말 버라이어티,20-30대,4.47,537,9,6020000,54180000
2024-02-04,Sun,1,1TV,21:00-24:00,영화,주말 특선영화,20-30대,4.99,666,6,7500000,45000000
2024-02-04,Sun,1,2TV,21:00-24:00,영화,주말 특선영화,20-30대,3.67,434,7,5000000,35000000
2024-02-05,Mon,0,1TV,06:00-09:00,뉴스,굿모닝 코리아,전체가구,2.18,201,5,2880000,14400000
2024-02-05,Mon,0,2TV,06:00-09:00,뉴스,굿모닝 코리아,전체가구,1.62,165,7,1950000,13650000
2024-02-05,Mon,0,1TV,09:00-12:00,시사교양,정보가 산다,40대 이상,1.94,219,7,2250000,15750000
2024-02-05,Mon,0,2TV,09:00-12:00,시사교양,정보가 산다,40대 이상,1.02,106,7,1390000,9730000
2024-02-05,Mon,0,1TV,12:00-15:00,드라마,오후의 드라마(재방),30-40대,1.99,251,6,2500000,15000000
2024-02-05,Mon,0,2TV,12:00-15:00,드라마,오후의 드라마(재방),30-40대,1.48,175,5,1670000,8350000
2024-02-05,Mon,0,1TV,15:00-18:00,생활정보,생활의 발견,30-40대,2.18,191,6,2790000,16740000
2024-02-05,Mon,0,2TV,15:00-18:00,생활정보,생활의 발견,30-40대,1.29,178,5,1790000,8950000
2024-02-05,Mon,0,1TV,18:00-21:00,뉴스,메인뉴스 9,전체가구,6.57,853,9,9260000,83340000
2024-02-05,Mon,0,2TV,18:00-21:00,뉴스,메인뉴스 9,전체가구,3.51,349,9,5740000,51660000
2024-02-05,Mon,0,1TV,21:00-24:00,드라마,월화수목 드라마,30-40대,5.59,621,7,7770000,54390000
2024-02-05,Mon,0,2TV,21:00-24:00,드라마,월화수목 드라마,30-40대,3.01,355,8,4800000,38400000
2024-02-06,Tue,0,1TV,06:00-09:00,뉴스,굿모닝 코리아,전체가구,2.56,299,5,3020000,15100000
2024-02-06,Tue,0,2TV,06:00-09:00,뉴스,굿모닝 코리아,전체가구,1.46,199,5,1910000,9550000
2024-02-06,Tue,0,1TV,09:00-12:00,시사교양,정보가 산다,40대 이상,1.84,247,6,2210000,13260000
2024-02-06,Tue,0,2TV,09:00-12:00,시사교양,정보가 산다,40대 이상,1.19,154,5,1430000,7150000
2024-02-06,Tue,0,1TV,12:00-15:00,드라마,오후의 드라마(재방),30-40대,2.24,283,5,2590000,12950000
2024-02-06,Tue,0,2TV,12:00-15:00,드라마,오후의 드라마(재방),30-40대,1.4,147,6,1650000,9471128
2024-02-06,Tue,0,1TV,15:00-18:00,생활정보,생활의 발견,30-40대,2.2,261,5,2800000,14000000
2024-02-06,Tue,0,2TV,15:00-18:00,생활정보,생활의 발견,30-40대,1.56,189,5,1850000,9250000
2024-02-06,Tue,0,1TV,18:00-21:00,뉴스,메인뉴스 9,전체가구,6.25,559,8,9110000,72880000
2024-02-06,Tue,0,2TV,18:00-21:00,뉴스,메인뉴스 9,전체가구,3.55,413,8,5750000,46000000
2024-02-06,Tue,0,1TV,21:00-24:00,드라마,월화수목 드라마,30-40대,4.66,649,7,7350000,51450000
2024-02-06,Tue,0,2TV,21:00-24:00,드라마,월화수목 드라마,30-40대,2.89,295,8,4770000,38160000
2024-02-07,Wed,0,1TV,06:00-09:00,뉴스,굿모닝 코리아,전체가구,2.27,198,6,2920000,17520000
2024-02-07,Wed,0,2TV,06:00-09:00,뉴스,굿모닝 코리아,전체가구,1.43,139,6,1900000,11400000
2024-02-07,Wed,0,1TV,09:00-12:00,시사교양,정보가 산다,40대 이상,1.73,238,5,2170000,10850000
2024-02-07,Wed,0,2TV,09:00-12:00,시사교양,정보가 산다,40대 이상,1.32,163,5,1470000,7350000
2024-02-07,Wed,0,1TV,12:00-15:00,드라마,오후의 드라마(재방),30-40대,1.97,218,5,2490000,12450000
2024-02-07,Wed,0,2TV,12:00-15:00,드라마,오후의 드라마(재방),30-40대,1.3,111,5,1620000,8100000
2024-02-07,Wed,0,1TV,15:00-18:00,생활정보,생활의 발견,30-40대,2.47,229,5,2900000,12814560
2024-02-07,Wed,0,2TV,15:00-18:00,생활정보,생활의 발견,30-40대,1.47,192,6,1830000,10980000
2024-02-07,Wed,0,1TV,18:00-21:00,뉴스,메인뉴스 9,전체가구,16.0,6476,9,13500000,121500000
2024-02-07,Wed,0,2TV,18:00-21:00,뉴스,메인뉴스 9,전체가구,3.79,313,7,5820000,40740000
2024-02-07,Wed,0,1TV,21:00-24:00,드라마,월화수목 드라마,30-40대,4.47,506,6,7260000,43560000
2024-02-07,Wed,0,2TV,21:00-24:00,드라마,월화수목 드라마,30-40대,3.2,362,8,4860000,38880000
2024-02-08,Thu,0,1TV,06:00-09:00,뉴스,굿모닝 코리아,전체가구,2.18,302,6,2880000,17280000
2024-02-08,Thu,0,2TV,06:00-09:00,뉴스,굿모닝 코리아,전체가구,1.86,211,6,2000000,12000000
2024-02-08,Thu,0,1TV,09:00-12:00,시사교양,정보가 산다,40대 이상,1.61,178,7,2130000,12743125
2024-02-08,Thu,0,2TV,09:00-12:00,시사교양,정보가 산다,40대 이상,1.24,159,7,1450000,10150000
2024-02-08,Thu,0,1TV,12:00-15:00,드라마,오후의 드라마(재방),30-40대,2.03,225,5,2510000,12550000
2024-02-08,Thu,0,2TV,12:00-15:00,드라마,오후의 드라마(재방),30-40대,1.23,127,6,1610000,9660000
2024-02-08,Thu,0,1TV,15:00-18:00,생활정보,생활의 발견,30-40대,2.04,204,6,2740000,16440000
2024-02-08,Thu,0,2TV,15:00-18:00,생활정보,생활의 발견,30-40대,1.52,149,4,1840000,7360000
2024-02-08,Thu,0,1TV,18:00-21:00,뉴스,메인뉴스 9,전체가구,6.21,862,9,9090000,81810000
2024-02-08,Thu,0,2TV,18:00-21:00,뉴스,메인뉴스 9,전체가구,4.37,578,9,5990000,48893719
2024-02-08,Thu,0,1TV,21:00-24:00,드라마,월화수목 드라마,30-40대,5.61,712,8,7770000,62160000
2024-02-08,Thu,0,2TV,21:00-24:00,드라마,월화수목 드라마,30-40대,3.47,399,6,4940000,29640000
2024-02-09,Fri,0,1TV,06:00-09:00,뉴스,굿모닝 코리아,전체가구,2.62,331,6,3040000,18240000
2024-02-09,Fri,0,2TV,06:00-09:00,뉴스,굿모닝 코리아,전체가구,1.71,140,7,1970000,13790000
2024-02-09,Fri,0,1TV,09:00-12:00,시사교양,정보가 산다,40대 이상,1.52,150,5,2100000,10500000
2024-02-09,Fri,0,2TV,09:00-12:00,시사교양,정보가 산다,40대 이상,1.07,118,7,1410000,9870000
2024-02-09,Fri,0,1TV,12:00-15:00,드라마,오후의 드라마(재방),30-40대,2.19,272,4,2570000,10280000
2024-02-09,Fri,0,2TV,12:00-15:00,드라마,오후의 드라마(재방),30-40대,1.31,149,6,1630000,9780000
2024-02-09,Fri,0,1TV,15:00-18:00,생활정보,생활의 발견,30-40대,2.08,286,5,2750000,13750000
2024-02-09,Fri,0,2TV,15:00-18:00,생활정보,생활의 발견,30-40대,1.36,138,6,1800000,10800000
2024-02-09,Fri,0,1TV,18:00-21:00,뉴스,메인뉴스 9,전체가구,6.44,617,8,9200000,73600000
2024-02-09,Fri,0,2TV,18:00-21:00,뉴스,메인뉴스 9,전체가구,3.6,409,7,5760000,40320000
2024-02-09,Fri,0,1TV,21:00-24:00,드라마,월화수목 드라마,30-40대,5.63,711,8,7780000,62240000
2024-02-09,Fri,0,2TV,21:00-24:00,드라마,월화수목 드라마,30-40대,3.45,342,7,4930000,34510000
2024-02-10,Sat,1,1TV,06:00-09:00,뉴스,주말 아침뉴스,전체가구,2.78,343,6,3100000,18600000
2024-02-10,Sat,1,2TV,06:00-09:00,뉴스,주말 아침뉴스,전체가구,1.71,176,6,1970000,11820000
2024-02-10,Sat,1,1TV,09:00-12:00,다큐멘터리,세상 이야기,40대 이상,2.01,258,6,2280000,13196243
2024-02-10,Sat,1,2TV,09:00-12:00,다큐멘터리,세상 이야기,40대 이상,1.02,138,7,1390000,9730000
2024-02-10,Sat,1,1TV,12:00-15:00,스포츠,주말 스포츠 중계,전체가구,1.95,180,6,2480000,14880000
2024-02-10,Sat,1,2TV,12:00-15:00,스포츠,주말 스포츠 중계,전체가구,1.32,127,4,1630000,6520000
2024-02-10,Sat,1,1TV,15:00-18:00,예능,주말 예능 스페셜,20-30대,2.22,210,6,2810000,16860000
2024-02-10,Sat,1,2TV,15:00-18:00,예능,주말 예능 스페셜,20-30대,1.31,123,4,1790000,7160000
2024-02-10,Sat,1,1TV,18:00-21:00,예능,주말 버라이어티,20-30대,6.29,541,7,9130000,58544264
2024-02-10,Sat,1,2TV,18:00-21:00,예능,주말 버라이어티,20-30대,4.4,459,8,6000000,48000000
2024-02-10,Sat,1,1TV,21:00-24:00,영화,주말 특선영화,20-30대,4.47,616,7,7260000,50820000
2024-02-10,Sat,1,2TV,21:00-24:00,영화,주말 특선영화,20-30대,2.82,356,8,4750000,38000000
2024-02-11,Sun,1,1TV,06:00-09:00,뉴스,주말 아침뉴스,전체가구,2.48,306,5,2990000,14950000
2024-02-11,Sun,1,2TV,06:00-09:00,뉴스,주말 아침뉴스,전체가구,1.47,195,5,1910000,9550000
2024-02-11,Sun,1,1TV,09:00-12:00,다큐멘터리,세상 이야기,40대 이상,1.52,198,6,2100000,12600000
2024-02-11,Sun,1,2TV,09:00-12:00,다큐멘터리,세상 이야기,40대 이상,1.26,167,6,1450000,8700000
2024-02-11,Sun,1,1TV,12:00-15:00,스포츠,주말 스포츠 중계,전체가구,1.68,192,4,2380000,9520000
2024-02-11,Sun,1,2TV,12:00-15:00,스포츠,주말 스포츠 중계,전체가구,1.24,133,6,1610000,9660000
2024-02-11,Sun,1,1TV,15:00-18:00,예능,주말 예능 스페셜,20-30대,2.16,294,6,2780000,16680000
2024-02-11,Sun,1,2TV,15:00-18:00,예능,주말 예능 스페셜,20-30대,1.3,113,4,1790000,7160000
2024-02-11,Sun,1,1TV,18:00-21:00,예능,주말 버라이어티,20-30대,6.16,758,7,9070000,63490000
2024-02-11,Sun,1,2TV,18:00-21:00,예능,주말 버라이어티,20-30대,4.24,484,7,5950000,41650000
2024-02-11,Sun,1,1TV,21:00-24:00,영화,주말 특선영화,20-30대,5.44,728,7,7700000,53900000
2024-02-11,Sun,1,2TV,21:00-24:00,영화,주말 특선영화,20-30대,2.85,342,6,4760000,28560000
2024-02-12,Mon,0,1TV,06:00-09:00,뉴스,굿모닝 코리아,전체가구,2.44,332,5,2980000,14900000
2024-02-12,Mon,0,2TV,06:00-09:00,뉴스,굿모닝 코리아,전체가구,1.5,188,6,1920000,11520000
2024-02-12,Mon,0,1TV,09:00-12:00,시사교양,정보가 산다,40대 이상,1.89,152,7,2230000,15610000
2024-02-12,Mon,0,2TV,09:00-12:00,시사교양,정보가 산다,40대 이상,1.08,130,6,1410000,8460000
2024-02-12,Mon,0,1TV,12:00-15:00,드라마,오후의 드라마(재방),30-40대,1.91,210,6,2470000,14820000
2024-02-12,Mon,0,2TV,12:00-15:00,드라마,오후의 드라마(재방),30-40대,1.37,162,5,1640000,8200000
2024-02-12,Mon,0,1TV,15:00-18:00,생활정보,생활의 발견,30-40대,1.98,272,5,2720000,13600000
2024-02-12,Mon,0,2TV,15:00-18:00,생활정보,생활의 발견,30-40대,1.54,179,5,1850000,9250000
2024-02-12,Mon,0,1TV,18:00-21:00,뉴스,메인뉴스 9,전체가구,6.63,832,9,9280000,83520000
2024-02-12,Mon,0,2TV,18:00-21:00,뉴스,메인뉴스 9,전체가구,4.21,509,9,5940000,53460000
2024-02-12,Mon,0,1TV,21:00-24:00,드라마,월화수목 드라마,30-40대,4.3,459,8,7180000,57440000
2024-02-12,Mon,0,2TV,21:00-24:00,드라마,월화수목 드라마,30-40대,3.66,317,8,4990000,39920000
2024-02-13,Tue,0,1TV,06:00-09:00,뉴스,굿모닝 코리아,전체가구,2.24,251,5,2910000,14550000
2024-02-13,Tue,0,2TV,06:00-09:00,뉴스,굿모닝 코리아,전체가구,1.63,142,5,1950000,9750000
2024-02-13,Tue,0,1TV,09:00-12:00,시사교양,정보가 산다,40대 이상,1.76,236,6,2190000,13140000
2024-02-13,Tue,0,2TV,09:00-12:00,시사교양,정보가 산다,40대 이상,1.15,127,6,1430000,8580000
2024-02-13,Tue,0,1TV,12:00-15:00,드라마,오후의 드라마(재방),30-40대,2.0,241,5,2500000,12500000
2024-02-13,Tue,0,2TV,12:00-15:00,드라마,오후의 드라마(재방),30-40대,1.26,163,6,1620000,9720000
2024-02-13,Tue,0,1TV,15:00-18:00,생활정보,생활의 발견,30-40대,1.88,198,6,2680000,16080000
2024-02-13,Tue,0,2TV,15:00-18:00,생활정보,생활의 발견,30-40대,1.64,223,4,1870000,7480000
2024-02-13,Tue,0,1TV,18:00-21:00,뉴스,메인뉴스 9,전체가구,5.84,568,7,8930000,62510000
2024-02-13,Tue,0,2TV,18:00-21:00,뉴스,메인뉴스 9,전체가구,4.21,584,9,5940000,53460000
2024-02-13,Tue,0,1TV,21:00-24:00,드라마,월화수목 드라마,30-40대,4.73,631,7,7380000,51660000
2024-02-13,Tue,0,2TV,21:00-24:00,드라마,월화수목 드라마,30-40대,3.65,374,8,4990000,39920000
2024-02-14,Wed,0,1TV,06:00-09:00,뉴스,굿모닝 코리아,전체가구,2.73,240,6,3080000,18480000
2024-02-14,Wed,0,2TV,06:00-09:00,뉴스,굿모닝 코리아,전체가구,1.87,194,5,2010000,10050000
2024-02-14,Wed,0,1TV,09:00-12:00,시사교양,정보가 산다,40대 이상,1.62,130,5,2130000,10650000
2024-02-14,Wed,0,2TV,09:00-12:00,시사교양,정보가 산다,40대 이상,1.16,143,6,1430000,8580000
2024-02-14,Wed,0,1TV,12:00-15:00,드라마,오후의 드라마(재방),30-40대,2.15,204,5,2560000,12800000
2024-02-14,Wed,0,2TV,12:00-15:00,드라마,오후의 드라마(재방),30-40대,1.18,156,4,1600000,5947032
2024-02-14,Wed,0,1TV,15:00-18:00,생활정보,생활의 발견,30-40대,2.23,304,4,2810000,11240000
2024-02-14,Wed,0,2TV,15:00-18:00,생활정보,생활의 발견,30-40대,1.24,143,5,1770000,8850000
2024-02-14,Wed,0,1TV,18:00-21:00,뉴스,메인뉴스 9,전체가구,6.25,518,9,9110000,74010367
2024-02-14,Wed,0,2TV,18:00-21:00,뉴스,메인뉴스 9,전체가구,3.95,495,7,5860000,41020000
2024-02-14,Wed,0,1TV,21:00-24:00,드라마,월화수목 드라마,30-40대,5.64,530,8,7790000,62320000
2024-02-14,Wed,0,2TV,21:00-24:00,드라마,월화수목 드라마,30-40대,3.33,421,7,4900000,34300000
2024-02-15,Thu,0,1TV,06:00-09:00,뉴스,굿모닝 코리아,전체가구,2.73,380,7,3080000,21560000
2024-02-15,Thu,0,2TV,06:00-09:00,뉴스,굿모닝 코리아,전체가구,1.53,128,7,1930000,13510000
2024-02-15,Thu,0,1TV,09:00-12:00,시사교양,정보가 산다,40대 이상,1.98,233,6,2270000,13620000
2024-02-15,Thu,0,2TV,09:00-12:00,시사교양,정보가 산다,40대 이상,1.01,102,7,1390000,9730000
2024-02-15,Thu,0,1TV,12:00-15:00,드라마,오후의 드라마(재방),30-40대,2.13,211,5,2550000,12750000
2024-02-15,Thu,0,2TV,12:00-15:00,드라마,오후의 드라마(재방),30-40대,1.22,111,6,1610000,9660000
2024-02-15,Thu,0,1TV,15:00-18:00,생활정보,생활의 발견,30-40대,2.39,234,6,2870000,17220000
2024-02-15,Thu,0,2TV,15:00-18:00,생활정보,생활의 발견,30-40대,1.41,118,5,1820000,9100000
2024-02-15,Thu,0,1TV,18:00-21:00,뉴스,메인뉴스 9,전체가구,5.99,527,7,9000000,63000000
2024-02-15,Thu,0,2TV,18:00-21:00,뉴스,메인뉴스 9,전체가구,3.7,314,8,5790000,46320000
2024-02-15,Thu,0,1TV,21:00-24:00,드라마,월화수목 드라마,30-40대,4.31,532,6,7190000,43140000
2024-02-15,Thu,0,2TV,21:00-24:00,드라마,월화수목 드라마,30-40대,3.13,364,6,4840000,29040000
2024-02-16,Fri,0,1TV,06:00-09:00,뉴스,굿모닝 코리아,전체가구,2.22,279,7,2900000,20300000
2024-02-16,Fri,0,2TV,06:00-09:00,뉴스,굿모닝 코리아,전체가구,1.49,138,6,1920000,11520000
2024-02-16,Fri,0,1TV,09:00-12:00,시사교양,정보가 산다,40대 이상,1.98,184,5,2270000,11350000
2024-02-16,Fri,0,2TV,09:00-12:00,시사교양,정보가 산다,40대 이상,1.04,146,6,1400000,8400000
2024-02-16,Fri,0,1TV,12:00-15:00,드라마,오후의 드라마(재방),30-40대,2.08,254,5,2530000,12650000
2024-02-16,Fri,0,2TV,12:00-15:00,드라마,오후의 드라마(재방),30-40대,1.32,167,5,1630000,8150000
2024-02-16,Fri,0,1TV,15:00-18:00,생활정보,생활의 발견,30-40대,2.25,222,5,2820000,14100000
2024-02-16,Fri,0,2TV,15:00-18:00,생활정보,생활의 발견,30-40대,1.43,123,6,1820000,10920000
2024-02-16,Fri,0,1TV,18:00-21:00,뉴스,메인뉴스 9,전체가구,6.49,875,8,9220000,73760000
2024-02-16,Fri,0,2TV,18:00-21:00,뉴스,메인뉴스 9,전체가구,3.37,444,9,5690000,51210000
2024-02-16,Fri,0,1TV,21:00-24:00,드라마,월화수목 드라마,30-40대,4.55,619,8,7300000,58400000
2024-02-16,Fri,0,2TV,21:00-24:00,드라마,월화수목 드라마,30-40대,3.05,280,6,4820000,28920000
2024-02-17,Sat,1,1TV,06:00-09:00,뉴스,주말 아침뉴스,전체가구,2.7,297,7,3070000,21490000
2024-02-17,Sat,1,2TV,06:00-09:00,뉴스,주말 아침뉴스,전체가구,1.55,195,6,1930000,11580000
2024-02-17,Sat,1,1TV,09:00-12:00,다큐멘터리,세상 이야기,40대 이상,1.84,201,5,2210000,11050000
2024-02-17,Sat,1,2TV,09:00-12:00,다큐멘터리,세상 이야기,40대 이상,1.12,99,7,1420000,9940000
2024-02-17,Sat,1,1TV,12:00-15:00,스포츠,주말 스포츠 중계,전체가구,2.21,249,6,2580000,15480000
2024-02-17,Sat,1,2TV,12:00-15:00,스포츠,주말 스포츠 중계,전체가구,1.31,171,4,1630000,6520000
2024-02-17,Sat,1,1TV,15:00-18:00,예능,주말 예능 스페셜,20-30대,2.27,286,5,2830000,14150000
2024-02-17,Sat,1,2TV,15:00-18:00,예능,주말 예능 스페셜,20-30대,1.49,125,4,1830000,6666236
2024-02-17,Sat,1,1TV,18:00-21:00,예능,주말 버라이어티,20-30대,5.66,663,9,8850000,79650000
2024-02-17,Sat,1,2TV,18:00-21:00,예능,주말 버라이어티,20-30대,4.38,524,7,5990000,38416150
2024-02-17,Sat,1,1TV,21:00-24:00,영화,주말 특선영화,20-30대,4.19,468,7,7140000,49980000
2024-02-17,Sat,1,2TV,21:00-24:00,영화,주말 특선영화,20-30대,3.04,335,8,4810000,38480000
2024-02-18,Sun,1,1TV,06:00-09:00,뉴스,주말 아침뉴스,전체가구,2.68,361,5,3060000,15300000
2024-02-18,Sun,1,2TV,06:00-09:00,뉴스,주말 아침뉴스,전체가구,1.64,155,7,1950000,13650000
2024-02-18,Sun,1,1TV,09:00-12:00,다큐멘터리,세상 이야기,40대 이상,1.93,185,6,2250000,13500000
2024-02-18,Sun,1,2TV,09:00-12:00,다큐멘터리,세상 이야기,40대 이상,1.33,143,5,1470000,7350000
2024-02-18,Sun,1,1TV,12:00-15:00,스포츠,주말 스포츠 중계,전체가구,1.8,218,4,2420000,9680000
2024-02-18,Sun,1,2TV,12:00-15:00,스포츠,주말 스포츠 중계,전체가구,1.44,181,4,1660000,6640000
2024-02-18,Sun,1,1TV,15:00-18:00,예능,주말 예능 스페셜,20-30대,2.08,226,6,2750000,14364339
2024-02-18,Sun,1,2TV,15:00-18:00,예능,주말 예능 스페셜,20-30대,1.43,152,5,1820000,9100000
2024-02-18,Sun,1,1TV,18:00-21:00,예능,주말 버라이어티,20-30대,6.51,558,9,9230000,83070000
2024-02-18,Sun,1,2TV,18:00-21:00,예능,주말 버라이어티,20-30대,3.58,480,9,5760000,51840000
2024-02-18,Sun,1,1TV,21:00-24:00,영화,주말 특선영화,20-30대,4.87,403,6,7440000,44640000
2024-02-18,Sun,1,2TV,21:00-24:00,영화,주말 특선영화,20-30대,3.04,342,8,4810000,36996672
2024-02-19,Mon,0,1TV,06:00-09:00,뉴스,굿모닝 코리아,전체가구,2.31,318,7,2930000,20510000
2024-02-19,Mon,0,2TV,06:00-09:00,뉴스,굿모닝 코리아,전체가구,1.78,230,5,1990000,9950000
2024-02-19,Mon,0,1TV,09:00-12:00,시사교양,정보가 산다,40대 이상,1.8,205,6,2200000,13200000
2024-02-19,Mon,0,2TV,09:00-12:00,시사교양,정보가 산다,40대 이상,1.18,122,7,1430000,10010000
2024-02-19,Mon,0,1TV,12:00-15:00,드라마,오후의 드라마(재방),30-40대,2.25,278,6,2590000,15540000
2024-02-19,Mon,0,2TV,12:00-15:00,드라마,오후의 드라마(재방),30-40대,1.24,106,4,1610000,6440000
2024-02-19,Mon,0,1TV,15:00-18:00,생활정보,생활의 발견,30-40대,2.05,259,6,2740000,16440000
2024-02-19,Mon,0,2TV,15:00-18:00,생활정보,생활의 발견,30-40대,1.55,127,5,1850000,9250000
2024-02-19,Mon,0,1TV,18:00-21:00,뉴스,메인뉴스 9,전체가구,5.79,542,9,8910000,80190000
2024-02-19,Mon,0,2TV,18:00-21:00,뉴스,메인뉴스 9,전체가구,3.82,461,9,5830000,52470000
2024-02-19,Mon,0,1TV,21:00-24:00,드라마,월화수목 드라마,30-40대,5.3,518,6,7640000,45840000
2024-02-19,Mon,0,2TV,21:00-24:00,드라마,월화수목 드라마,30-40대,2.84,253,8,4760000,38080000
2024-02-20,Tue,0,1TV,06:00-09:00,뉴스,굿모닝 코리아,전체가구,2.19,226,6,2890000,17340000
2024-02-20,Tue,0,2TV,06:00-09:00,뉴스,굿모닝 코리아,전체가구,1.38,136,6,1890000,11340000
2024-02-20,Tue,0,1TV,09:00-12:00,시사교양,정보가 산다,40대 이상,1.55,132,6,2110000,12660000
2024-02-20,Tue,0,2TV,09:00-12:00,시사교양,정보가 산다,40대 이상,1.19,124,5,1430000,7150000
2024-02-20,Tue,0,1TV,12:00-15:00,드라마,오후의 드라마(재방),30-40대,1.99,230,5,2500000,12500000
2024-02-20,Tue,0,2TV,12:00-15:00,드라마,오후의 드라마(재방),30-40대,1.11,116,4,1580000,6320000
2024-02-20,Tue,0,1TV,15:00-18:00,생활정보,생활의 발견,30-40대,2.19,306,4,2800000,11200000
2024-02-20,Tue,0,2TV,15:00-18:00,생활정보,생활의 발견,30-40대,1.29,133,4,1790000,7160000
2024-02-20,Tue,0,1TV,18:00-21:00,뉴스,메인뉴스 9,전체가구,5.47,485,7,8760000,61320000
2024-02-20,Tue,0,2TV,18:00-21:00,뉴스,메인뉴스 9,전체가구,3.81,415,7,5820000,40740000
2024-02-20,Tue,0,1TV,21:00-24:00,드라마,월화수목 드라마,30-40대,5.55,684,7,7750000,54250000
2024-02-20,Tue,0,2TV,21:00-24:00,드라마,월화수목 드라마,30-40대,2.95,255,7,4790000,30092606
2024-02-21,Wed,0,1TV,06:00-09:00,뉴스,굿모닝 코리아,전체가구,2.7,278,6,3070000,18420000
2024-02-21,Wed,0,2TV,06:00-09:00,뉴스,굿모닝 코리아,전체가구,1.59,206,7,1940000,13580000
2024-02-21,Wed,0,1TV,09:00-12:00,시사교양,정보가 산다,40대 이상,1.57,156,7,2120000,14840000
2024-02-21,Wed,0,2TV,09:00-12:00,시사교양,정보가 산다,40대 이상,1.1,152,6,1410000,8460000
2024-02-21,Wed,0,1TV,12:00-15:00,드라마,오후의 드라마(재방),30-40대,2.07,227,6,2530000,15180000
2024-02-21,Wed,0,2TV,12:00-15:00,드라마,오후의 드라마(재방),30-40대,1.23,119,5,1610000,8050000
2024-02-21,Wed,0,1TV,15:00-18:00,생활정보,생활의 발견,30-40대,2.43,224,6,2890000,17340000
2024-02-21,Wed,0,2TV,15:00-18:00,생활정보,생활의 발견,30-40대,1.54,126,6,1850000,11100000
2024-02-21,Wed,0,1TV,18:00-21:00,뉴스,메인뉴스 9,전체가구,6.24,663,8,9110000,72880000
2024-02-21,Wed,0,2TV,18:00-21:00,뉴스,메인뉴스 9,전체가구,3.4,445,8,5700000,45600000
2024-02-21,Wed,0,1TV,21:00-24:00,드라마,월화수목 드라마,30-40대,4.37,429,7,7220000,50540000
2024-02-21,Wed,0,2TV,21:00-24:00,드라마,월화수목 드라마,30-40대,3.46,441,6,4940000,29640000
2024-02-22,Thu,0,1TV,06:00-09:00,뉴스,굿모닝 코리아,전체가구,2.52,290,7,3010000,21070000
2024-02-22,Thu,0,2TV,06:00-09:00,뉴스,굿모닝 코리아,전체가구,1.83,222,7,2000000,13526959
2024-02-22,Thu,0,1TV,09:00-12:00,시사교양,정보가 산다,40대 이상,1.87,241,7,2230000,15610000
2024-02-22,Thu,0,2TV,09:00-12:00,시사교양,정보가 산다,40대 이상,1.02,129,7,1390000,9730000
2024-02-22,Thu,0,1TV,12:00-15:00,드라마,오후의 드라마(재방),30-40대,1.76,205,6,2410000,14460000
2024-02-22,Thu,0,2TV,12:00-15:00,드라마,오후의 드라마(재방),30-40대,1.37,142,5,1640000,8200000
2024-02-22,Thu,0,1TV,15:00-18:00,생활정보,생활의 발견,30-40대,2.11,170,5,2770000,13850000
2024-02-22,Thu,0,2TV,15:00-18:00,생활정보,생활의 발견,30-40대,1.54,175,6,1850000,11100000
2024-02-22,Thu,0,1TV,18:00-21:00,뉴스,메인뉴스 9,전체가구,5.78,598,9,8900000,80100000
2024-02-22,Thu,0,2TV,18:00-21:00,뉴스,메인뉴스 9,전체가구,3.9,393,7,5850000,40950000
2024-02-22,Thu,0,1TV,21:00-24:00,드라마,월화수목 드라마,30-40대,4.59,621,6,7320000,43920000
2024-02-22,Thu,0,2TV,21:00-24:00,드라마,월화수목 드라마,30-40대,3.68,326,7,5000000,35000000
2024-02-23,Fri,0,1TV,06:00-09:00,뉴스,굿모닝 코리아,전체가구,2.65,295,6,3050000,18300000
2024-02-23,Fri,0,2TV,06:00-09:00,뉴스,굿모닝 코리아,전체가구,1.59,194,6,1940000,11640000
2024-02-23,Fri,0,1TV,09:00-12:00,시사교양,정보가 산다,40대 이상,1.52,186,5,2100000,10500000
2024-02-23,Fri,0,2TV,09:00-12:00,시사교양,정보가 산다,40대 이상,1.22,147,5,1440000,7200000
2024-02-23,Fri,0,1TV,12:00-15:00,드라마,오후의 드라마(재방),30-40대,2.1,233,6,2540000,15240000
2024-02-23,Fri,0,2TV,12:00-15:00,드라마,오후의 드라마(재방),30-40대,1.32,182,4,1630000,6520000
2024-02-23,Fri,0,1TV,15:00-18:00,생활정보,생활의 발견,30-40대,2.24,204,6,2820000,16920000
2024-02-23,Fri,0,2TV,15:00-18:00,생활정보,생활의 발견,30-40대,1.23,144,4,1770000,7080000
2024-02-23,Fri,0,1TV,18:00-21:00,뉴스,메인뉴스 9,전체가구,5.75,462,7,8890000,62230000
2024-02-23,Fri,0,2TV,18:00-21:00,뉴스,메인뉴스 9,전체가구,4.2,540,7,5940000,41580000
2024-02-23,Fri,0,1TV,21:00-24:00,드라마,월화수목 드라마,30-40대,5.33,598,7,7650000,53550000
2024-02-23,Fri,0,2TV,21:00-24:00,드라마,월화수목 드라마,30-40대,3.21,307,7,4860000,34020000
2024-02-24,Sat,1,1TV,06:00-09:00,뉴스,주말 아침뉴스,전체가구,2.55,295,7,3020000,21140000
2024-02-24,Sat,1,2TV,06:00-09:00,뉴스,주말 아침뉴스,전체가구,1.44,146,6,1910000,11460000
2024-02-24,Sat,1,1TV,09:00-12:00,다큐멘터리,세상 이야기,40대 이상,1.93,236,6,2250000,13500000
2024-02-24,Sat,1,2TV,09:00-12:00,다큐멘터리,세상 이야기,40대 이상,1.2,144,6,1440000,8640000
2024-02-24,Sat,1,1TV,12:00-15:00,스포츠,주말 스포츠 중계,전체가구,1.84,167,6,2440000,14640000
2024-02-24,Sat,1,2TV,12:00-15:00,스포츠,주말 스포츠 중계,전체가구,1.26,146,6,1620000,9720000
2024-02-24,Sat,1,1TV,15:00-18:00,예능,주말 예능 스페셜,20-30대,1.95,230,6,2700000,16200000
2024-02-24,Sat,1,2TV,15:00-18:00,예능,주말 예능 스페셜,20-30대,1.61,146,4,1860000,7440000
2024-02-24,Sat,1,1TV,18:00-21:00,예능,주말 버라이어티,20-30대,5.23,517,8,8650000,69200000
2024-02-24,Sat,1,2TV,18:00-21:00,예능,주말 버라이어티,20-30대,4.33,594,8,5980000,47840000
2024-02-24,Sat,1,1TV,21:00-24:00,영화,주말 특선영화,20-30대,5.35,737,8,7660000,61280000
2024-02-24,Sat,1,2TV,21:00-24:00,영화,주말 특선영화,20-30대,3.16,346,8,4850000,38800000
2024-02-25,Sun,1,1TV,06:00-09:00,뉴스,주말 아침뉴스,전체가구,2.44,207,5,2980000,14900000
2024-02-25,Sun,1,2TV,06:00-09:00,뉴스,주말 아침뉴스,전체가구,1.49,122,5,1920000,9600000
2024-02-25,Sun,1,1TV,09:00-12:00,다큐멘터리,세상 이야기,40대 이상,1.58,170,7,2120000,14840000
2024-02-25,Sun,1,2TV,09:00-12:00,다큐멘터리,세상 이야기,40대 이상,1.17,129,7,1430000,10010000
2024-02-25,Sun,1,1TV,12:00-15:00,스포츠,주말 스포츠 중계,전체가구,2.12,274,5,2540000,12700000
2024-02-25,Sun,1,2TV,12:00-15:00,스포츠,주말 스포츠 중계,전체가구,1.4,176,5,1650000,8250000
2024-02-25,Sun,1,1TV,15:00-18:00,예능,주말 예능 스페셜,20-30대,2.47,213,6,2900000,17400000
2024-02-25,Sun,1,2TV,15:00-18:00,예능,주말 예능 스페셜,20-30대,1.34,188,5,1800000,9000000
2024-02-25,Sun,1,1TV,18:00-21:00,예능,주말 버라이어티,20-30대,6.5,554,7,9220000,64540000
2024-02-25,Sun,1,2TV,18:00-21:00,예능,주말 버라이어티,20-30대,3.59,462,9,5760000,51840000
2024-02-25,Sun,1,1TV,21:00-24:00,영화,주말 특선영화,20-30대,5.42,632,7,7690000,53830000
2024-02-25,Sun,1,2TV,21:00-24:00,영화,주말 특선영화,20-30대,2.9,268,6,4770000,28620000
2024-02-26,Mon,0,1TV,06:00-09:00,뉴스,굿모닝 코리아,전체가구,2.49,279,7,3000000,21000000
2024-02-26,Mon,0,2TV,06:00-09:00,뉴스,굿모닝 코리아,전체가구,1.54,188,6,1930000,11580000
2024-02-26,Mon,0,1TV,09:00-12:00,시사교양,정보가 산다,40대 이상,2.0,222,7,2270000,15890000
2024-02-26,Mon,0,2TV,09:00-12:00,시사교양,정보가 산다,40대 이상,1.04,130,6,1400000,8400000
2024-02-26,Mon,0,1TV,12:00-15:00,드라마,오후의 드라마(재방),30-40대,2.24,296,4,2590000,10360000
2024-02-26,Mon,0,2TV,12:00-15:00,드라마,오후의 드라마(재방),30-40대,1.16,103,5,1590000,7950000
2024-02-26,Mon,0,1TV,15:00-18:00,생활정보,생활의 발견,30-40대,2.32,280,5,2850000,14250000
2024-02-26,Mon,0,2TV,15:00-18:00,생활정보,생활의 발견,30-40대,1.49,175,5,1830000,9150000
2024-02-26,Mon,0,1TV,18:00-21:00,뉴스,메인뉴스 9,전체가구,6.1,810,7,9040000,63280000
2024-02-26,Mon,0,2TV,18:00-21:00,뉴스,메인뉴스 9,전체가구,4.19,510,8,5930000,47440000
2024-02-26,Mon,0,1TV,21:00-24:00,드라마,월화수목 드라마,30-40대,4.87,560,8,7440000,59520000
2024-02-26,Mon,0,2TV,21:00-24:00,드라마,월화수목 드라마,30-40대,3.71,438,8,5010000,40080000
2024-02-27,Tue,0,1TV,06:00-09:00,뉴스,굿모닝 코리아,전체가구,2.12,238,5,2860000,14300000
2024-02-27,Tue,0,2TV,06:00-09:00,뉴스,굿모닝 코리아,전체가구,1.78,195,6,1990000,11940000
2024-02-27,Tue,0,1TV,09:00-12:00,시사교양,정보가 산다,40대 이상,1.67,192,7,2150000,15050000
2024-02-27,Tue,0,2TV,09:00-12:00,시사교양,정보가 산다,40대 이상,1.27,170,5,1450000,6707276
2024-02-27,Tue,0,1TV,12:00-15:00,드라마,오후의 드라마(재방),30-40대,2.15,174,4,2560000,10240000
2024-02-27,Tue,0,2TV,12:00-15:00,드라마,오후의 드라마(재방),30-40대,1.11,153,4,1580000,6320000
2024-02-27,Tue,0,1TV,15:00-18:00,생활정보,생활의 발견,30-40대,2.41,320,5,2880000,14400000
2024-02-27,Tue,0,2TV,15:00-18:00,생활정보,생활의 발견,30-40대,1.62,156,6,1870000,11220000
2024-02-27,Tue,0,1TV,18:00-21:00,뉴스,메인뉴스 9,전체가구,5.13,615,9,8610000,77490000
2024-02-27,Tue,0,2TV,18:00-21:00,뉴스,메인뉴스 9,전체가구,3.78,372,9,5810000,52290000
2024-02-27,Tue,0,1TV,21:00-24:00,드라마,월화수목 드라마,30-40대,4.78,409,6,7400000,40280426
2024-02-27,Tue,0,2TV,21:00-24:00,드라마,월화수목 드라마,30-40대,2.89,270,8,4770000,38160000
2024-02-28,Wed,0,1TV,06:00-09:00,뉴스,굿모닝 코리아,전체가구,2.08,209,5,2850000,14250000
2024-02-28,Wed,0,2TV,06:00-09:00,뉴스,굿모닝 코리아,전체가구,1.59,140,5,1940000,9700000
2024-02-28,Wed,0,1TV,09:00-12:00,시사교양,정보가 산다,40대 이상,1.54,198,5,2100000,10500000
2024-02-28,Wed,0,2TV,09:00-12:00,시사교양,정보가 산다,40대 이상,1.3,115,5,1460000,7300000
2024-02-28,Wed,0,1TV,12:00-15:00,드라마,오후의 드라마(재방),30-40대,2.06,173,6,2520000,14031397
2024-02-28,Wed,0,2TV,12:00-15:00,드라마,오후의 드라마(재방),30-40대,1.28,158,6,1620000,9720000
2024-02-28,Wed,0,1TV,15:00-18:00,생활정보,생활의 발견,30-40대,2.42,283,5,2880000,14400000
2024-02-28,Wed,0,2TV,15:00-18:00,생활정보,생활의 발견,30-40대,1.25,108,4,1780000,7120000
2024-02-28,Wed,0,1TV,18:00-21:00,뉴스,메인뉴스 9,전체가구,5.65,779,8,8840000,70720000
2024-02-28,Wed,0,2TV,18:00-21:00,뉴스,메인뉴스 9,전체가구,3.6,427,7,5760000,40320000
2024-02-28,Wed,0,1TV,21:00-24:00,드라마,월화수목 드라마,30-40대,5.03,586,8,7510000,57175036
2024-02-28,Wed,0,2TV,21:00-24:00,드라마,월화수목 드라마,30-40대,3.62,334,8,4980000,39840000
2024-02-29,Thu,0,1TV,06:00-09:00,뉴스,굿모닝 코리아,전체가구,2.62,256,5,3040000,15200000
2024-02-29,Thu,0,2TV,06:00-09:00,뉴스,굿모닝 코리아,전체가구,1.77,167,6,1980000,11880000
2024-02-29,Thu,0,1TV,09:00-12:00,시사교양,정보가 산다,40대 이상,1.76,204,7,2190000,15330000
2024-02-29,Thu,0,2TV,09:00-12:00,시사교양,정보가 산다,40대 이상,1.0,102,6,1390000,8340000
2024-02-29,Thu,0,1TV,12:00-15:00,드라마,오후의 드라마(재방),30-40대,2.16,246,5,2560000,12800000
2024-02-29,Thu,0,2TV,12:00-15:00,드라마,오후의 드라마(재방),30-40대,1.17,127,4,1590000,5457541
2024-02-29,Thu,0,1TV,15:00-18:00,생활정보,생활의 발견,30-40대,1.99,164,4,2720000,10880000
2024-02-29,Thu,0,2TV,15:00-18:00,생활정보,생활의 발견,30-40대,1.39,135,6,1810000,10860000
2024-02-29,Thu,0,1TV,18:00-21:00,뉴스,메인뉴스 9,전체가구,5.71,697,7,8870000,62090000
2024-02-29,Thu,0,2TV,18:00-21:00,뉴스,메인뉴스 9,전체가구,3.94,351,7,5860000,41020000
2024-02-29,Thu,0,1TV,21:00-24:00,드라마,월화수목 드라마,30-40대,4.9,452,6,7460000,44760000
2024-02-29,Thu,0,2TV,21:00-24:00,드라마,월화수목 드라마,30-40대,3.14,371,8,4840000,38720000
2024-03-01,Fri,0,1TV,06:00-09:00,뉴스,굿모닝 코리아,전체가구,2.12,258,7,2860000,20020000
2024-03-01,Fri,0,2TV,06:00-09:00,뉴스,굿모닝 코리아,전체가구,1.5,142,6,1920000,11520000
2024-03-01,Fri,0,1TV,09:00-12:00,시사교양,정보가 산다,40대 이상,1.81,151,7,2200000,15400000
2024-03-01,Fri,0,2TV,09:00-12:00,시사교양,정보가 산다,40대 이상,1.25,109,7,1450000,10150000
2024-03-01,Fri,0,1TV,12:00-15:00,드라마,오후의 드라마(재방),30-40대,1.66,182,5,2370000,11850000
2024-03-01,Fri,0,2TV,12:00-15:00,드라마,오후의 드라마(재방),30-40대,1.41,174,4,1650000,6600000
2024-03-01,Fri,0,1TV,15:00-18:00,생활정보,생활의 발견,30-40대,2.31,306,6,2840000,17040000
2024-03-01,Fri,0,2TV,15:00-18:00,생활정보,생활의 발견,30-40대,1.55,127,5,1850000,9250000
2024-03-01,Fri,0,1TV,18:00-21:00,뉴스,메인뉴스 9,전체가구,5.09,625,9,8590000,77310000
2024-03-01,Fri,0,2TV,18:00-21:00,뉴스,메인뉴스 9,전체가구,3.9,432,7,5850000,40950000
2024-03-01,Fri,0,1TV,21:00-24:00,드라마,월화수목 드라마,30-40대,4.97,507,7,7490000,52430000
2024-03-01,Fri,0,2TV,21:00-24:00,드라마,월화수목 드라마,30-40대,3.63,437,6,4990000,29940000
2024-03-02,Sat,1,1TV,06:00-09:00,뉴스,주말 아침뉴스,전체가구,2.44,202,5,2980000,14900000
2024-03-02,Sat,1,2TV,06:00-09:00,뉴스,주말 아침뉴스,전체가구,1.61,166,5,1950000,9750000
2024-03-02,Sat,1,1TV,09:00-12:00,다큐멘터리,세상 이야기,40대 이상,2.0,164,7,2270000,15890000
2024-03-02,Sat,1,2TV,09:00-12:00,다큐멘터리,세상 이야기,40대 이상,1.14,113,6,1420000,8520000
2024-03-02,Sat,1,1TV,12:00-15:00,스포츠,주말 스포츠 중계,전체가구,1.84,238,6,2440000,14640000
2024-03-02,Sat,1,2TV,12:00-15:00,스포츠,주말 스포츠 중계,전체가구,1.3,174,4,1620000,6480000
2024-03-02,Sat,1,1TV,15:00-18:00,예능,주말 예능 스페셜,20-30대,2.15,178,5,2780000,13900000
2024-03-02,Sat,1,2TV,15:00-18:00,예능,주말 예능 스페셜,20-30대,1.42,138,5,1820000,9100000
2024-03-02,Sat,1,1TV,18:00-21:00,예능,주말 버라이어티,20-30대,5.94,478,7,8970000,62790000
2024-03-02,Sat,1,2TV,18:00-21:00,예능,주말 버라이어티,20-30대,4.23,526,7,5950000,41650000
2024-03-02,Sat,1,1TV,21:00-24:00,영화,주말 특선영화,20-30대,5.01,549,6,7500000,45000000
2024-03-02,Sat,1,2TV,21:00-24:00,영화,주말 특선영화,20-30대,3.3,422,6,4890000,26382655
2024-03-03,Sun,1,1TV,06:00-09:00,뉴스,주말 아침뉴스,전체가구,2.24,226,7,2910000,20370000
2024-03-03,Sun,1,2TV,06:00-09:00,뉴스,주말 아침뉴스,전체가구,1.84,147,7,2000000,14000000
2024-03-03,Sun,1,1TV,09:00-12:00,다큐멘터리,세상 이야기,40대 이상,1.88,185,5,2230000,11150000
2024-03-03,Sun,1,2TV,09:00-12:00,다큐멘터리,세상 이야기,40대 이상,1.08,118,5,1410000,7050000
2024-03-03,Sun,1,1TV,12:00-15:00,스포츠,주말 스포츠 중계,전체가구,1.74,168,4,2400000,9600000
2024-03-03,Sun,1,2TV,12:00-15:00,스포츠,주말 스포츠 중계,전체가구,1.45,161,6,1660000,9960000
2024-03-03,Sun,1,1TV,15:00-18:00,예능,주말 예능 스페셜,20-30대,2.12,265,6,2770000,16620000
2024-03-03,Sun,1,2TV,15:00-18:00,예능,주말 예능 스페셜,20-30대,1.27,164,4,1780000,7120000
2024-03-03,Sun,1,1TV,18:00-21:00,예능,주말 버라이어티,20-30대,5.08,608,7,8590000,60130000
2024-03-03,Sun,1,2TV,18:00-21:00,예능,주말 버라이어티,20-30대,3.62,358,8,5770000,46160000
2024-03-03,Sun,1,1TV,21:00-24:00,영화,주말 특선영화,20-30대,5.22,517,7,7600000,53200000
2024-03-03,Sun,1,2TV,21:00-24:00,영화,주말 특선영화,20-30대,3.68,324,8,5000000,40000000
2024-03-04,Mon,0,1TV,06:00-09:00,뉴스,굿모닝 코리아,전체가구,2.15,230,6,2870000,17220000
2024-03-04,Mon,0,2TV,06:00-09:00,뉴스,굿모닝 코리아,전체가구,1.64,226,5,1950000,9750000
2024-03-04,Mon,0,1TV,09:00-12:00,시사교양,정보가 산다,40대 이상,1.73,227,5,2170000,10850000
2024-03-04,Mon,0,2TV,09:00-12:00,시사교양,정보가 산다,40대 이상,1.24,161,7,1450000,10150000
2024-03-04,Mon,0,1TV,12:00-15:00,드라마,오후의 드라마(재방),30-40대,1.78,234,4,2420000,9680000
2024-03-04,Mon,0,2TV,12:00-15:00,드라마,오후의 드라마(재방),30-40대,1.2,122,6,1600000,8504264
2024-03-04,Mon,0,1TV,15:00-18:00,생활정보,생활의 발견,30-40대,2.35,213,5,2860000,14300000
2024-03-04,Mon,0,2TV,15:00-18:00,생활정보,생활의 발견,30-40대,1.45,164,4,1820000,7280000
2024-03-04,Mon,0,1TV,18:00-21:00,뉴스,메인뉴스 9,전체가구,6.38,564,7,9170000,64190000
2024-03-04,Mon,0,2TV,18:00-21:00,뉴스,메인뉴스 9,전체가구,4.23,395,7,5950000,41650000
2024-03-04,Mon,0,1TV,21:00-24:00,드라마,월화수목 드라마,30-40대,4.68,551,8,7360000,58880000
2024-03-04,Mon,0,2TV,21:00-24:00,드라마,월화수목 드라마,30-40대,3.33,450,6,4900000,25217457
2024-03-05,Tue,0,1TV,06:00-09:00,뉴스,굿모닝 코리아,전체가구,2.73,291,5,3080000,15400000
2024-03-05,Tue,0,2TV,06:00-09:00,뉴스,굿모닝 코리아,전체가구,1.79,230,5,1990000,9007928
2024-03-05,Tue,0,1TV,09:00-12:00,시사교양,정보가 산다,40대 이상,1.58,181,7,2120000,14840000
2024-03-05,Tue,0,2TV,09:00-12:00,시사교양,정보가 산다,40대 이상,1.0,121,5,1390000,6950000
2024-03-05,Tue,0,1TV,12:00-15:00,드라마,오후의 드라마(재방),30-40대,2.19,211,5,2570000,12850000
2024-03-05,Tue,0,2TV,12:00-15:00,드라마,오후의 드라마(재방),30-40대,1.12,131,4,1580000,6320000
2024-03-05,Tue,0,1TV,15:00-18:00,생활정보,생활의 발견,30-40대,2.14,285,5,2780000,13900000
2024-03-05,Tue,0,2TV,15:00-18:00,생활정보,생활의 발견,30-40대,1.34,118,4,1800000,7200000
2024-03-05,Tue,0,1TV,18:00-21:00,뉴스,메인뉴스 9,전체가구,6.36,604,9,9160000,82440000
2024-03-05,Tue,0,2TV,18:00-21:00,뉴스,메인뉴스 9,전체가구,4.47,567,8,6020000,48160000
2024-03-05,Tue,0,1TV,21:00-24:00,드라마,월화수목 드라마,30-40대,5.28,531,8,7630000,61040000
2024-03-05,Tue,0,2TV,21:00-24:00,드라마,월화수목 드라마,30-40대,3.14,285,7,4840000,33880000
2024-03-06,Wed,0,1TV,06:00-09:00,뉴스,굿모닝 코리아,전체가구,2.09,269,6,2850000,17100000
2024-03-06,Wed,0,2TV,06:00-09:00,뉴스,굿모닝 코리아,전체가구,1.86,208,7,2000000,14000000
2024-03-06,Wed,0,1TV,09:00-12:00,시사교양,정보가 산다,40대 이상,2.0,172,7,2270000,15890000
2024-03-06,Wed,0,2TV,09:00-12:00,시사교양,정보가 산다,40대 이상,1.18,150,7,1430000,10010000
2024-03-06,Wed,0,1TV,12:00-15:00,드라마,오후의 드라마(재방),30-40대,2.24,209,5,2590000,12950000
2024-03-06,Wed,0,2TV,12:00-15:00,드라마,오후의 드라마(재방),30-40대,1.43,187,4,1660000,6640000
2024-03-06,Wed,0,1TV,15:00-18:00,생활정보,생활의 발견,30-40대,2.02,251,5,2730000,13650000
2024-03-06,Wed,0,2TV,15:00-18:00,생활정보,생활의 발견,30-40대,1.23,150,6,1770000,10620000
2024-03-06,Wed,0,1TV,18:00-21:00,뉴스,메인뉴스 9,전체가구,5.95,543,8,8980000,71840000
2024-03-06,Wed,0,2TV,18:00-21:00,뉴스,메인뉴스 9,전체가구,3.52,290,7,5740000,40180000
2024-03-06,Wed,0,1TV,21:00-24:00,드라마,월화수목 드라마,30-40대,4.46,498,6,7260000,43560000
2024-03-06,Wed,0,2TV,21:00-24:00,드라마,월화수목 드라마,30-40대,3.36,431,7,4910000,34370000
2024-03-07,Thu,0,1TV,06:00-09:00,뉴스,굿모닝 코리아,전체가구,2.74,358,6,3090000,18540000
2024-03-07,Thu,0,2TV,06:00-09:00,뉴스,굿모닝 코리아,전체가구,1.45,177,5,1910000,9550000
2024-03-07,Thu,0,1TV,09:00-12:00,시사교양,정보가 산다,40대 이상,1.93,254,5,2250000,11250000
2024-03-07,Thu,0,2TV,09:00-12:00,시사교양,정보가 산다,40대 이상,1.33,138,5,1470000,7350000
2024-03-07,Thu,0,1TV,12:00-15:00,드라마,오후의 드라마(재방),30-40대,1.84,255,6,2440000,14640000
2024-03-07,Thu,0,2TV,12:00-15:00,드라마,오후의 드라마(재방),30-40대,1.41,194,6,1650000,9900000
2024-03-07,Thu,0,1TV,15:00-18:00,생활정보,생활의 발견,30-40대,2.27,258,6,2830000,16980000
2024-03-07,Thu,0,2TV,15:00-18:00,생활정보,생활의 발견,30-40대,1.31,151,4,1790000,7160000
2024-03-07,Thu,0,1TV,18:00-21:00,뉴스,메인뉴스 9,전체가구,6.25,610,7,9110000,63770000
2024-03-07,Thu,0,2TV,18:00-21:00,뉴스,메인뉴스 9,전체가구,4.43,607,8,6010000,48080000
2024-03-07,Thu,0,1TV,21:00-24:00,드라마,월화수목 드라마,30-40대,5.26,600,6,7620000,45720000
2024-03-07,Thu,0,2TV,21:00-24:00,드라마,월화수목 드라마,30-40대,3.66,505,6,4990000,29940000
2024-03-08,Fri,0,1TV,06:00-09:00,뉴스,굿모닝 코리아,전체가구,2.14,235,6,2870000,17220000
2024-03-08,Fri,0,2TV,06:00-09:00,뉴스,굿모닝 코리아,전체가구,1.5,208,5,1920000,9600000
2024-03-08,Fri,0,1TV,09:00-12:00,시사교양,정보가 산다,40대 이상,1.99,257,7,2270000,15890000
2024-03-08,Fri,0,2TV,09:00-12:00,시사교양,정보가 산다,40대 이상,1.31,140,6,1460000,8760000
2024-03-08,Fri,0,1TV,12:00-15:00,드라마,오후의 드라마(재방),30-40대,2.06,208,4,2520000,10080000
2024-03-08,Fri,0,2TV,12:00-15:00,드라마,오후의 드라마(재방),30-40대,1.12,119,5,1580000,7900000
2024-03-08,Fri,0,1TV,15:00-18:00,생활정보,생활의 발견,30-40대,2.39,262,5,2870000,14350000
2024-03-08,Fri,0,2TV,15:00-18:00,생활정보,생활의 발견,30-40대,1.38,179,6,1810000,10860000
2024-03-08,Fri,0,1TV,18:00-21:00,뉴스,메인뉴스 9,전체가구,6.16,553,7,9070000,63490000
2024-03-08,Fri,0,2TV,18:00-21:00,뉴스,메인뉴스 9,전체가구,3.35,272,8,5690000,45520000
2024-03-08,Fri,0,1TV,21:00-24:00,드라마,월화수목 드라마,30-40대,4.24,382,7,7160000,50120000
2024-03-08,Fri,0,2TV,21:00-24:00,드라마,월화수목 드라마,30-40대,2.84,388,6,4760000,28560000
2024-03-09,Sat,1,1TV,06:00-09:00,뉴스,주말 아침뉴스,전체가구,2.78,371,7,3100000,20899120
2024-03-09,Sat,1,2TV,06:00-09:00,뉴스,주말 아침뉴스,전체가구,1.46,195,5,1910000,9550000
2024-03-09,Sat,1,1TV,09:00-12:00,다큐멘터리,세상 이야기,40대 이상,1.66,230,6,2150000,12900000
2024-03-09,Sat,1,2TV,09:00-12:00,다큐멘터리,세상 이야기,40대 이상,1.25,155,6,1450000,8700000
2024-03-09,Sat,1,1TV,12:00-15:00,스포츠,주말 스포츠 중계,전체가구,1.83,157,5,2440000,12200000
2024-03-09,Sat,1,2TV,12:00-15:00,스포츠,주말 스포츠 중계,전체가구,1.43,128,5,1660000,7142278
2024-03-09,Sat,1,1TV,15:00-18:00,예능,주말 예능 스페셜,20-30대,2.35,276,5,2860000,14300000
2024-03-09,Sat,1,2TV,15:00-18:00,예능,주말 예능 스페셜,20-30대,1.23,111,5,1770000,8850000
2024-03-09,Sat,1,1TV,18:00-21:00,예능,주말 버라이어티,20-30대,5.79,503,8,8910000,71280000
2024-03-09,Sat,1,2TV,18:00-21:00,예능,주말 버라이어티,20-30대,4.36,418,9,5980000,53820000
2024-03-09,Sat,1,1TV,21:00-24:00,영화,주말 특선영화,20-30대,4.4,586,7,7230000,50610000
2024-03-09,Sat,1,2TV,21:00-24:00,영화,주말 특선영화,20-30대,2.81,299,7,4750000,33250000
2024-03-10,Sun,1,1TV,06:00-09:00,뉴스,주말 아침뉴스,전체가구,2.26,189,7,2910000,20370000
2024-03-10,Sun,1,2TV,06:00-09:00,뉴스,주말 아침뉴스,전체가구,1.42,143,7,1900000,13300000
2024-03-10,Sun,1,1TV,09:00-12:00,다큐멘터리,세상 이야기,40대 이상,1.88,176,5,2230000,11150000
2024-03-10,Sun,1,2TV,09:00-12:00,다큐멘터리,세상 이야기,40대 이상,1.28,135,7,1460000,10220000
2024-03-10,Sun,1,1TV,12:00-15:00,스포츠,주말 스포츠 중계,전체가구,2.2,252,4,2580000,10320000
2024-03-10,Sun,1,2TV,12:00-15:00,스포츠,주말 스포츠 중계,전체가구,1.14,153,6,1590000,8762933
2024-03-10,Sun,1,1TV,15:00-18:00,예능,주말 예능 스페셜,20-30대,2.15,246,6,2780000,16680000
2024-03-10,Sun,1,2TV,15:00-18:00,예능,주말 예능 스페셜,20-30대,1.62,173,4,1870000,7480000
2024-03-10,Sun,1,1TV,18:00-21:00,예능,주말 버라이어티,20-30대,6.37,558,8,9170000,73360000
2024-03-10,Sun,1,2TV,18:00-21:00,예능,주말 버라이어티,20-30대,4.11,379,9,5910000,53190000
2024-03-10,Sun,1,1TV,21:00-24:00,영화,주말 특선영화,20-30대,5.0,496,8,7500000,60000000
2024-03-10,Sun,1,2TV,21:00-24:00,영화,주말 특선영화,20-30대,2.83,292,7,4750000,33250000
2024-03-11,Mon,0,1TV,06:00-09:00,뉴스,굿모닝 코리아,전체가구,2.69,299,5,3070000,15350000
2024-03-11,Mon,0,2TV,06:00-09:00,뉴스,굿모닝 코리아,전체가구,1.68,187,6,1960000,11760000
2024-03-11,Mon,0,1TV,09:00-12:00,시사교양,정보가 산다,40대 이상,1.56,178,7,2110000,14770000
2024-03-11,Mon,0,2TV,09:00-12:00,시사교양,정보가 산다,40대 이상,1.32,179,7,1470000,10290000
2024-03-11,Mon,0,1TV,12:00-15:00,드라마,오후의 드라마(재방),30-40대,2.11,279,5,2540000,12700000
2024-03-11,Mon,0,2TV,12:00-15:00,드라마,오후의 드라마(재방),30-40대,1.21,144,6,1600000,9600000
2024-03-11,Mon,0,1TV,15:00-18:00,생활정보,생활의 발견,30-40대,1.84,178,4,2660000,10640000
2024-03-11,Mon,0,2TV,15:00-18:00,생활정보,생활의 발견,30-40대,1.51,157,5,1840000,9200000
2024-03-11,Mon,0,1TV,18:00-21:00,뉴스,메인뉴스 9,전체가구,5.53,521,9,8790000,79110000
2024-03-11,Mon,0,2TV,18:00-21:00,뉴스,메인뉴스 9,전체가구,3.63,372,8,5770000,46160000
2024-03-11,Mon,0,1TV,21:00-24:00,드라마,월화수목 드라마,30-40대,4.57,442,7,7310000,51170000
2024-03-11,Mon,0,2TV,21:00-24:00,드라마,월화수목 드라마,30-40대,3.43,475,6,4930000,29580000
2024-03-12,Tue,0,1TV,06:00-09:00,뉴스,굿모닝 코리아,전체가구,2.77,295,6,3100000,18600000
2024-03-12,Tue,0,2TV,06:00-09:00,뉴스,굿모닝 코리아,전체가구,1.58,188,5,1940000,9700000
2024-03-12,Tue,0,1TV,09:00-12:00,시사교양,정보가 산다,40대 이상,1.96,205,6,2260000,13560000
2024-03-12,Tue,0,2TV,09:00-12:00,시사교양,정보가 산다,40대 이상,1.3,168,7,1460000,10220000
2024-03-12,Tue,0,1TV,12:00-15:00,드라마,오후의 드라마(재방),30-40대,1.69,207,5,2380000,11900000
2024-03-12,Tue,0,2TV,12:00-15:00,드라마,오후의 드라마(재방),30-40대,1.44,191,4,1660000,6640000
2024-03-12,Tue,0,1TV,15:00-18:00,생활정보,생활의 발견,30-40대,2.38,219,4,2870000,11480000
2024-03-12,Tue,0,2TV,15:00-18:00,생활정보,생활의 발견,30-40대,1.41,190,6,1820000,10920000
2024-03-12,Tue,0,1TV,18:00-21:00,뉴스,메인뉴스 9,전체가구,5.59,603,8,8820000,70560000
2024-03-12,Tue,0,2TV,18:00-21:00,뉴스,메인뉴스 9,전체가구,3.46,283,8,5720000,45760000
2024-03-12,Tue,0,1TV,21:00-24:00,드라마,월화수목 드라마,30-40대,4.78,658,7,7400000,51800000
2024-03-12,Tue,0,2TV,21:00-24:00,드라마,월화수목 드라마,30-40대,3.1,278,7,4830000,33810000
2024-03-13,Wed,0,1TV,06:00-09:00,뉴스,굿모닝 코리아,전체가구,2.56,249,6,3020000,17258549
2024-03-13,Wed,0,2TV,06:00-09:00,뉴스,굿모닝 코리아,전체가구,1.76,163,5,1980000,9900000
2024-03-13,Wed,0,1TV,09:00-12:00,시사교양,정보가 산다,40대 이상,1.84,177,6,2210000,13260000
2024-03-13,Wed,0,2TV,09:00-12:00,시사교양,정보가 산다,40대 이상,1.3,179,7,1460000,9804883
2024-03-13,Wed,0,1TV,12:00-15:00,드라마,오후의 드라마(재방),30-40대,2.03,236,4,2510000,10040000
2024-03-13,Wed,0,2TV,12:00-15:00,드라마,오후의 드라마(재방),30-40대,1.34,183,6,1630000,9780000
2024-03-13,Wed,0,1TV,15:00-18:00,생활정보,생활의 발견,30-40대,2.23,235,5,2810000,14050000
2024-03-13,Wed,0,2TV,15:00-18:00,생활정보,생활의 발견,30-40대,1.41,131,5,1820000,9100000
2024-03-13,Wed,0,1TV,18:00-21:00,뉴스,메인뉴스 9,전체가구,6.39,663,7,9180000,62327800
2024-03-13,Wed,0,2TV,18:00-21:00,뉴스,메인뉴스 9,전체가구,4.45,580,9,6010000,54090000
2024-03-13,Wed,0,1TV,21:00-24:00,드라마,월화수목 드라마,30-40대,5.01,491,6,7500000,45000000
2024-03-13,Wed,0,2TV,21:00-24:00,드라마,월화수목 드라마,30-40대,3.09,298,7,4830000,33810000
2024-03-14,Thu,0,1TV,06:00-09:00,뉴스,굿모닝 코리아,전체가구,2.25,276,7,2910000,20370000
2024-03-14,Thu,0,2TV,06:00-09:00,뉴스,굿모닝 코리아,전체가구,1.45,183,5,1910000,9550000
2024-03-14,Thu,0,1TV,09:00-12:00,시사교양,정보가 산다,40대 이상,1.9,220,7,2240000,15680000
2024-03-14,Thu,0,2TV,09:00-12:00,시사교양,정보가 산다,40대 이상,1.04,85,6,1400000,8400000
2024-03-14,Thu,0,1TV,12:00-15:00,드라마,오후의 드라마(재방),30-40대,1.8,189,5,2420000,12100000
2024-03-14,Thu,0,2TV,12:00-15:00,드라마,오후의 드라마(재방),30-40대,1.33,186,4,1630000,6520000
2024-03-14,Thu,0,1TV,15:00-18:00,생활정보,생활의 발견,30-40대,2.27,275,6,2830000,16980000
2024-03-14,Thu,0,2TV,15:00-18:00,생활정보,생활의 발견,30-40대,1.6,192,6,1860000,11160000
2024-03-14,Thu,0,1TV,18:00-21:00,뉴스,메인뉴스 9,전체가구,5.24,626,9,8660000,77940000
2024-03-14,Thu,0,2TV,18:00-21:00,뉴스,메인뉴스 9,전체가구,3.43,301,8,5710000,45680000
2024-03-14,Thu,0,1TV,21:00-24:00,드라마,월화수목 드라마,30-40대,4.94,666,8,7470000,59760000
2024-03-14,Thu,0,2TV,21:00-24:00,드라마,월화수목 드라마,30-40대,3.4,317,6,4920000,29520000
2024-03-15,Fri,0,1TV,06:00-09:00,뉴스,굿모닝 코리아,전체가구,2.28,290,6,2920000,17520000
2024-03-15,Fri,0,2TV,06:00-09:00,뉴스,굿모닝 코리아,전체가구,1.67,180,5,1960000,9800000
2024-03-15,Fri,0,1TV,09:00-12:00,시사교양,정보가 산다,40대 이상,1.94,223,7,2250000,15750000
2024-03-15,Fri,0,2TV,09:00-12:00,시사교양,정보가 산다,40대 이상,1.31,144,7,1460000,10220000
2024-03-15,Fri,0,1TV,12:00-15:00,드라마,오후의 드라마(재방),30-40대,1.82,152,4,2430000,9720000
2024-03-15,Fri,0,2TV,12:00-15:00,드라마,오후의 드라마(재방),30-40대,1.18,123,6,1600000,9600000
2024-03-15,Fri,0,1TV,15:00-18:00,생활정보,생활의 발견,30-40대,2.44,216,6,2890000,17340000
2024-03-15,Fri,0,2TV,15:00-18:00,생활정보,생활의 발견,30-40대,1.25,125,4,1780000,7120000
2024-03-15,Fri,0,1TV,18:00-21:00,뉴스,메인뉴스 9,전체가구,5.05,541,7,8570000,59990000
2024-03-15,Fri,0,2TV,18:00-21:00,뉴스,메인뉴스 9,전체가구,3.51,442,8,5740000,45920000
2024-03-15,Fri,0,1TV,21:00-24:00,드라마,월화수목 드라마,30-40대,5.25,461,7,7610000,53270000
2024-03-15,Fri,0,2TV,21:00-24:00,드라마,월화수목 드라마,30-40대,3.16,436,7,4850000,31032130
2024-03-16,Sat,1,1TV,06:00-09:00,뉴스,주말 아침뉴스,전체가구,2.59,355,6,3030000,18180000
2024-03-16,Sat,1,2TV,06:00-09:00,뉴스,주말 아침뉴스,전체가구,1.64,133,5,1950000,9750000
2024-03-16,Sat,1,1TV,09:00-12:00,다큐멘터리,세상 이야기,40대 이상,1.61,196,6,2130000,12780000
2024-03-16,Sat,1,2TV,09:00-12:00,다큐멘터리,세상 이야기,40대 이상,1.03,114,6,1400000,8400000
2024-03-16,Sat,1,1TV,12:00-15:00,스포츠,주말 스포츠 중계,전체가구,2.13,209,5,2550000,12750000
2024-03-16,Sat,1,2TV,12:00-15:00,스포츠,주말 스포츠 중계,전체가구,1.31,146,5,1630000,8150000
2024-03-16,Sat,1,1TV,15:00-18:00,예능,주말 예능 스페셜,20-30대,2.45,246,5,2900000,14500000
2024-03-16,Sat,1,2TV,15:00-18:00,예능,주말 예능 스페셜,20-30대,1.3,178,5,1790000,7848421
2024-03-16,Sat,1,1TV,18:00-21:00,예능,주말 버라이어티,20-30대,6.66,617,7,9300000,65100000
2024-03-16,Sat,1,2TV,18:00-21:00,예능,주말 버라이어티,20-30대,3.51,358,9,5740000,51660000
2024-03-16,Sat,1,1TV,21:00-24:00,영화,주말 특선영화,20-30대,4.66,552,8,7350000,58800000
2024-03-16,Sat,1,2TV,21:00-24:00,영화,주말 특선영화,20-30대,3.34,277,6,4900000,29400000
2024-03-17,Sun,1,1TV,06:00-09:00,뉴스,주말 아침뉴스,전체가구,2.07,251,6,2850000,17100000
2024-03-17,Sun,1,2TV,06:00-09:00,뉴스,주말 아침뉴스,전체가구,1.44,137,7,1910000,13370000
2024-03-17,Sun,1,1TV,09:00-12:00,다큐멘터리,세상 이야기,40대 이상,1.85,218,6,2220000,13320000
2024-03-17,Sun,1,2TV,09:00-12:00,다큐멘터리,세상 이야기,40대 이상,1.03,115,7,1400000,9800000
2024-03-17,Sun,1,1TV,12:00-15:00,스포츠,주말 스포츠 중계,전체가구,1.73,225,4,2400000,9600000
2024-03-17,Sun,1,2TV,12:00-15:00,스포츠,주말 스포츠 중계,전체가구,1.35,131,4,1640000,6560000
2024-03-17,Sun,1,1TV,15:00-18:00,예능,주말 예능 스페셜,20-30대,2.2,279,6,2800000,16800000
2024-03-17,Sun,1,2TV,15:00-18:00,예능,주말 예능 스페셜,20-30대,1.37,143,4,1810000,6585233
2024-03-17,Sun,1,1TV,18:00-21:00,예능,주말 버라이어티,20-30대,5.3,721,8,8680000,69440000
2024-03-17,Sun,1,2TV,18:00-21:00,예능,주말 버라이어티,20-30대,3.33,284,7,5680000,39760000
2024-03-17,Sun,1,1TV,21:00-24:00,영화,주말 특선영화,20-30대,5.09,453,6,7540000,45240000
2024-03-17,Sun,1,2TV,21:00-24:00,영화,주말 특선영화,20-30대,2.84,350,7,4760000,33320000
2024-03-18,Mon,0,1TV,06:00-09:00,뉴스,굿모닝 코리아,전체가구,2.39,331,6,2960000,17760000
2024-03-18,Mon,0,2TV,06:00-09:00,뉴스,굿모닝 코리아,전체가구,1.43,129,5,1900000,9500000
2024-03-18,Mon,0,1TV,09:00-12:00,시사교양,정보가 산다,40대 이상,1.67,201,6,2150000,12900000
2024-03-18,Mon,0,2TV,09:00-12:00,시사교양,정보가 산다,40대 이상,1.03,129,5,1400000,6066251
2024-03-18,Mon,0,1TV,12:00-15:00,드라마,오후의 드라마(재방),30-40대,2.02,201,5,2510000,12550000
2024-03-18,Mon,0,2TV,12:00-15:00,드라마,오후의 드라마(재방),30-40대,1.21,150,5,1600000,8000000
2024-03-18,Mon,0,1TV,15:00-18:00,생활정보,생활의 발견,30-40대,1.93,201,5,2700000,13500000
2024-03-18,Mon,0,2TV,15:00-18:00,생활정보,생활의 발견,30-40대,1.38,181,5,1810000,9050000
2024-03-18,Mon,0,1TV,18:00-21:00,뉴스,메인뉴스 9,전체가구,6.33,549,9,9150000,82350000
2024-03-18,Mon,0,2TV,18:00-21:00,뉴스,메인뉴스 9,전체가구,4.46,583,7,6010000,42070000
2024-03-18,Mon,0,1TV,21:00-24:00,드라마,월화수목 드라마,30-40대,4.97,637,8,7490000,59920000
2024-03-18,Mon,0,2TV,21:00-24:00,드라마,월화수목 드라마,30-40대,3.36,426,8,4910000,36614290
2024-03-19,Tue,0,1TV,06:00-09:00,뉴스,굿모닝 코리아,전체가구,2.67,370,5,3060000,15300000
2024-03-19,Tue,0,2TV,06:00-09:00,뉴스,굿모닝 코리아,전체가구,1.62,216,6,1950000,10312304
2024-03-19,Tue,0,1TV,09:00-12:00,시사교양,정보가 산다,40대 이상,1.65,202,7,2140000,14980000
2024-03-19,Tue,0,2TV,09:00-12:00,시사교양,정보가 산다,40대 이상,1.26,156,5,1450000,7250000
2024-03-19,Tue,0,1TV,12:00-15:00,드라마,오후의 드라마(재방),30-40대,2.03,204,6,2510000,15060000
2024-03-19,Tue,0,2TV,12:00-15:00,드라마,오후의 드라마(재방),30-40대,1.35,143,6,1640000,9840000
2024-03-19,Tue,0,1TV,15:00-18:00,생활정보,생활의 발견,30-40대,2.03,245,5,2740000,13700000
2024-03-19,Tue,0,2TV,15:00-18:00,생활정보,생활의 발견,30-40대,1.57,210,6,1850000,11100000
2024-03-19,Tue,0,1TV,18:00-21:00,뉴스,메인뉴스 9,전체가구,6.06,542,8,9030000,72240000
2024-03-19,Tue,0,2TV,18:00-21:00,뉴스,메인뉴스 9,전체가구,4.33,366,8,5980000,47840000
2024-03-19,Tue,0,1TV,21:00-24:00,드라마,월화수목 드라마,30-40대,4.59,444,8,7320000,58560000
2024-03-19,Tue,0,2TV,21:00-24:00,드라마,월화수목 드라마,30-40대,3.39,353,6,4920000,29520000
2024-03-20,Wed,0,1TV,06:00-09:00,뉴스,굿모닝 코리아,전체가구,2.38,272,5,2960000,14800000
2024-03-20,Wed,0,2TV,06:00-09:00,뉴스,굿모닝 코리아,전체가구,1.6,139,6,1940000,11640000
2024-03-20,Wed,0,1TV,09:00-12:00,시사교양,정보가 산다,40대 이상,1.49,155,5,2090000,10450000
2024-03-20,Wed,0,2TV,09:00-12:00,시사교양,정보가 산다,40대 이상,0.99,85,7,1390000,9730000
2024-03-20,Wed,0,1TV,12:00-15:00,드라마,오후의 드라마(재방),30-40대,2.01,268,6,2500000,15000000
2024-03-20,Wed,0,2TV,12:00-15:00,드라마,오후의 드라마(재방),30-40대,1.37,188,5,1640000,8200000
2024-03-20,Wed,0,1TV,15:00-18:00,생활정보,생활의 발견,30-40대,2.33,304,5,2850000,14250000
2024-03-20,Wed,0,2TV,15:00-18:00,생활정보,생활의 발견,30-40대,1.48,160,6,1830000,10980000
2024-03-20,Wed,0,1TV,18:00-21:00,뉴스,메인뉴스 9,전체가구,5.72,491,9,8870000,79830000
2024-03-20,Wed,0,2TV,18:00-21:00,뉴스,메인뉴스 9,전체가구,3.71,482,8,5790000,46320000
2024-03-20,Wed,0,1TV,21:00-24:00,드라마,월화수목 드라마,30-40대,4.65,402,6,7340000,44040000
2024-03-20,Wed,0,2TV,21:00-24:00,드라마,월화수목 드라마,30-40대,3.56,443,7,4970000,34790000
2024-03-21,Thu,0,1TV,06:00-09:00,뉴스,굿모닝 코리아,전체가구,2.5,228,6,3000000,18000000
2024-03-21,Thu,0,2TV,06:00-09:00,뉴스,굿모닝 코리아,전체가구,1.78,163,6,1990000,11940000
2024-03-21,Thu,0,1TV,09:00-12:00,시사교양,정보가 산다,40대 이상,1.7,231,7,2160000,15120000
2024-03-21,Thu,0,2TV,09:00-12:00,시사교양,정보가 산다,40대 이상,1.27,136,7,1450000,10150000
2024-03-21,Thu,0,1TV,12:00-15:00,드라마,오후의 드라마(재방),30-40대,1.94,267,4,2480000,9920000
2024-03-21,Thu,0,2TV,12:00-15:00,드라마,오후의 드라마(재방),30-40대,1.12,152,6,1580000,9480000
2024-03-21,Thu,0,1TV,15:00-18:00,생활정보,생활의 발견,30-40대,2.13,288,4,2770000,11080000
2024-03-21,Thu,0,2TV,15:00-18:00,생활정보,생활의 발견,30-40대,1.29,166,4,1790000,7160000
2024-03-21,Thu,0,1TV,18:00-21:00,뉴스,메인뉴스 9,전체가구,5.98,795,9,8990000,80910000
2024-03-21,Thu,0,2TV,18:00-21:00,뉴스,메인뉴스 9,전체가구,3.8,443,9,5820000,52380000
2024-03-21,Thu,0,1TV,21:00-24:00,드라마,월화수목 드라마,30-40대,4.51,622,7,7280000,50960000
2024-03-21,Thu,0,2TV,21:00-24:00,드라마,월화수목 드라마,30-40대,2.89,303,8,4770000,38160000
2024-03-22,Fri,0,1TV,06:00-09:00,뉴스,굿모닝 코리아,전체가구,2.43,317,7,2970000,20790000
2024-03-22,Fri,0,2TV,06:00-09:00,뉴스,굿모닝 코리아,전체가구,1.73,236,7,1970000,13790000
2024-03-22,Fri,0,1TV,09:00-12:00,시사교양,정보가 산다,40대 이상,1.59,195,7,2120000,14840000
2024-03-22,Fri,0,2TV,09:00-12:00,시사교양,정보가 산다,40대 이상,1.23,171,7,1440000,10080000
2024-03-22,Fri,0,1TV,12:00-15:00,드라마,오후의 드라마(재방),30-40대,1.75,197,6,2410000,14460000
2024-03-22,Fri,0,2TV,12:00-15:00,드라마,오후의 드라마(재방),30-40대,1.15,116,5,1590000,7950000
2024-03-22,Fri,0,1TV,15:00-18:00,생활정보,생활의 발견,30-40대,2.41,295,6,2880000,17280000
2024-03-22,Fri,0,2TV,15:00-18:00,생활정보,생활의 발견,30-40대,1.58,154,5,1860000,9300000
2024-03-22,Fri,0,1TV,18:00-21:00,뉴스,메인뉴스 9,전체가구,5.84,476,7,8930000,62510000
2024-03-22,Fri,0,2TV,18:00-21:00,뉴스,메인뉴스 9,전체가구,3.38,325,7,5700000,39900000
2024-03-22,Fri,0,1TV,21:00-24:00,드라마,월화수목 드라마,30-40대,5.1,453,6,7540000,45240000
2024-03-22,Fri,0,2TV,21:00-24:00,드라마,월화수목 드라마,30-40대,3.05,382,6,4820000,28920000
2024-03-23,Sat,1,1TV,06:00-09:00,뉴스,주말 아침뉴스,전체가구,2.38,278,7,2960000,20720000
2024-03-23,Sat,1,2TV,06:00-09:00,뉴스,주말 아침뉴스,전체가구,1.8,224,7,1990000,13930000
2024-03-23,Sat,1,1TV,09:00-12:00,다큐멘터리,세상 이야기,40대 이상,1.75,224,7,2180000,15260000
2024-03-23,Sat,1,2TV,09:00-12:00,다큐멘터리,세상 이야기,40대 이상,1.23,167,6,1440000,8640000
2024-03-23,Sat,1,1TV,12:00-15:00,스포츠,주말 스포츠 중계,전체가구,2.1,254,6,2540000,15240000
2024-03-23,Sat,1,2TV,12:00-15:00,스포츠,주말 스포츠 중계,전체가구,1.4,129,5,1650000,8250000
2024-03-23,Sat,1,1TV,15:00-18:00,예능,주말 예능 스페셜,20-30대,2.39,292,6,2870000,17220000
2024-03-23,Sat,1,2TV,15:00-18:00,예능,주말 예능 스페셜,20-30대,1.47,183,4,1830000,7320000
2024-03-23,Sat,1,1TV,18:00-21:00,예능,주말 버라이어티,20-30대,6.61,645,7,9270000,64890000
2024-03-23,Sat,1,2TV,18:00-21:00,예능,주말 버라이어티,20-30대,3.4,468,9,5700000,51300000
2024-03-23,Sat,1,1TV,21:00-24:00,영화,주말 특선영화,20-30대,4.65,492,8,7340000,58720000
2024-03-23,Sat,1,2TV,21:00-24:00,영화,주말 특선영화,20-30대,2.92,382,6,4780000,28680000
2024-03-24,Sun,1,1TV,06:00-09:00,뉴스,주말 아침뉴스,전체가구,2.57,229,5,3030000,15150000
2024-03-24,Sun,1,2TV,06:00-09:00,뉴스,주말 아침뉴스,전체가구,1.67,211,7,1960000,13720000
2024-03-24,Sun,1,1TV,09:00-12:00,다큐멘터리,세상 이야기,40대 이상,1.82,199,7,2210000,15470000
2024-03-24,Sun,1,2TV,09:00-12:00,다큐멘터리,세상 이야기,40대 이상,1.02,125,7,1390000,9730000
2024-03-24,Sun,1,1TV,12:00-15:00,스포츠,주말 스포츠 중계,전체가구,1.75,147,6,2410000,14460000
2024-03-24,Sun,1,2TV,12:00-15:00,스포츠,주말 스포츠 중계,전체가구,1.32,138,5,1630000,8150000
2024-03-24,Sun,1,1TV,15:00-18:00,예능,주말 예능 스페셜,20-30대,1.94,194,5,2700000,13500000
2024-03-24,Sun,1,2TV,15:00-18:00,예능,주말 예능 스페셜,20-30대,1.62,190,5,1870000,9350000
2024-03-24,Sun,1,1TV,18:00-21:00,예능,주말 버라이어티,20-30대,6.36,883,7,9160000,64120000
2024-03-24,Sun,1,2TV,18:00-21:00,예능,주말 버라이어티,20-30대,3.72,351,9,5800000,52200000
2024-03-24,Sun,1,1TV,21:00-24:00,영화,주말 특선영화,20-30대,5.0,688,8,7500000,60000000
2024-03-24,Sun,1,2TV,21:00-24:00,영화,주말 특선영화,20-30대,3.13,400,6,4840000,29040000
2024-03-25,Mon,0,1TV,06:00-09:00,뉴스,굿모닝 코리아,전체가구,2.44,237,7,2980000,20860000
2024-03-25,Mon,0,2TV,06:00-09:00,뉴스,굿모닝 코리아,전체가구,1.56,200,6,1930000,11580000
2024-03-25,Mon,0,1TV,09:00-12:00,시사교양,정보가 산다,40대 이상,1.63,194,6,2140000,12840000
2024-03-25,Mon,0,2TV,09:00-12:00,시사교양,정보가 산다,40대 이상,1.33,120,7,1470000,10290000
2024-03-25,Mon,0,1TV,12:00-15:00,드라마,오후의 드라마(재방),30-40대,2.0,185,6,2500000,15000000
2024-03-25,Mon,0,2TV,12:00-15:00,드라마,오후의 드라마(재방),30-40대,1.44,152,4,1660000,6640000
2024-03-25,Mon,0,1TV,15:00-18:00,생활정보,생활의 발견,30-40대,2.33,309,6,2850000,17100000
2024-03-25,Mon,0,2TV,15:00-18:00,생활정보,생활의 발견,30-40대,1.49,203,6,1830000,10980000
2024-03-25,Mon,0,1TV,18:00-21:00,뉴스,메인뉴스 9,전체가구,4.97,611,7,8540000,59780000
2024-03-25,Mon,0,2TV,18:00-21:00,뉴스,메인뉴스 9,전체가구,3.38,431,9,5700000,51300000
2024-03-25,Mon,0,1TV,21:00-24:00,드라마,월화수목 드라마,30-40대,5.29,712,7,7630000,53410000
2024-03-25,Mon,0,2TV,21:00-24:00,드라마,월화수목 드라마,30-40대,3.38,358,6,4910000,29460000
2024-03-26,Tue,0,1TV,06:00-09:00,뉴스,굿모닝 코리아,전체가구,2.14,172,7,2870000,20090000
2024-03-26,Tue,0,2TV,06:00-09:00,뉴스,굿모닝 코리아,전체가구,1.75,201,7,1980000,13860000
2024-03-26,Tue,0,1TV,09:00-12:00,시사교양,정보가 산다,40대 이상,1.66,183,6,2150000,12900000
2024-03-26,Tue,0,2TV,09:00-12:00,시사교양,정보가 산다,40대 이상,1.1,94,6,1410000,8460000
2024-03-26,Tue,0,1TV,12:00-15:00,드라마,오후의 드라마(재방),30-40대,2.12,174,4,2540000,10160000
2024-03-26,Tue,0,2TV,12:00-15:00,드라마,오후의 드라마(재방),30-40대,1.16,120,6,1590000,9540000
2024-03-26,Tue,0,1TV,15:00-18:00,생활정보,생활의 발견,30-40대,2.21,216,6,2800000,16800000
2024-03-26,Tue,0,2TV,15:00-18:00,생활정보,생활의 발견,30-40대,1.63,131,6,1870000,11220000
2024-03-26,Tue,0,1TV,18:00-21:00,뉴스,메인뉴스 9,전체가구,4.99,571,8,8550000,68400000
2024-03-26,Tue,0,2TV,18:00-21:00,뉴스,메인뉴스 9,전체가구,4.42,434,9,6000000,54000000
2024-03-26,Tue,0,1TV,21:00-24:00,드라마,월화수목 드라마,30-40대,11.18,5673,6,10280000,61680000
2024-03-26,Tue,0,2TV,21:00-24:00,드라마,월화수목 드라마,30-40대,2.98,388,6,4800000,28800000
2024-03-27,Wed,0,1TV,06:00-09:00,뉴스,굿모닝 코리아,전체가구,2.54,290,5,3010000,15050000
2024-03-27,Wed,0,2TV,06:00-09:00,뉴스,굿모닝 코리아,전체가구,1.84,257,6,2000000,12000000
2024-03-27,Wed,0,1TV,09:00-12:00,시사교양,정보가 산다,40대 이상,1.51,182,6,2090000,12540000
2024-03-27,Wed,0,2TV,09:00-12:00,시사교양,정보가 산다,40대 이상,1.25,137,6,1450000,8700000
2024-03-27,Wed,0,1TV,12:00-15:00,드라마,오후의 드라마(재방),30-40대,2.03,191,5,2510000,12550000
2024-03-27,Wed,0,2TV,12:00-15:00,드라마,오후의 드라마(재방),30-40대,1.46,145,5,1660000,8300000
2024-03-27,Wed,0,1TV,15:00-18:00,생활정보,생활의 발견,30-40대,2.22,270,4,2810000,11240000
2024-03-27,Wed,0,2TV,15:00-18:00,생활정보,생활의 발견,30-40대,1.37,136,5,1810000,9050000
2024-03-27,Wed,0,1TV,18:00-21:00,뉴스,메인뉴스 9,전체가구,5.46,694,9,8760000,78840000
2024-03-27,Wed,0,2TV,18:00-21:00,뉴스,메인뉴스 9,전체가구,3.83,499,7,5830000,40810000
2024-03-27,Wed,0,1TV,21:00-24:00,드라마,월화수목 드라마,30-40대,4.58,498,7,7310000,51170000
2024-03-27,Wed,0,2TV,21:00-24:00,드라마,월화수목 드라마,30-40대,3.06,346,6,4820000,28920000
2024-03-28,Thu,0,1TV,06:00-09:00,뉴스,굿모닝 코리아,전체가구,2.11,204,5,2860000,14300000
2024-03-28,Thu,0,2TV,06:00-09:00,뉴스,굿모닝 코리아,전체가구,1.48,184,7,1920000,13440000
2024-03-28,Thu,0,1TV,09:00-12:00,시사교양,정보가 산다,40대 이상,1.51,122,7,2090000,14630000
2024-03-28,Thu,0,2TV,09:00-12:00,시사교양,정보가 산다,40대 이상,1.28,147,7,1460000,10220000
2024-03-28,Thu,0,1TV,12:00-15:00,드라마,오후의 드라마(재방),30-40대,1.66,159,6,2370000,14220000
2024-03-28,Thu,0,2TV,12:00-15:00,드라마,오후의 드라마(재방),30-40대,1.41,144,4,1650000,6600000
2024-03-28,Thu,0,1TV,15:00-18:00,생활정보,생활의 발견,30-40대,2.18,287,4,2790000,11160000
2024-03-28,Thu,0,2TV,15:00-18:00,생활정보,생활의 발견,30-40대,1.43,148,6,1820000,9595029
2024-03-28,Thu,0,1TV,18:00-21:00,뉴스,메인뉴스 9,전체가구,6.59,915,9,9270000,83430000
2024-03-28,Thu,0,2TV,18:00-21:00,뉴스,메인뉴스 9,전체가구,3.92,419,7,5860000,41020000
2024-03-28,Thu,0,1TV,21:00-24:00,드라마,월화수목 드라마,30-40대,4.92,651,6,7460000,44760000
2024-03-28,Thu,0,2TV,21:00-24:00,드라마,월화수목 드라마,30-40대,3.23,328,6,4870000,29220000
2024-03-29,Fri,0,1TV,06:00-09:00,뉴스,굿모닝 코리아,전체가구,2.22,213,5,2900000,12684787
2024-03-29,Fri,0,2TV,06:00-09:00,뉴스,굿모닝 코리아,전체가구,1.82,185,6,2000000,12000000
2024-03-29,Fri,0,1TV,09:00-12:00,시사교양,정보가 산다,40대 이상,1.93,159,7,2250000,15750000
2024-03-29,Fri,0,2TV,09:00-12:00,시사교양,정보가 산다,40대 이상,1.24,138,6,1450000,8700000
2024-03-29,Fri,0,1TV,12:00-15:00,드라마,오후의 드라마(재방),30-40대,1.79,202,4,2420000,9680000
2024-03-29,Fri,0,2TV,12:00-15:00,드라마,오후의 드라마(재방),30-40대,1.25,144,4,1610000,6440000
2024-03-29,Fri,0,1TV,15:00-18:00,생활정보,생활의 발견,30-40대,2.04,274,6,2740000,16440000
2024-03-29,Fri,0,2TV,15:00-18:00,생활정보,생활의 발견,30-40대,1.57,158,5,1850000,9250000
2024-03-29,Fri,0,1TV,18:00-21:00,뉴스,메인뉴스 9,전체가구,4.93,655,8,8520000,68160000
2024-03-29,Fri,0,2TV,18:00-21:00,뉴스,메인뉴스 9,전체가구,3.41,404,7,5710000,39970000
2024-03-29,Fri,0,1TV,21:00-24:00,드라마,월화수목 드라마,30-40대,4.32,502,6,7190000,43140000
2024-03-29,Fri,0,2TV,21:00-24:00,드라마,월화수목 드라마,30-40대,3.17,316,6,4850000,29100000
2024-03-30,Sat,1,1TV,06:00-09:00,뉴스,주말 아침뉴스,전체가구,2.39,221,5,2960000,14800000
2024-03-30,Sat,1,2TV,06:00-09:00,뉴스,주말 아침뉴스,전체가구,1.58,149,5,1940000,9700000
2024-03-30,Sat,1,1TV,09:00-12:00,다큐멘터리,세상 이야기,40대 이상,1.56,184,5,2110000,10550000
2024-03-30,Sat,1,2TV,09:00-12:00,다큐멘터리,세상 이야기,40대 이상,1.05,94,5,1400000,7000000
2024-03-30,Sat,1,1TV,12:00-15:00,스포츠,주말 스포츠 중계,전체가구,1.87,258,6,2450000,13764281
2024-03-30,Sat,1,2TV,12:00-15:00,스포츠,주말 스포츠 중계,전체가구,1.36,132,4,1640000,6560000
2024-03-30,Sat,1,1TV,15:00-18:00,예능,주말 예능 스페셜,20-30대,2.19,237,5,2800000,14000000
2024-03-30,Sat,1,2TV,15:00-18:00,예능,주말 예능 스페셜,20-30대,1.57,182,6,1850000,11100000
2024-03-30,Sat,1,1TV,18:00-21:00,예능,주말 버라이어티,20-30대,5.23,625,8,8650000,69200000
2024-03-30,Sat,1,2TV,18:00-21:00,예능,주말 버라이어티,20-30대,4.12,558,9,5910000,53190000
2024-03-30,Sat,1,1TV,21:00-24:00,영화,주말 특선영화,20-30대,4.43,457,6,7240000,39648790
2024-03-30,Sat,1,2TV,21:00-24:00,영화,주말 특선영화,20-30대,3.65,442,6,4990000,29940000
2024-03-31,Sun,1,1TV,06:00-09:00,뉴스,주말 아침뉴스,전체가구,2.17,291,7,2880000,19032334
2024-03-31,Sun,1,2TV,06:00-09:00,뉴스,주말 아침뉴스,전체가구,1.63,142,6,1950000,11700000
2024-03-31,Sun,1,1TV,09:00-12:00,다큐멘터리,세상 이야기,40대 이상,1.94,218,5,2250000,11250000
2024-03-31,Sun,1,2TV,09:00-12:00,다큐멘터리,세상 이야기,40대 이상,1.27,151,7,1450000,10150000
2024-03-31,Sun,1,1TV,12:00-15:00,스포츠,주말 스포츠 중계,전체가구,2.14,261,5,2550000,12750000
2024-03-31,Sun,1,2TV,12:00-15:00,스포츠,주말 스포츠 중계,전체가구,1.42,181,5,1650000,8250000
2024-03-31,Sun,1,1TV,15:00-18:00,예능,주말 예능 스페셜,20-30대,2.31,311,6,2840000,17040000
2024-03-31,Sun,1,2TV,15:00-18:00,예능,주말 예능 스페셜,20-30대,1.4,133,4,1810000,7240000
2024-03-31,Sun,1,1TV,18:00-21:00,예능,주말 버라이어티,20-30대,5.06,586,9,8580000,77220000
2024-03-31,Sun,1,2TV,18:00-21:00,예능,주말 버라이어티,20-30대,3.54,434,7,5740000,40180000
2024-03-31,Sun,1,1TV,21:00-24:00,영화,주말 특선영화,20-30대,4.26,343,8,7170000,57360000
2024-03-31,Sun,1,2TV,21:00-24:00,영화,주말 특선영화,20-30대,3.55,371,6,4960000,29760000
2024-04-01,Mon,0,1TV,06:00-09:00,뉴스,굿모닝 코리아,전체가구,2.52,240,7,3010000,21070000
2024-04-01,Mon,0,2TV,06:00-09:00,뉴스,굿모닝 코리아,전체가구,1.56,151,7,1930000,13510000
2024-04-01,Mon,0,1TV,09:00-12:00,시사교양,정보가 산다,40대 이상,1.58,179,7,2120000,14840000
2024-04-01,Mon,0,2TV,09:00-12:00,시사교양,정보가 산다,40대 이상,1.12,127,6,1420000,8520000
2024-04-01,Mon,0,1TV,12:00-15:00,드라마,오후의 드라마(재방),30-40대,1.97,249,5,2490000,12450000
2024-04-01,Mon,0,2TV,12:00-15:00,드라마,오후의 드라마(재방),30-40대,1.44,172,6,1660000,9960000
2024-04-01,Mon,0,1TV,15:00-18:00,생활정보,생활의 발견,30-40대,2.3,315,4,2840000,11360000
2024-04-01,Mon,0,2TV,15:00-18:00,생활정보,생활의 발견,30-40대,1.39,139,6,1810000,10860000
2024-04-01,Mon,0,1TV,18:00-21:00,뉴스,메인뉴스 9,전체가구,6.1,507,8,9040000,72320000
2024-04-01,Mon,0,2TV,18:00-21:00,뉴스,메인뉴스 9,전체가구,3.32,284,7,5680000,39760000
2024-04-01,Mon,0,1TV,21:00-24:00,드라마,월화수목 드라마,30-40대,4.96,423,7,7480000,52360000
2024-04-01,Mon,0,2TV,21:00-24:00,드라마,월화수목 드라마,30-40대,2.84,234,7,4760000,33320000
2024-04-02,Tue,0,1TV,06:00-09:00,뉴스,굿모닝 코리아,전체가구,2.33,278,6,2940000,17640000
2024-04-02,Tue,0,2TV,06:00-09:00,뉴스,굿모닝 코리아,전체가구,1.67,228,5,1960000,9800000
2024-04-02,Tue,0,1TV,09:00-12:00,시사교양,정보가 산다,40대 이상,1.7,157,7,2160000,15120000
2024-04-02,Tue,0,2TV,09:00-12:00,시사교양,정보가 산다,40대 이상,1.18,108,7,1430000,10010000
2024-04-02,Tue,0,1TV,12:00-15:00,드라마,오후의 드라마(재방),30-40대,2.04,238,6,2520000,13286107
2024-04-02,Tue,0,2TV,12:00-15:00,드라마,오후의 드라마(재방),30-40대,1.11,99,5,1580000,7900000
2024-04-02,Tue,0,1TV,15:00-18:00,생활정보,생활의 발견,30-40대,2.02,209,6,2730000,16380000
2024-04-02,Tue,0,2TV,15:00-18:00,생활정보,생활의 발견,30-40대,1.22,149,4,1770000,7080000
2024-04-02,Tue,0,1TV,18:00-21:00,뉴스,메인뉴스 9,전체가구,6.16,699,9,9070000,81630000
2024-04-02,Tue,0,2TV,18:00-21:00,뉴스,메인뉴스 9,전체가구,4.44,429,9,6010000,54090000
2024-04-02,Tue,0,1TV,21:00-24:00,드라마,월화수목 드라마,30-40대,4.75,495,6,7390000,44340000
2024-04-02,Tue,0,2TV,21:00-24:00,드라마,월화수목 드라마,30-40대,3.16,273,6,4850000,29100000
2024-04-03,Wed,0,1TV,06:00-09:00,뉴스,굿모닝 코리아,전체가구,2.29,199,7,2920000,20440000
2024-04-03,Wed,0,2TV,06:00-09:00,뉴스,굿모닝 코리아,전체가구,1.81,233,7,1990000,13930000
2024-04-03,Wed,0,1TV,09:00-12:00,시사교양,정보가 산다,40대 이상,1.7,174,6,2160000,12960000
2024-04-03,Wed,0,2TV,09:00-12:00,시사교양,정보가 산다,40대 이상,1.26,173,6,1450000,8700000
2024-04-03,Wed,0,1TV,12:00-15:00,드라마,오후의 드라마(재방),30-40대,2.15,283,5,2560000,12800000
2024-04-03,Wed,0,2TV,12:00-15:00,드라마,오후의 드라마(재방),30-40대,1.13,133,4,1580000,6320000
2024-04-03,Wed,0,1TV,15:00-18:00,생활정보,생활의 발견,30-40대,1.94,192,5,2700000,13500000
2024-04-03,Wed,0,2TV,15:00-18:00,생활정보,생활의 발견,30-40대,1.22,159,4,1770000,7080000
2024-04-03,Wed,0,1TV,18:00-21:00,뉴스,메인뉴스 9,전체가구,5.6,700,8,8820000,70560000
2024-04-03,Wed,0,2TV,18:00-21:00,뉴스,메인뉴스 9,전체가구,4.4,478,8,6000000,48000000
2024-04-03,Wed,0,1TV,21:00-24:00,드라마,월화수목 드라마,30-40대,4.92,448,8,7460000,59680000
2024-04-03,Wed,0,2TV,21:00-24:00,드라마,월화수목 드라마,30-40대,3.65,401,6,4990000,29940000
2024-04-04,Thu,0,1TV,06:00-09:00,뉴스,굿모닝 코리아,전체가구,2.22,213,5,2900000,14500000
2024-04-04,Thu,0,2TV,06:00-09:00,뉴스,굿모닝 코리아,전체가구,1.5,176,5,1920000,9600000
2024-04-04,Thu,0,1TV,09:00-12:00,시사교양,정보가 산다,40대 이상,1.53,130,7,2100000,14700000
2024-04-04,Thu,0,2TV,09:00-12:00,시사교양,정보가 산다,40대 이상,1.0,131,5,1390000,6950000
2024-04-04,Thu,0,1TV,12:00-15:00,드라마,오후의 드라마(재방),30-40대,1.85,183,6,2440000,14640000
2024-04-04,Thu,0,2TV,12:00-15:00,드라마,오후의 드라마(재방),30-40대,1.3,181,6,1620000,9720000
2024-04-04,Thu,0,1TV,15:00-18:00,생활정보,생활의 발견,30-40대,1.94,222,4,2700000,10800000
2024-04-04,Thu,0,2TV,15:00-18:00,생활정보,생활의 발견,30-40대,1.4,191,4,1810000,7240000
2024-04-04,Thu,0,1TV,18:00-21:00,뉴스,메인뉴스 9,전체가구,5.58,676,7,8810000,61670000
2024-04-04,Thu,0,2TV,18:00-21:00,뉴스,메인뉴스 9,전체가구,3.46,384,8,5720000,45760000
2024-04-04,Thu,0,1TV,21:00-24:00,드라마,월화수목 드라마,30-40대,4.1,380,8,7100000,56800000
2024-04-04,Thu,0,2TV,21:00-24:00,드라마,월화수목 드라마,30-40대,3.12,411,6,4840000,29040000
2024-04-05,Fri,0,1TV,06:00-09:00,뉴스,굿모닝 코리아,전체가구,2.21,239,7,2900000,20300000
2024-04-05,Fri,0,2TV,06:00-09:00,뉴스,굿모닝 코리아,전체가구,1.47,155,6,1910000,11460000
2024-04-05,Fri,0,1TV,09:00-12:00,시사교양,정보가 산다,40대 이상,1.66,218,6,2150000,12900000
2024-04-05,Fri,0,2TV,09:00-12:00,시사교양,정보가 산다,40대 이상,1.2,167,7,1440000,10080000
2024-04-05,Fri,0,1TV,12:00-15:00,드라마,오후의 드라마(재방),30-40대,1.69,163,4,2380000,9520000
2024-04-05,Fri,0,2TV,12:00-15:00,드라마,오후의 드라마(재방),30-40대,1.44,132,6,1660000,9960000
2024-04-05,Fri,0,1TV,15:00-18:00,생활정보,생활의 발견,30-40대,2.31,209,5,2840000,14200000
2024-04-05,Fri,0,2TV,15:00-18:00,생활정보,생활의 발견,30-40대,1.6,189,6,1860000,11160000
2024-04-05,Fri,0,1TV,18:00-21:00,뉴스,메인뉴스 9,전체가구,6.26,613,9,9120000,82080000
2024-04-05,Fri,0,2TV,18:00-21:00,뉴스,메인뉴스 9,전체가구,3.37,290,7,5690000,39830000
2024-04-05,Fri,0,1TV,21:00-24:00,드라마,월화수목 드라마,30-40대,5.26,571,8,7620000,60960000
2024-04-05,Fri,0,2TV,21:00-24:00,드라마,월화수목 드라마,30-40대,3.49,334,7,4950000,34650000
2024-04-06,Sat,1,1TV,06:00-09:00,뉴스,주말 아침뉴스,전체가구,2.71,259,5,3080000,15400000
2024-04-06,Sat,1,2TV,06:00-09:00,뉴스,주말 아침뉴스,전체가구,1.55,187,7,1930000,13510000
2024-04-06,Sat,1,1TV,09:00-12:00,다큐멘터리,세상 이야기,40대 이상,1.77,211,5,2190000,10950000
2024-04-06,Sat,1,2TV,09:00-12:00,다큐멘터리,세상 이야기,40대 이상,1.09,108,7,1410000,9870000
2024-04-06,Sat,1,1TV,12:00-15:00,스포츠,주말 스포츠 중계,전체가구,2.06,275,5,2520000,12600000
2024-04-06,Sat,1,2TV,12:00-15:00,스포츠,주말 스포츠 중계,전체가구,1.29,177,4,1620000,6480000
2024-04-06,Sat,1,1TV,15:00-18:00,예능,주말 예능 스페셜,20-30대,2.38,251,6,2870000,17220000
2024-04-06,Sat,1,2TV,15:00-18:00,예능,주말 예능 스페셜,20-30대,1.58,133,4,1860000,7440000
2024-04-06,Sat,1,1TV,18:00-21:00,예능,주말 버라이어티,20-30대,5.44,648,9,8750000,78750000
2024-04-06,Sat,1,2TV,18:00-21:00,예능,주말 버라이어티,20-30대,4.07,392,8,5900000,47200000
2024-04-06,Sat,1,1TV,21:00-24:00,영화,주말 특선영화,20-30대,5.43,678,8,7690000,61520000
2024-04-06,Sat,1,2TV,21:00-24:00,영화,주말 특선영화,20-30대,3.17,289,6,4850000,29100000
2024-04-07,Sun,1,1TV,06:00-09:00,뉴스,주말 아침뉴스,전체가구,2.21,210,7,2900000,20300000
2024-04-07,Sun,1,2TV,06:00-09:00,뉴스,주말 아침뉴스,전체가구,1.42,128,5,1900000,9500000
2024-04-07,Sun,1,1TV,09:00-12:00,다큐멘터리,세상 이야기,40대 이상,1.95,211,5,2260000,10143349
2024-04-07,Sun,1,2TV,09:00-12:00,다큐멘터리,세상 이야기,40대 이상,1.26,107,6,1450000,8700000
2024-04-07,Sun,1,1TV,12:00-15:00,스포츠,주말 스포츠 중계,전체가구,1.68,228,5,2380000,11900000
2024-04-07,Sun,1,2TV,12:00-15:00,스포츠,주말 스포츠 중계,전체가구,1.2,116,6,1600000,9600000
2024-04-07,Sun,1,1TV,15:00-18:00,예능,주말 예능 스페셜,20-30대,2.13,192,4,2770000,11080000
2024-04-07,Sun,1,2TV,15:00-18:00,예능,주말 예능 스페셜,20-30대,1.58,157,5,1860000,9300000
2024-04-07,Sun,1,1TV,18:00-21:00,예능,주말 버라이어티,20-30대,6.4,871,9,9180000,82620000
2024-04-07,Sun,1,2TV,18:00-21:00,예능,주말 버라이어티,20-30대,4.45,542,7,6010000,42070000
2024-04-07,Sun,1,1TV,21:00-24:00,영화,주말 특선영화,20-30대,4.74,592,8,7380000,59040000
2024-04-07,Sun,1,2TV,21:00-24:00,영화,주말 특선영화,20-30대,3.39,380,7,4920000,34440000
2024-04-08,Mon,0,1TV,06:00-09:00,뉴스,굿모닝 코리아,전체가구,2.2,188,6,2890000,17340000
2024-04-08,Mon,0,2TV,06:00-09:00,뉴스,굿모닝 코리아,전체가구,1.51,148,5,1920000,9600000
2024-04-08,Mon,0,1TV,09:00-12:00,시사교양,정보가 산다,40대 이상,1.86,164,6,2220000,13320000
2024-04-08,Mon,0,2TV,09:00-12:00,시사교양,정보가 산다,40대 이상,1.0,135,6,1390000,8340000
2024-04-08,Mon,0,1TV,12:00-15:00,드라마,오후의 드라마(재방),30-40대,2.07,265,6,2530000,15180000
2024-04-08,Mon,0,2TV,12:00-15:00,드라마,오후의 드라마(재방),30-40대,1.11,114,5,1580000,7900000
2024-04-08,Mon,0,1TV,15:00-18:00,생활정보,생활의 발견,30-40대,2.07,197,6,2750000,16500000
2024-04-08,Mon,0,2TV,15:00-18:00,생활정보,생활의 발견,30-40대,1.38,142,5,1810000,9050000
2024-04-08,Mon,0,1TV,18:00-21:00,뉴스,메인뉴스 9,전체가구,5.97,663,9,8990000,80910000
2024-04-08,Mon,0,2TV,18:00-21:00,뉴스,메인뉴스 9,전체가구,4.12,400,9,5910000,53190000
2024-04-08,Mon,0,1TV,21:00-24:00,드라마,월화수목 드라마,30-40대,4.47,408,6,7260000,43560000
2024-04-08,Mon,0,2TV,21:00-24:00,드라마,월화수목 드라마,30-40대,3.04,359,8,4810000,38480000
2024-04-09,Tue,0,1TV,06:00-09:00,뉴스,굿모닝 코리아,전체가구,2.54,278,6,3010000,15458563
2024-04-09,Tue,0,2TV,06:00-09:00,뉴스,굿모닝 코리아,전체가구,1.64,149,5,1950000,9750000
2024-04-09,Tue,0,1TV,09:00-12:00,시사교양,정보가 산다,40대 이상,1.53,163,5,2100000,10500000
2024-04-09,Tue,0,2TV,09:00-12:00,시사교양,정보가 산다,40대 이상,1.05,115,6,1400000,8400000
2024-04-09,Tue,0,1TV,12:00-15:00,드라마,오후의 드라마(재방),30-40대,2.08,229,5,2530000,12650000
2024-04-09,Tue,0,2TV,12:00-15:00,드라마,오후의 드라마(재방),30-40대,1.41,141,4,1650000,6600000
2024-04-09,Tue,0,1TV,15:00-18:00,생활정보,생활의 발견,30-40대,2.29,193,5,2830000,14150000
2024-04-09,Tue,0,2TV,15:00-18:00,생활정보,생활의 발견,30-40대,1.6,152,5,1860000,9300000
2024-04-09,Tue,0,1TV,18:00-21:00,뉴스,메인뉴스 9,전체가구,5.1,643,7,8600000,60200000
2024-04-09,Tue,0,2TV,18:00-21:00,뉴스,메인뉴스 9,전체가구,4.46,423,7,6010000,42070000
2024-04-09,Tue,0,1TV,21:00-24:00,드라마,월화수목 드라마,30-40대,5.14,440,8,7560000,60480000
2024-04-09,Tue,0,2TV,21:00-24:00,드라마,월화수목 드라마,30-40대,3.22,389,7,4870000,34090000
2024-04-10,Wed,0,1TV,06:00-09:00,뉴스,굿모닝 코리아,전체가구,2.15,266,7,2870000,20090000
2024-04-10,Wed,0,2TV,06:00-09:00,뉴스,굿모닝 코리아,전체가구,1.64,156,7,1950000,13650000
2024-04-10,Wed,0,1TV,09:00-12:00,시사교양,정보가 산다,40대 이상,1.65,137,7,2140000,14980000
2024-04-10,Wed,0,2TV,09:00-12:00,시사교양,정보가 산다,40대 이상,1.03,122,6,1400000,7940746
2024-04-10,Wed,0,1TV,12:00-15:00,드라마,오후의 드라마(재방),30-40대,1.97,204,4,2490000,8516190
2024-04-10,Wed,0,2TV,12:00-15:00,드라마,오후의 드라마(재방),30-40대,1.41,153,6,1650000,9900000
2024-04-10,Wed,0,1TV,15:00-18:00,생활정보,생활의 발견,30-40대,2.28,216,5,2830000,14150000
2024-04-10,Wed,0,2TV,15:00-18:00,생활정보,생활의 발견,30-40대,1.48,201,6,1830000,10980000
2024-04-10,Wed,0,1TV,18:00-21:00,뉴스,메인뉴스 9,전체가구,5.5,491,9,8780000,79020000
2024-04-10,Wed,0,2TV,18:00-21:00,뉴스,메인뉴스 9,전체가구,3.46,325,9,5720000,51480000
2024-04-10,Wed,0,1TV,21:00-24:00,드라마,월화수목 드라마,30-40대,5.16,662,7,7570000,52990000
2024-04-10,Wed,0,2TV,21:00-24:00,드라마,월화수목 드라마,30-40대,2.78,285,8,4740000,37920000
2024-04-11,Thu,0,1TV,06:00-09:00,뉴스,굿모닝 코리아,전체가구,2.68,292,6,3060000,18360000
2024-04-11,Thu,0,2TV,06:00-09:00,뉴스,굿모닝 코리아,전체가구,1.65,181,7,1960000,13720000
2024-04-11,Thu,0,1TV,09:00-12:00,시사교양,정보가 산다,40대 이상,1.65,205,6,2140000,12840000
2024-04-11,Thu,0,2TV,09:00-12:00,시사교양,정보가 산다,40대 이상,1.2,158,5,1440000,7200000
2024-04-11,Thu,0,1TV,12:00-15:00,드라마,오후의 드라마(재방),30-40대,1.72,168,5,2400000,12000000
2024-04-11,Thu,0,2TV,12:00-15:00,드라마,오후의 드라마(재방),30-40대,1.28,162,6,1620000,9720000
2024-04-11,Thu,0,1TV,15:00-18:00,생활정보,생활의 발견,30-40대,1.91,155,5,2690000,13450000
2024-04-11,Thu,0,2TV,15:00-18:00,생활정보,생활의 발견,30-40대,1.32,163,6,1790000,10740000
2024-04-11,Thu,0,1TV,18:00-21:00,뉴스,메인뉴스 9,전체가구,6.3,576,9,9140000,82260000
2024-04-11,Thu,0,2TV,18:00-21:00,뉴스,메인뉴스 9,전체가구,3.96,462,8,5870000,46960000
2024-04-11,Thu,0,1TV,21:00-24:00,드라마,월화수목 드라마,30-40대,4.54,389,8,7290000,58320000
2024-04-11,Thu,0,2TV,21:00-24:00,드라마,월화수목 드라마,30-40대,3.58,314,6,4970000,29820000
2024-04-12,Fri,0,1TV,06:00-09:00,뉴스,굿모닝 코리아,전체가구,2.38,205,7,2960000,20720000
2024-04-12,Fri,0,2TV,06:00-09:00,뉴스,굿모닝 코리아,전체가구,1.57,172,7,1940000,13580000
2024-04-12,Fri,0,1TV,09:00-12:00,시사교양,정보가 산다,40대 이상,1.6,163,7,2130000,14910000
2024-04-12,Fri,0,2TV,09:00-12:00,시사교양,정보가 산다,40대 이상,1.0,135,7,1390000,9730000
2024-04-12,Fri,0,1TV,12:00-15:00,드라마,오후의 드라마(재방),30-40대,2.14,181,6,2550000,15300000
2024-04-12,Fri,0,2TV,12:00-15:00,드라마,오후의 드라마(재방),30-40대,1.32,180,5,1630000,8150000
2024-04-12,Fri,0,1TV,15:00-18:00,생활정보,생활의 발견,30-40대,2.29,191,6,2830000,16980000
2024-04-12,Fri,0,2TV,15:00-18:00,생활정보,생활의 발견,30-40대,1.23,104,5,1770000,8850000
2024-04-12,Fri,0,1TV,18:00-21:00,뉴스,메인뉴스 9,전체가구,5.26,585,7,8670000,60690000
2024-04-12,Fri,0,2TV,18:00-21:00,뉴스,메인뉴스 9,전체가구,3.94,360,9,5860000,52740000
2024-04-12,Fri,0,1TV,21:00-24:00,드라마,월화수목 드라마,30-40대,4.89,669,8,7450000,59600000
2024-04-12,Fri,0,2TV,21:00-24:00,드라마,월화수목 드라마,30-40대,3.17,274,8,4850000,38800000
2024-04-13,Sat,1,1TV,06:00-09:00,뉴스,주말 아침뉴스,전체가구,2.52,308,6,3010000,18060000
2024-04-13,Sat,1,2TV,06:00-09:00,뉴스,주말 아침뉴스,전체가구,1.46,133,6,1910000,11460000
2024-04-13,Sat,1,1TV,09:00-12:00,다큐멘터리,세상 이야기,40대 이상,1.81,203,7,2200000,15400000
2024-04-13,Sat,1,2TV,09:00-12:00,다큐멘터리,세상 이야기,40대 이상,1.12,111,6,1420000,8520000
2024-04-13,Sat,1,1TV,12:00-15:00,스포츠,주말 스포츠 중계,전체가구,1.86,219,6,2450000,14700000
2024-04-13,Sat,1,2TV,12:00-15:00,스포츠,주말 스포츠 중계,전체가구,1.2,135,5,1600000,8000000
2024-04-13,Sat,1,1TV,15:00-18:00,예능,주말 예능 스페셜,20-30대,2.38,227,5,2870000,14350000
2024-04-13,Sat,1,2TV,15:00-18:00,예능,주말 예능 스페셜,20-30대,1.39,172,5,1810000,9050000
2024-04-13,Sat,1,1TV,18:00-21:00,예능,주말 버라이어티,20-30대,5.78,807,8,8900000,68930666
2024-04-13,Sat,1,2TV,18:00-21:00,예능,주말 버라이어티,20-30대,3.57,353,9,5750000,51750000
2024-04-13,Sat,1,1TV,21:00-24:00,영화,주말 특선영화,20-30대,5.39,597,8,7680000,61440000
2024-04-13,Sat,1,2TV,21:00-24:00,영화,주말 특선영화,20-30대,2.91,239,7,4780000,33460000
2024-04-14,Sun,1,1TV,06:00-09:00,뉴스,주말 아침뉴스,전체가구,2.22,296,5,2900000,14500000
2024-04-14,Sun,1,2TV,06:00-09:00,뉴스,주말 아침뉴스,전체가구,1.78,152,6,1990000,11940000
2024-04-14,Sun,1,1TV,09:00-12:00,다큐멘터리,세상 이야기,40대 이상,1.58,134,6,2120000,12720000
2024-04-14,Sun,1,2TV,09:00-12:00,다큐멘터리,세상 이야기,40대 이상,1.06,137,7,1400000,9800000
2024-04-14,Sun,1,1TV,12:00-15:00,스포츠,주말 스포츠 중계,전체가구,2.1,180,6,2540000,15240000
2024-04-14,Sun,1,2TV,12:00-15:00,스포츠,주말 스포츠 중계,전체가구,1.39,159,4,1650000,6600000
2024-04-14,Sun,1,1TV,15:00-18:00,예능,주말 예능 스페셜,20-30대,2.37,237,5,2860000,14300000
2024-04-14,Sun,1,2TV,15:00-18:00,예능,주말 예능 스페셜,20-30대,1.59,210,4,1860000,7440000
2024-04-14,Sun,1,1TV,18:00-21:00,예능,주말 버라이어티,20-30대,6.35,862,9,9160000,82440000
2024-04-14,Sun,1,2TV,18:00-21:00,예능,주말 버라이어티,20-30대,3.76,370,7,5810000,40670000
2024-04-14,Sun,1,1TV,21:00-24:00,영화,주말 특선영화,20-30대,4.88,486,8,7450000,59600000
2024-04-14,Sun,1,2TV,21:00-24:00,영화,주말 특선영화,20-30대,2.81,348,7,4750000,33250000
2024-04-15,Mon,0,1TV,06:00-09:00,뉴스,굿모닝 코리아,전체가구,2.57,294,5,3030000,15150000
2024-04-15,Mon,0,2TV,06:00-09:00,뉴스,굿모닝 코리아,전체가구,1.52,158,5,1930000,9650000
2024-04-15,Mon,0,1TV,09:00-12:00,시사교양,정보가 산다,40대 이상,1.71,213,7,2170000,15190000
2024-04-15,Mon,0,2TV,09:00-12:00,시사교양,정보가 산다,40대 이상,1.02,112,7,1390000,9730000
2024-04-15,Mon,0,1TV,12:00-15:00,드라마,오후의 드라마(재방),30-40대,1.7,193,5,2390000,11950000
2024-04-15,Mon,0,2TV,12:00-15:00,드라마,오후의 드라마(재방),30-40대,1.33,151,6,1630000,9780000
2024-04-15,Mon,0,1TV,15:00-18:00,생활정보,생활의 발견,30-40대,1.94,186,5,2700000,13500000
2024-04-15,Mon,0,2TV,15:00-18:00,생활정보,생활의 발견,30-40대,1.61,137,6,1860000,11160000
2024-04-15,Mon,0,1TV,18:00-21:00,뉴스,메인뉴스 9,전체가구,5.51,504,8,8780000,70240000
2024-04-15,Mon,0,2TV,18:00-21:00,뉴스,메인뉴스 9,전체가구,3.34,328,8,5690000,45520000
2024-04-15,Mon,0,1TV,21:00-24:00,드라마,월화수목 드라마,30-40대,5.49,585,6,7720000,46320000
2024-04-15,Mon,0,2TV,21:00-24:00,드라마,월화수목 드라마,30-40대,3.66,344,8,4990000,39920000
2024-04-16,Tue,0,1TV,06:00-09:00,뉴스,굿모닝 코리아,전체가구,2.58,338,5,3030000,15150000
2024-04-16,Tue,0,2TV,06:00-09:00,뉴스,굿모닝 코리아,전체가구,1.5,176,5,1920000,9600000
2024-04-16,Tue,0,1TV,09:00-12:00,시사교양,정보가 산다,40대 이상,1.89,153,7,2230000,15610000
2024-04-16,Tue,0,2TV,09:00-12:00,시사교양,정보가 산다,40대 이상,1.1,119,6,1410000,8460000
2024-04-16,Tue,0,1TV,12:00-15:00,드라마,오후의 드라마(재방),30-40대,1.93,178,6,2470000,14820000
2024-04-16,Tue,0,2TV,12:00-15:00,드라마,오후의 드라마(재방),30-40대,1.32,155,4,1630000,6520000
2024-04-16,Tue,0,1TV,15:00-18:00,생활정보,생활의 발견,30-40대,2.21,227,6,2800000,16800000
2024-04-16,Tue,0,2TV,15:00-18:00,생활정보,생활의 발견,30-40대,1.33,111,4,1800000,7200000
2024-04-16,Tue,0,1TV,18:00-21:00,뉴스,메인뉴스 9,전체가구,5.94,494,9,8970000,80730000
2024-04-16,Tue,0,2TV,18:00-21:00,뉴스,메인뉴스 9,전체가구,3.39,406,9,5700000,51300000
2024-04-16,Tue,0,1TV,21:00-24:00,드라마,월화수목 드라마,30-40대,5.01,661,6,7500000,45000000
2024-04-16,Tue,0,2TV,21:00-24:00,드라마,월화수목 드라마,30-40대,3.62,374,7,4980000,34860000
2024-04-17,Wed,0,1TV,06:00-09:00,뉴스,굿모닝 코리아,전체가구,2.54,341,6,3010000,18060000
2024-04-17,Wed,0,2TV,06:00-09:00,뉴스,굿모닝 코리아,전체가구,1.64,150,7,1950000,13650000
2024-04-17,Wed,0,1TV,09:00-12:00,시사교양,정보가 산다,40대 이상,1.75,215,5,2180000,10900000
2024-04-17,Wed,0,2TV,09:00-12:00,시사교양,정보가 산다,40대 이상,1.18,118,6,1430000,8580000
2024-04-17,Wed,0,1TV,12:00-15:00,드라마,오후의 드라마(재방),30-40대,1.64,199,5,2360000,11800000
2024-04-17,Wed,0,2TV,12:00-15:00,드라마,오후의 드라마(재방),30-40대,1.2,166,6,1600000,9600000
2024-04-17,Wed,0,1TV,15:00-18:00,생활정보,생활의 발견,30-40대,1.83,175,5,2660000,13300000
2024-04-17,Wed,0,2TV,15:00-18:00,생활정보,생활의 발견,30-40대,1.57,128,6,1850000,11100000
2024-04-17,Wed,0,1TV,18:00-21:00,뉴스,메인뉴스 9,전체가구,5.26,529,8,8670000,69360000
2024-04-17,Wed,0,2TV,18:00-21:00,뉴스,메인뉴스 9,전체가구,3.42,352,9,5710000,51390000
2024-04-17,Wed,0,1TV,21:00-24:00,드라마,월화수목 드라마,30-40대,4.96,464,6,7480000,44880000
2024-04-17,Wed,0,2TV,21:00-24:00,드라마,월화수목 드라마,30-40대,3.18,314,8,4850000,38800000
2024-04-18,Thu,0,1TV,06:00-09:00,뉴스,굿모닝 코리아,전체가구,2.42,224,5,2970000,14850000
2024-04-18,Thu,0,2TV,06:00-09:00,뉴스,굿모닝 코리아,전체가구,1.71,158,5,1970000,9850000
2024-04-18,Thu,0,1TV,09:00-12:00,시사교양,정보가 산다,40대 이상,1.83,204,5,2210000,11050000
2024-04-18,Thu,0,2TV,09:00-12:00,시사교양,정보가 산다,40대 이상,1.31,165,7,1460000,10220000
2024-04-18,Thu,0,1TV,12:00-15:00,드라마,오후의 드라마(재방),30-40대,2.15,213,6,2560000,15360000
2024-04-18,Thu,0,2TV,12:00-15:00,드라마,오후의 드라마(재방),30-40대,1.39,127,4,1650000,6600000
2024-04-18,Thu,0,1TV,15:00-18:00,생활정보,생활의 발견,30-40대,2.27,301,5,2830000,14150000
2024-04-18,Thu,0,2TV,15:00-18:00,생활정보,생활의 발견,30-40대,1.35,168,6,1800000,10800000
2024-04-18,Thu,0,1TV,18:00-21:00,뉴스,메인뉴스 9,전체가구,5.34,677,7,8700000,60900000
2024-04-18,Thu,0,2TV,18:00-21:00,뉴스,메인뉴스 9,전체가구,3.35,466,9,5690000,51210000
2024-04-18,Thu,0,1TV,21:00-24:00,드라마,월화수목 드라마,30-40대,4.87,457,6,7440000,44640000
2024-04-18,Thu,0,2TV,21:00-24:00,드라마,월화수목 드라마,30-40대,2.79,237,7,4740000,33180000
2024-04-19,Fri,0,1TV,06:00-09:00,뉴스,굿모닝 코리아,전체가구,2.64,285,7,3050000,21350000
2024-04-19,Fri,0,2TV,06:00-09:00,뉴스,굿모닝 코리아,전체가구,1.8,197,5,1990000,9950000
2024-04-19,Fri,0,1TV,09:00-12:00,시사교양,정보가 산다,40대 이상,1.58,165,5,2120000,10600000
2024-04-19,Fri,0,2TV,09:00-12:00,시사교양,정보가 산다,40대 이상,1.33,124,7,1470000,10290000
2024-04-19,Fri,0,1TV,12:00-15:00,드라마,오후의 드라마(재방),30-40대,2.06,173,5,2520000,12600000
2024-04-19,Fri,0,2TV,12:00-15:00,드라마,오후의 드라마(재방),30-40대,1.3,129,5,1620000,8100000
2024-04-19,Fri,0,1TV,15:00-18:00,생활정보,생활의 발견,30-40대,2.06,261,6,2750000,16500000
2024-04-19,Fri,0,2TV,15:00-18:00,생활정보,생활의 발견,30-40대,1.38,136,6,1810000,10860000
2024-04-19,Fri,0,1TV,18:00-21:00,뉴스,메인뉴스 9,전체가구,5.85,656,9,8930000,80370000
2024-04-19,Fri,0,2TV,18:00-21:00,뉴스,메인뉴스 9,전체가구,4.24,472,8,5950000,47600000
2024-04-19,Fri,0,1TV,21:00-24:00,드라마,월화수목 드라마,30-40대,5.32,706,6,7640000,45840000
2024-04-19,Fri,0,2TV,21:00-24:00,드라마,월화수목 드라마,30-40대,3.15,391,8,4850000,38800000
2024-04-20,Sat,1,1TV,06:00-09:00,뉴스,주말 아침뉴스,전체가구,2.58,355,5,3030000,15150000
2024-04-20,Sat,1,2TV,06:00-09:00,뉴스,주말 아침뉴스,전체가구,1.58,155,6,1940000,11640000
2024-04-20,Sat,1,1TV,09:00-12:00,다큐멘터리,세상 이야기,40대 이상,1.68,196,5,2160000,10800000
2024-04-20,Sat,1,2TV,09:00-12:00,다큐멘터리,세상 이야기,40대 이상,1.31,141,7,1460000,10220000
2024-04-20,Sat,1,1TV,12:00-15:00,스포츠,주말 스포츠 중계,전체가구,2.04,177,6,2520000,15120000
2024-04-20,Sat,1,2TV,12:00-15:00,스포츠,주말 스포츠 중계,전체가구,1.38,122,5,1640000,8200000
2024-04-20,Sat,1,1TV,15:00-18:00,예능,주말 예능 스페셜,20-30대,1.8,193,6,2650000,15900000
2024-04-20,Sat,1,2TV,15:00-18:00,예능,주말 예능 스페셜,20-30대,1.59,136,5,1860000,9300000
2024-04-20,Sat,1,1TV,18:00-21:00,예능,주말 버라이어티,20-30대,6.43,822,9,9190000,82710000
2024-04-20,Sat,1,2TV,18:00-21:00,예능,주말 버라이어티,20-30대,3.42,419,9,5710000,51390000
2024-04-20,Sat,1,1TV,21:00-24:00,영화,주말 특선영화,20-30대,4.81,496,8,7410000,59280000
2024-04-20,Sat,1,2TV,21:00-24:00,영화,주말 특선영화,20-30대,2.92,330,6,4780000,28680000
2024-04-21,Sun,1,1TV,06:00-09:00,뉴스,주말 아침뉴스,전체가구,2.68,305,7,3060000,21420000
2024-04-21,Sun,1,2TV,06:00-09:00,뉴스,주말 아침뉴스,전체가구,1.46,129,7,1910000,13370000
2024-04-21,Sun,1,1TV,09:00-12:00,다큐멘터리,세상 이야기,40대 이상,1.62,201,6,2130000,12780000
2024-04-21,Sun,1,2TV,09:00-12:00,다큐멘터리,세상 이야기,40대 이상,1.06,142,5,1400000,6592932
2024-04-21,Sun,1,1TV,12:00-15:00,스포츠,주말 스포츠 중계,전체가구,1.63,179,5,2360000,11800000
2024-04-21,Sun,1,2TV,12:00-15:00,스포츠,주말 스포츠 중계,전체가구,1.11,148,4,1580000,6320000
2024-04-21,Sun,1,1TV,15:00-18:00,예능,주말 예능 스페셜,20-30대,2.2,236,5,2800000,14000000
2024-04-21,Sun,1,2TV,15:00-18:00,예능,주말 예능 스페셜,20-30대,1.47,139,6,1830000,10980000
2024-04-21,Sun,1,1TV,18:00-21:00,예능,주말 버라이어티,20-30대,5.95,769,7,8980000,54549326
2024-04-21,Sun,1,2TV,18:00-21:00,예능,주말 버라이어티,20-30대,4.08,335,7,5900000,41300000
2024-04-21,Sun,1,1TV,21:00-24:00,영화,주말 특선영화,20-30대,5.26,515,6,7620000,41149592
2024-04-21,Sun,1,2TV,21:00-24:00,영화,주말 특선영화,20-30대,2.94,354,8,4780000,38240000
2024-04-22,Mon,0,1TV,06:00-09:00,뉴스,굿모닝 코리아,전체가구,2.53,289,7,3010000,21070000
2024-04-22,Mon,0,2TV,06:00-09:00,뉴스,굿모닝 코리아,전체가구,1.6,184,5,1940000,9700000
2024-04-22,Mon,0,1TV,09:00-12:00,시사교양,정보가 산다,40대 이상,1.61,164,6,2130000,12780000
2024-04-22,Mon,0,2TV,09:00-12:00,시사교양,정보가 산다,40대 이상,1.26,165,5,1450000,7250000
2024-04-22,Mon,0,1TV,12:00-15:00,드라마,오후의 드라마(재방),30-40대,1.7,207,5,2390000,11950000
2024-04-22,Mon,0,2TV,12:00-15:00,드라마,오후의 드라마(재방),30-40대,1.27,118,4,1620000,6480000
2024-04-22,Mon,0,1TV,15:00-18:00,생활정보,생활의 발견,30-40대,1.85,229,6,2670000,16020000
2024-04-22,Mon,0,2TV,15:00-18:00,생활정보,생활의 발견,30-40대,1.25,154,6,1780000,10680000
2024-04-22,Mon,0,1TV,18:00-21:00,뉴스,메인뉴스 9,전체가구,6.56,638,9,9250000,83250000
2024-04-22,Mon,0,2TV,18:00-21:00,뉴스,메인뉴스 9,전체가구,3.62,415,9,5770000,51930000
2024-04-22,Mon,0,1TV,21:00-24:00,드라마,월화수목 드라마,30-40대,4.24,482,8,7160000,57280000
2024-04-22,Mon,0,2TV,21:00-24:00,드라마,월화수목 드라마,30-40대,3.25,418,8,4880000,39040000
2024-04-23,Tue,0,1TV,06:00-09:00,뉴스,굿모닝 코리아,전체가구,2.23,204,5,2900000,13413302
2024-04-23,Tue,0,2TV,06:00-09:00,뉴스,굿모닝 코리아,전체가구,1.44,188,7,1910000,13370000
2024-04-23,Tue,0,1TV,09:00-12:00,시사교양,정보가 산다,40대 이상,1.67,167,7,2150000,15050000
2024-04-23,Tue,0,2TV,09:00-12:00,시사교양,정보가 산다,40대 이상,1.07,127,7,1410000,9870000
2024-04-23,Tue,0,1TV,12:00-15:00,드라마,오후의 드라마(재방),30-40대,2.07,204,6,2530000,15180000
2024-04-23,Tue,0,2TV,12:00-15:00,드라마,오후의 드라마(재방),30-40대,1.4,122,5,1650000,8250000
2024-04-23,Tue,0,1TV,15:00-18:00,생활정보,생활의 발견,30-40대,2.24,262,4,2820000,11280000
2024-04-23,Tue,0,2TV,15:00-18:00,생활정보,생활의 발견,30-40대,1.3,169,6,1790000,10740000
2024-04-23,Tue,0,1TV,18:00-21:00,뉴스,메인뉴스 9,전체가구,5.68,467,7,8860000,62020000
2024-04-23,Tue,0,2TV,18:00-21:00,뉴스,메인뉴스 9,전체가구,4.05,541,9,5890000,53010000
2024-04-23,Tue,0,1TV,21:00-24:00,드라마,월화수목 드라마,30-40대,4.71,607,8,7370000,58960000
2024-04-23,Tue,0,2TV,21:00-24:00,드라마,월화수목 드라마,30-40대,3.27,372,8,4880000,39040000
2024-04-24,Wed,0,1TV,06:00-09:00,뉴스,굿모닝 코리아,전체가구,2.41,223,7,2970000,20790000
2024-04-24,Wed,0,2TV,06:00-09:00,뉴스,굿모닝 코리아,전체가구,1.83,234,5,2000000,10000000
2024-04-24,Wed,0,1TV,09:00-12:00,시사교양,정보가 산다,40대 이상,1.6,131,6,2130000,12780000
2024-04-24,Wed,0,2TV,09:00-12:00,시사교양,정보가 산다,40대 이상,1.29,147,6,1460000,8760000
2024-04-24,Wed,0,1TV,12:00-15:00,드라마,오후의 드라마(재방),30-40대,1.69,215,5,2380000,11900000
2024-04-24,Wed,0,2TV,12:00-15:00,드라마,오후의 드라마(재방),30-40대,1.23,101,5,1610000,8050000
2024-04-24,Wed,0,1TV,15:00-18:00,생활정보,생활의 발견,30-40대,2.33,238,5,2850000,14250000
2024-04-24,Wed,0,2TV,15:00-18:00,생활정보,생활의 발견,30-40대,1.35,117,4,1800000,7200000
2024-04-24,Wed,0,1TV,18:00-21:00,뉴스,메인뉴스 9,전체가구,6.43,686,7,9190000,64330000
2024-04-24,Wed,0,2TV,18:00-21:00,뉴스,메인뉴스 9,전체가구,4.37,390,8,5990000,47920000
2024-04-24,Wed,0,1TV,21:00-24:00,드라마,월화수목 드라마,30-40대,5.1,568,7,7540000,52780000
2024-04-24,Wed,0,2TV,21:00-24:00,드라마,월화수목 드라마,30-40대,3.61,467,8,4980000,39840000
2024-04-25,Thu,0,1TV,06:00-09:00,뉴스,굿모닝 코리아,전체가구,2.12,262,6,2860000,17160000
2024-04-25,Thu,0,2TV,06:00-09:00,뉴스,굿모닝 코리아,전체가구,1.8,157,6,1990000,11940000
2024-04-25,Thu,0,1TV,09:00-12:00,시사교양,정보가 산다,40대 이상,1.81,209,5,2200000,11000000
2024-04-25,Thu,0,2TV,09:00-12:00,시사교양,정보가 산다,40대 이상,1.31,113,7,1460000,10220000
2024-04-25,Thu,0,1TV,12:00-15:00,드라마,오후의 드라마(재방),30-40대,1.63,205,6,2360000,14160000
2024-04-25,Thu,0,2TV,12:00-15:00,드라마,오후의 드라마(재방),30-40대,1.23,113,5,1610000,8050000
2024-04-25,Thu,0,1TV,15:00-18:00,생활정보,생활의 발견,30-40대,2.27,273,5,2830000,14150000
2024-04-25,Thu,0,2TV,15:00-18:00,생활정보,생활의 발견,30-40대,1.33,108,6,1800000,10800000
2024-04-25,Thu,0,1TV,18:00-21:00,뉴스,메인뉴스 9,전체가구,5.03,566,9,8560000,77040000
2024-04-25,Thu,0,2TV,18:00-21:00,뉴스,메인뉴스 9,전체가구,3.48,425,8,5730000,45840000
2024-04-25,Thu,0,1TV,21:00-24:00,드라마,월화수목 드라마,30-40대,4.29,423,7,7180000,50260000
2024-04-25,Thu,0,2TV,21:00-24:00,드라마,월화수목 드라마,30-40대,2.81,230,8,4750000,38000000
2024-04-26,Fri,0,1TV,06:00-09:00,뉴스,굿모닝 코리아,전체가구,2.3,196,6,2930000,17580000
2024-04-26,Fri,0,2TV,06:00-09:00,뉴스,굿모닝 코리아,전체가구,1.67,193,7,1960000,13720000
2024-04-26,Fri,0,1TV,09:00-12:00,시사교양,정보가 산다,40대 이상,1.77,175,5,2190000,10950000
2024-04-26,Fri,0,2TV,09:00-12:00,시사교양,정보가 산다,40대 이상,1.23,138,6,1440000,8640000
2024-04-26,Fri,0,1TV,12:00-15:00,드라마,오후의 드라마(재방),30-40대,1.67,214,6,2380000,14280000
2024-04-26,Fri,0,2TV,12:00-15:00,드라마,오후의 드라마(재방),30-40대,1.28,155,6,1620000,9720000
2024-04-26,Fri,0,1TV,15:00-18:00,생활정보,생활의 발견,30-40대,2.08,285,4,2750000,11000000
2024-04-26,Fri,0,2TV,15:00-18:00,생활정보,생활의 발견,30-40대,1.48,199,5,1830000,9150000
2024-04-26,Fri,0,1TV,18:00-21:00,뉴스,메인뉴스 9,전체가구,6.43,642,8,9190000,73520000
2024-04-26,Fri,0,2TV,18:00-21:00,뉴스,메인뉴스 9,전체가구,3.35,364,8,5690000,45520000
2024-04-26,Fri,0,1TV,21:00-24:00,드라마,월화수목 드라마,30-40대,5.26,510,7,7620000,53340000
2024-04-26,Fri,0,2TV,21:00-24:00,드라마,월화수목 드라마,30-40대,2.89,249,8,4770000,38160000
2024-04-27,Sat,1,1TV,06:00-09:00,뉴스,주말 아침뉴스,전체가구,2.26,269,6,2910000,17460000
2024-04-27,Sat,1,2TV,06:00-09:00,뉴스,주말 아침뉴스,전체가구,1.58,166,7,1940000,13580000
2024-04-27,Sat,1,1TV,09:00-12:00,다큐멘터리,세상 이야기,40대 이상,1.54,168,5,2100000,10500000
2024-04-27,Sat,1,2TV,09:00-12:00,다큐멘터리,세상 이야기,40대 이상,1.28,148,6,1460000,8760000
2024-04-27,Sat,1,1TV,12:00-15:00,스포츠,주말 스포츠 중계,전체가구,1.81,220,4,2430000,9720000
2024-04-27,Sat,1,2TV,12:00-15:00,스포츠,주말 스포츠 중계,전체가구,1.14,155,6,1590000,9540000
2024-04-27,Sat,1,1TV,15:00-18:00,예능,주말 예능 스페셜,20-30대,1.85,214,5,2670000,13350000
2024-04-27,Sat,1,2TV,15:00-18:00,예능,주말 예능 스페셜,20-30대,1.57,142,5,1850000,9250000
2024-04-27,Sat,1,1TV,18:00-21:00,예능,주말 버라이어티,20-30대,5.04,649,8,8570000,68560000
2024-04-27,Sat,1,2TV,18:00-21:00,예능,주말 버라이어티,20-30대,4.07,341,7,5900000,41300000
2024-04-27,Sat,1,1TV,21:00-24:00,영화,주말 특선영화,20-30대,5.31,713,8,7640000,61120000
2024-04-27,Sat,1,2TV,21:00-24:00,영화,주말 특선영화,20-30대,3.5,419,7,4950000,34650000
2024-04-28,Sun,1,1TV,06:00-09:00,뉴스,주말 아침뉴스,전체가구,2.3,264,5,2930000,14650000
2024-04-28,Sun,1,2TV,06:00-09:00,뉴스,주말 아침뉴스,전체가구,1.81,177,7,1990000,13930000
2024-04-28,Sun,1,1TV,09:00-12:00,다큐멘터리,세상 이야기,40대 이상,1.94,206,6,2250000,13500000
2024-04-28,Sun,1,2TV,09:00-12:00,다큐멘터리,세상 이야기,40대 이상,1.2,140,7,1440000,10080000
2024-04-28,Sun,1,1TV,12:00-15:00,스포츠,주말 스포츠 중계,전체가구,1.69,165,5,2380000,11900000
2024-04-28,Sun,1,2TV,12:00-15:00,스포츠,주말 스포츠 중계,전체가구,1.48,118,6,1670000,10020000
2024-04-28,Sun,1,1TV,15:00-18:00,예능,주말 예능 스페셜,20-30대,2.0,263,4,2720000,10880000
2024-04-28,Sun,1,2TV,15:00-18:00,예능,주말 예능 스페셜,20-30대,1.52,158,5,1840000,9200000
2024-04-28,Sun,1,1TV,18:00-21:00,예능,주말 버라이어티,20-30대,5.55,589,7,8800000,61600000
2024-04-28,Sun,1,2TV,18:00-21:00,예능,주말 버라이어티,20-30대,3.87,353,8,5840000,46720000
2024-04-28,Sun,1,1TV,21:00-24:00,영화,주말 특선영화,20-30대,4.56,479,7,7300000,51100000
2024-04-28,Sun,1,2TV,21:00-24:00,영화,주말 특선영화,20-30대,3.42,301,6,4920000,29520000
2024-04-29,Mon,0,1TV,06:00-09:00,뉴스,굿모닝 코리아,전체가구,2.12,282,7,2860000,20020000
2024-04-29,Mon,0,2TV,06:00-09:00,뉴스,굿모닝 코리아,전체가구,1.86,158,7,2000000,14000000
2024-04-29,Mon,0,1TV,09:00-12:00,시사교양,정보가 산다,40대 이상,1.9,254,7,2240000,15680000
2024-04-29,Mon,0,2TV,09:00-12:00,시사교양,정보가 산다,40대 이상,1.14,103,7,1420000,9940000
2024-04-29,Mon,0,1TV,12:00-15:00,드라마,오후의 드라마(재방),30-40대,2.08,214,4,2530000,10120000
2024-04-29,Mon,0,2TV,12:00-15:00,드라마,오후의 드라마(재방),30-40대,1.34,154,6,1630000,9780000
2024-04-29,Mon,0,1TV,15:00-18:00,생활정보,생활의 발견,30-40대,2.09,219,6,2760000,16560000
2024-04-29,Mon,0,2TV,15:00-18:00,생활정보,생활의 발견,30-40대,1.23,101,5,1770000,8850000
2024-04-29,Mon,0,1TV,18:00-21:00,뉴스,메인뉴스 9,전체가구,5.04,549,9,8570000,77130000
2024-04-29,Mon,0,2TV,18:00-21:00,뉴스,메인뉴스 9,전체가구,4.17,465,8,5930000,47440000
2024-04-29,Mon,0,1TV,21:00-24:00,드라마,월화수목 드라마,30-40대,4.15,554,6,7120000,42720000
2024-04-29,Mon,0,2TV,21:00-24:00,드라마,월화수목 드라마,30-40대,3.38,405,8,4910000,39280000
2024-04-30,Tue,0,1TV,06:00-09:00,뉴스,굿모닝 코리아,전체가구,2.47,316,6,2990000,17940000
2024-04-30,Tue,0,2TV,06:00-09:00,뉴스,굿모닝 코리아,전체가구,1.82,204,5,2000000,10000000
2024-04-30,Tue,0,1TV,09:00-12:00,시사교양,정보가 산다,40대 이상,1.72,186,7,2170000,15190000
2024-04-30,Tue,0,2TV,09:00-12:00,시사교양,정보가 산다,40대 이상,1.12,155,6,1420000,8520000
2024-04-30,Tue,0,1TV,12:00-15:00,드라마,오후의 드라마(재방),30-40대,1.64,222,6,2360000,14160000
2024-04-30,Tue,0,2TV,12:00-15:00,드라마,오후의 드라마(재방),30-40대,1.41,135,6,1650000,9900000
2024-04-30,Tue,0,1TV,15:00-18:00,생활정보,생활의 발견,30-40대,1.88,156,5,2680000,13400000
2024-04-30,Tue,0,2TV,15:00-18:00,생활정보,생활의 발견,30-40대,1.48,144,4,1830000,7320000
2024-04-30,Tue,0,1TV,18:00-21:00,뉴스,메인뉴스 9,전체가구,4.98,633,8,8540000,68320000
2024-04-30,Tue,0,2TV,18:00-21:00,뉴스,메인뉴스 9,전체가구,3.64,479,7,5770000,40390000
2024-04-30,Tue,0,1TV,21:00-24:00,드라마,월화수목 드라마,30-40대,4.9,660,8,7460000,59680000
2024-04-30,Tue,0,2TV,21:00-24:00,드라마,월화수목 드라마,30-40대,3.2,411,7,4860000,34020000
2024-05-01,Wed,0,1TV,06:00-09:00,뉴스,굿모닝 코리아,전체가구,2.19,199,7,2890000,20230000
2024-05-01,Wed,0,2TV,06:00-09:00,뉴스,굿모닝 코리아,전체가구,1.55,132,5,1930000,9650000
2024-05-01,Wed,0,1TV,09:00-12:00,시사교양,정보가 산다,40대 이상,1.88,245,6,2230000,13380000
2024-05-01,Wed,0,2TV,09:00-12:00,시사교양,정보가 산다,40대 이상,1.08,115,7,1410000,9870000
2024-05-01,Wed,0,1TV,12:00-15:00,드라마,오후의 드라마(재방),30-40대,1.94,253,4,2480000,9920000
2024-05-01,Wed,0,2TV,12:00-15:00,드라마,오후의 드라마(재방),30-40대,1.4,122,4,1650000,6600000
2024-05-01,Wed,0,1TV,15:00-18:00,생활정보,생활의 발견,30-40대,2.08,226,6,2750000,16500000
2024-05-01,Wed,0,2TV,15:00-18:00,생활정보,생활의 발견,30-40대,1.51,156,5,1840000,9200000
2024-05-01,Wed,0,1TV,18:00-21:00,뉴스,메인뉴스 9,전체가구,6.34,512,8,9150000,73200000
2024-05-01,Wed,0,2TV,18:00-21:00,뉴스,메인뉴스 9,전체가구,3.68,411,7,5790000,40530000
2024-05-01,Wed,0,1TV,21:00-24:00,드라마,월화수목 드라마,30-40대,4.8,486,7,7410000,51870000
2024-05-01,Wed,0,2TV,21:00-24:00,드라마,월화수목 드라마,30-40대,3.4,328,7,4920000,34440000
2024-05-02,Thu,0,1TV,06:00-09:00,뉴스,굿모닝 코리아,전체가구,2.09,249,6,2850000,17100000
2024-05-02,Thu,0,2TV,06:00-09:00,뉴스,굿모닝 코리아,전체가구,1.71,162,7,1970000,13790000
2024-05-02,Thu,0,1TV,09:00-12:00,시사교양,정보가 산다,40대 이상,1.55,155,7,2110000,14770000
2024-05-02,Thu,0,2TV,09:00-12:00,시사교양,정보가 산다,40대 이상,1.1,89,5,1410000,7050000
2024-05-02,Thu,0,1TV,12:00-15:00,드라마,오후의 드라마(재방),30-40대,1.62,139,4,2360000,9440000
2024-05-02,Thu,0,2TV,12:00-15:00,드라마,오후의 드라마(재방),30-40대,1.24,153,5,1610000,8050000
2024-05-02,Thu,0,1TV,15:00-18:00,생활정보,생활의 발견,30-40대,1.79,153,6,2640000,15840000
2024-05-02,Thu,0,2TV,15:00-18:00,생활정보,생활의 발견,30-40대,1.57,215,6,1850000,11100000
2024-05-02,Thu,0,1TV,18:00-21:00,뉴스,메인뉴스 9,전체가구,6.48,552,9,9220000,82980000
2024-05-02,Thu,0,2TV,18:00-21:00,뉴스,메인뉴스 9,전체가구,4.08,547,9,5900000,53100000
2024-05-02,Thu,0,1TV,21:00-24:00,드라마,월화수목 드라마,30-40대,4.3,373,6,7180000,43080000
2024-05-02,Thu,0,2TV,21:00-24:00,드라마,월화수목 드라마,30-40대,3.22,438,8,4870000,38960000
2024-05-03,Fri,0,1TV,06:00-09:00,뉴스,굿모닝 코리아,전체가구,2.73,344,7,3080000,21560000
2024-05-03,Fri,0,2TV,06:00-09:00,뉴스,굿모닝 코리아,전체가구,1.76,175,5,1980000,9900000
2024-05-03,Fri,0,1TV,09:00-12:00,시사교양,정보가 산다,40대 이상,1.59,133,6,2120000,12720000
2024-05-03,Fri,0,2TV,09:00-12:00,시사교양,정보가 산다,40대 이상,1.02,140,6,1390000,8340000
2024-05-03,Fri,0,1TV,12:00-15:00,드라마,오후의 드라마(재방),30-40대,1.65,229,4,2370000,9480000
2024-05-03,Fri,0,2TV,12:00-15:00,드라마,오후의 드라마(재방),30-40대,1.17,128,4,1590000,6360000
2024-05-03,Fri,0,1TV,15:00-18:00,생활정보,생활의 발견,30-40대,2.05,240,4,2740000,10960000
2024-05-03,Fri,0,2TV,15:00-18:00,생활정보,생활의 발견,30-40대,1.52,131,4,1840000,7360000
2024-05-03,Fri,0,1TV,18:00-21:00,뉴스,메인뉴스 9,전체가구,6.09,771,7,9040000,63280000
2024-05-03,Fri,0,2TV,18:00-21:00,뉴스,메인뉴스 9,전체가구,3.49,413,7,5730000,40110000
2024-05-03,Fri,0,1TV,21:00-24:00,드라마,월화수목 드라마,30-40대,4.41,538,7,7230000,50610000
2024-05-03,Fri,0,2TV,21:00-24:00,드라마,월화수목 드라마,30-40대,3.26,445,7,4880000,34160000
2024-05-04,Sat,1,1TV,06:00-09:00,뉴스,주말 아침뉴스,전체가구,2.3,284,5,2930000,14650000
2024-05-04,Sat,1,2TV,06:00-09:00,뉴스,주말 아침뉴스,전체가구,1.38,189,6,1890000,11340000
2024-05-04,Sat,1,1TV,09:00-12:00,다큐멘터리,세상 이야기,40대 이상,1.73,241,6,2170000,13020000
2024-05-04,Sat,1,2TV,09:00-12:00,다큐멘터리,세상 이야기,40대 이상,1.14,134,7,1420000,9940000
2024-05-04,Sat,1,1TV,12:00-15:00,스포츠,주말 스포츠 중계,전체가구,1.92,264,4,2470000,9880000
2024-05-04,Sat,1,2TV,12:00-15:00,스포츠,주말 스포츠 중계,전체가구,1.4,136,4,1650000,6600000
2024-05-04,Sat,1,1TV,15:00-18:00,예능,주말 예능 스페셜,20-30대,1.8,185,4,2650000,10600000
2024-05-04,Sat,1,2TV,15:00-18:00,예능,주말 예능 스페셜,20-30대,1.38,119,6,1810000,10860000
2024-05-04,Sat,1,1TV,18:00-21:00,예능,주말 버라이어티,20-30대,4.99,589,9,8550000,76950000
2024-05-04,Sat,1,2TV,18:00-21:00,예능,주말 버라이어티,20-30대,3.36,274,9,5690000,51210000
2024-05-04,Sat,1,1TV,21:00-24:00,영화,주말 특선영화,20-30대,4.59,586,8,7320000,58560000
2024-05-04,Sat,1,2TV,21:00-24:00,영화,주말 특선영화,20-30대,3.28,427,7,4880000,34160000
2024-05-05,Sun,1,1TV,06:00-09:00,뉴스,주말 아침뉴스,전체가구,2.03,204,6,2830000,16980000
2024-05-05,Sun,1,2TV,06:00-09:00,뉴스,주말 아침뉴스,전체가구,1.4,122,7,1900000,13300000
2024-05-05,Sun,1,1TV,09:00-12:00,다큐멘터리,세상 이야기,40대 이상,1.69,204,7,2160000,15120000
2024-05-05,Sun,1,2TV,09:00-12:00,다큐멘터리,세상 이야기,40대 이상,1.2,163,5,1440000,7200000
2024-05-05,Sun,1,1TV,12:00-15:00,스포츠,주말 스포츠 중계,전체가구,1.89,153,6,2460000,13788137
2024-05-05,Sun,1,2TV,12:00-15:00,스포츠,주말 스포츠 중계,전체가구,1.16,105,4,1590000,6360000
2024-05-05,Sun,1,1TV,15:00-18:00,예능,주말 예능 스페셜,20-30대,2.29,197,6,2830000,16980000
2024-05-05,Sun,1,2TV,15:00-18:00,예능,주말 예능 스페셜,20-30대,1.47,190,4,1830000,7320000
2024-05-05,Sun,1,1TV,18:00-21:00,예능,주말 버라이어티,20-30대,5.85,684,7,8930000,62510000
2024-05-05,Sun,1,2TV,18:00-21:00,예능,주말 버라이어티,20-30대,3.81,490,9,5820000,52380000
2024-05-05,Sun,1,1TV,21:00-24:00,영화,주말 특선영화,20-30대,4.49,622,8,7270000,58160000
2024-05-05,Sun,1,2TV,21:00-24:00,영화,주말 특선영화,20-30대,3.08,425,6,4830000,28980000
2024-05-06,Mon,0,1TV,06:00-09:00,뉴스,굿모닝 코리아,전체가구,2.44,244,5,2980000,14900000
2024-05-06,Mon,0,2TV,06:00-09:00,뉴스,굿모닝 코리아,전체가구,1.75,158,6,1980000,11880000
2024-05-06,Mon,0,1TV,09:00-12:00,시사교양,정보가 산다,40대 이상,1.68,228,5,2160000,10800000
2024-05-06,Mon,0,2TV,09:00-12:00,시사교양,정보가 산다,40대 이상,1.27,150,6,1450000,8700000
2024-05-06,Mon,0,1TV,12:00-15:00,드라마,오후의 드라마(재방),30-40대,1.62,177,4,2360000,9073128
2024-05-06,Mon,0,2TV,12:00-15:00,드라마,오후의 드라마(재방),30-40대,1.38,160,5,1640000,8200000
2024-05-06,Mon,0,1TV,15:00-18:00,생활정보,생활의 발견,30-40대,2.28,288,6,2830000,16980000
2024-05-06,Mon,0,2TV,15:00-18:00,생활정보,생활의 발견,30-40대,1.28,123,5,1780000,8900000
2024-05-06,Mon,0,1TV,18:00-21:00,뉴스,메인뉴스 9,전체가구,6.44,751,7,9200000,64400000
2024-05-06,Mon,0,2TV,18:00-21:00,뉴스,메인뉴스 9,전체가구,4.15,484,7,5920000,41440000
2024-05-06,Mon,0,1TV,21:00-24:00,드라마,월화수목 드라마,30-40대,5.14,518,6,7560000,45360000
2024-05-06,Mon,0,2TV,21:00-24:00,드라마,월화수목 드라마,30-40대,2.95,411,6,4790000,28740000
2024-05-07,Tue,0,1TV,06:00-09:00,뉴스,굿모닝 코리아,전체가구,2.63,366,7,3050000,21350000
2024-05-07,Tue,0,2TV,06:00-09:00,뉴스,굿모닝 코리아,전체가구,1.76,210,6,1980000,11880000
2024-05-07,Tue,0,1TV,09:00-12:00,시사교양,정보가 산다,40대 이상,1.51,134,6,2090000,12540000
2024-05-07,Tue,0,2TV,09:00-12:00,시사교양,정보가 산다,40대 이상,1.05,142,5,1400000,7000000
2024-05-07,Tue,0,1TV,12:00-15:00,드라마,오후의 드라마(재방),30-40대,1.77,188,5,2410000,12050000
2024-05-07,Tue,0,2TV,12:00-15:00,드라마,오후의 드라마(재방),30-40대,1.45,155,4,1660000,6640000
2024-05-07,Tue,0,1TV,15:00-18:00,생활정보,생활의 발견,30-40대,2.35,213,4,2860000,11440000
2024-05-07,Tue,0,2TV,15:00-18:00,생활정보,생활의 발견,30-40대,1.27,170,6,1780000,10680000
2024-05-07,Tue,0,1TV,18:00-21:00,뉴스,메인뉴스 9,전체가구,5.82,612,9,8920000,80280000
2024-05-07,Tue,0,2TV,18:00-21:00,뉴스,메인뉴스 9,전체가구,3.7,469,8,5790000,46320000
2024-05-07,Tue,0,1TV,21:00-24:00,드라마,월화수목 드라마,30-40대,4.37,458,6,7220000,43320000
2024-05-07,Tue,0,2TV,21:00-24:00,드라마,월화수목 드라마,30-40대,2.98,323,7,4800000,33600000
2024-05-08,Wed,0,1TV,06:00-09:00,뉴스,굿모닝 코리아,전체가구,2.32,216,7,2940000,20580000
2024-05-08,Wed,0,2TV,06:00-09:00,뉴스,굿모닝 코리아,전체가구,1.57,138,7,1940000,13580000
2024-05-08,Wed,0,1TV,09:00-12:00,시사교양,정보가 산다,40대 이상,1.63,157,6,2140000,12840000
2024-05-08,Wed,0,2TV,09:00-12:00,시사교양,정보가 산다,40대 이상,1.24,104,5,1450000,7250000
2024-05-08,Wed,0,1TV,12:00-15:00,드라마,오후의 드라마(재방),30-40대,1.88,198,5,2460000,12300000
2024-05-08,Wed,0,2TV,12:00-15:00,드라마,오후의 드라마(재방),30-40대,1.22,109,6,1610000,9660000
2024-05-08,Wed,0,1TV,15:00-18:00,생활정보,생활의 발견,30-40대,2.34,268,6,2850000,17100000
2024-05-08,Wed,0,2TV,15:00-18:00,생활정보,생활의 발견,30-40대,1.25,164,5,1780000,8900000
2024-05-08,Wed,0,1TV,18:00-21:00,뉴스,메인뉴스 9,전체가구,5.2,564,8,8640000,69120000
2024-05-08,Wed,0,2TV,18:00-21:00,뉴스,메인뉴스 9,전체가구,4.17,518,7,5930000,41510000
2024-05-08,Wed,0,1TV,21:00-24:00,드라마,월화수목 드라마,30-40대,4.64,433,8,7340000,58720000
2024-05-08,Wed,0,2TV,21:00-24:00,드라마,월화수목 드라마,30-40대,3.65,489,7,4990000,34930000
2024-05-09,Thu,0,1TV,06:00-09:00,뉴스,굿모닝 코리아,전체가구,2.04,221,7,2830000,18101083
2024-05-09,Thu,0,2TV,06:00-09:00,뉴스,굿모닝 코리아,전체가구,1.61,206,5,1950000,9750000
2024-05-09,Thu,0,1TV,09:00-12:00,시사교양,정보가 산다,40대 이상,1.57,178,5,2120000,10600000
2024-05-09,Thu,0,2TV,09:00-12:00,시사교양,정보가 산다,40대 이상,1.14,106,6,1420000,8520000
2024-05-09,Thu,0,1TV,12:00-15:00,드라마,오후의 드라마(재방),30-40대,1.98,169,5,2490000,12450000
2024-05-09,Thu,0,2TV,12:00-15:00,드라마,오후의 드라마(재방),30-40대,1.17,126,6,1590000,9540000
2024-05-09,Thu,0,1TV,15:00-18:00,생활정보,생활의 발견,30-40대,1.79,192,4,2640000,10560000
2024-05-09,Thu,0,2TV,15:00-18:00,생활정보,생활의 발견,30-40대,1.39,177,5,1810000,9050000
2024-05-09,Thu,0,1TV,18:00-21:00,뉴스,메인뉴스 9,전체가구,6.03,483,9,9010000,81090000
2024-05-09,Thu,0,2TV,18:00-21:00,뉴스,메인뉴스 9,전체가구,4.36,436,7,5980000,41860000
2024-05-09,Thu,0,1TV,21:00-24:00,드라마,월화수목 드라마,30-40대,5.09,620,8,7540000,60320000
2024-05-09,Thu,0,2TV,21:00-24:00,드라마,월화수목 드라마,30-40대,3.54,451,6,4960000,29760000
2024-05-10,Fri,0,1TV,06:00-09:00,뉴스,굿모닝 코리아,전체가구,2.25,306,7,2910000,20370000
2024-05-10,Fri,0,2TV,06:00-09:00,뉴스,굿모닝 코리아,전체가구,1.71,228,5,1970000,9850000
2024-05-10,Fri,0,1TV,09:00-12:00,시사교양,정보가 산다,40대 이상,1.69,139,6,2160000,12960000
2024-05-10,Fri,0,2TV,09:00-12:00,시사교양,정보가 산다,40대 이상,1.19,100,7,1430000,10010000
2024-05-10,Fri,0,1TV,12:00-15:00,드라마,오후의 드라마(재방),30-40대,1.69,169,6,2380000,14280000
2024-05-10,Fri,0,2TV,12:00-15:00,드라마,오후의 드라마(재방),30-40대,1.29,176,6,1620000,9720000
2024-05-10,Fri,0,1TV,15:00-18:00,생활정보,생활의 발견,30-40대,2.21,277,4,2800000,11200000
2024-05-10,Fri,0,2TV,15:00-18:00,생활정보,생활의 발견,30-40대,1.6,176,5,1860000,9300000
2024-05-10,Fri,0,1TV,18:00-21:00,뉴스,메인뉴스 9,전체가구,4.94,498,8,8520000,68160000
2024-05-10,Fri,0,2TV,18:00-21:00,뉴스,메인뉴스 9,전체가구,4.29,464,9,5960000,53640000
2024-05-10,Fri,0,1TV,21:00-24:00,드라마,월화수목 드라마,30-40대,4.78,466,8,7400000,59200000
2024-05-10,Fri,0,2TV,21:00-24:00,드라마,월화수목 드라마,30-40대,3.42,416,6,4920000,29520000
2024-05-11,Sat,1,1TV,06:00-09:00,뉴스,주말 아침뉴스,전체가구,2.64,225,6,3050000,18300000
2024-05-11,Sat,1,2TV,06:00-09:00,뉴스,주말 아침뉴스,전체가구,1.52,209,5,1930000,9650000
2024-05-11,Sat,1,1TV,09:00-12:00,다큐멘터리,세상 이야기,40대 이상,1.5,133,5,2090000,10450000
2024-05-11,Sat,1,2TV,09:00-12:00,다큐멘터리,세상 이야기,40대 이상,1.18,139,6,1430000,8580000
2024-05-11,Sat,1,1TV,12:00-15:00,스포츠,주말 스포츠 중계,전체가구,2.0,272,5,2500000,12500000
2024-05-11,Sat,1,2TV,12:00-15:00,스포츠,주말 스포츠 중계,전체가구,1.28,152,5,1620000,8100000
2024-05-11,Sat,1,1TV,15:00-18:00,예능,주말 예능 스페셜,20-30대,1.78,228,6,2640000,15840000
2024-05-11,Sat,1,2TV,15:00-18:00,예능,주말 예능 스페셜,20-30대,1.39,140,6,1810000,10860000
2024-05-11,Sat,1,1TV,18:00-21:00,예능,주말 버라이어티,20-30대,5.65,678,9,8840000,79560000
2024-05-11,Sat,1,2TV,18:00-21:00,예능,주말 버라이어티,20-30대,3.84,377,7,5830000,40810000
2024-05-11,Sat,1,1TV,21:00-24:00,영화,주말 특선영화,20-30대,4.46,568,6,7260000,43560000
2024-05-11,Sat,1,2TV,21:00-24:00,영화,주말 특선영화,20-30대,3.71,468,6,5010000,30060000
2024-05-12,Sun,1,1TV,06:00-09:00,뉴스,주말 아침뉴스,전체가구,2.21,304,7,2900000,20300000
2024-05-12,Sun,1,2TV,06:00-09:00,뉴스,주말 아침뉴스,전체가구,1.73,168,5,1970000,9850000
2024-05-12,Sun,1,1TV,09:00-12:00,다큐멘터리,세상 이야기,40대 이상,1.8,216,5,2200000,11000000
2024-05-12,Sun,1,2TV,09:00-12:00,다큐멘터리,세상 이야기,40대 이상,1.04,145,7,1400000,9800000
2024-05-12,Sun,1,1TV,12:00-15:00,스포츠,주말 스포츠 중계,전체가구,1.76,160,6,2410000,14460000
2024-05-12,Sun,1,2TV,12:00-15:00,스포츠,주말 스포츠 중계,전체가구,1.36,189,4,1640000,6560000
2024-05-12,Sun,1,1TV,15:00-18:00,예능,주말 예능 스페셜,20-30대,2.11,189,5,2770000,13850000
2024-05-12,Sun,1,2TV,15:00-18:00,예능,주말 예능 스페셜,20-30대,1.23,167,4,1770000,7080000
2024-05-12,Sun,1,1TV,18:00-21:00,예능,주말 버라이어티,20-30대,6.4,572,9,9180000,82620000
2024-05-12,Sun,1,2TV,18:00-21:00,예능,주말 버라이어티,20-30대,3.91,465,8,5850000,46800000
2024-05-12,Sun,1,1TV,21:00-24:00,영화,주말 특선영화,20-30대,4.43,605,8,7240000,57920000
2024-05-12,Sun,1,2TV,21:00-24:00,영화,주말 특선영화,20-30대,3.54,438,7,4960000,34720000
2024-05-13,Mon,0,1TV,06:00-09:00,뉴스,굿모닝 코리아,전체가구,2.09,227,5,2850000,14250000
2024-05-13,Mon,0,2TV,06:00-09:00,뉴스,굿모닝 코리아,전체가구,1.65,163,6,1960000,11760000
2024-05-13,Mon,0,1TV,09:00-12:00,시사교양,정보가 산다,40대 이상,1.56,158,6,2110000,12660000
2024-05-13,Mon,0,2TV,09:00-12:00,시사교양,정보가 산다,40대 이상,1.22,140,5,1440000,7200000
2024-05-13,Mon,0,1TV,12:00-15:00,드라마,오후의 드라마(재방),30-40대,2.04,187,4,2520000,10080000
2024-05-13,Mon,0,2TV,12:00-15:00,드라마,오후의 드라마(재방),30-40대,1.28,154,4,1620000,6480000
2024-05-13,Mon,0,1TV,15:00-18:00,생활정보,생활의 발견,30-40대,2.01,220,6,2730000,16380000
2024-05-13,Mon,0,2TV,15:00-18:00,생활정보,생활의 발견,30-40대,1.62,218,5,1870000,9350000
2024-05-13,Mon,0,1TV,18:00-21:00,뉴스,메인뉴스 9,전체가구,6.04,638,8,9020000,72160000
2024-05-13,Mon,0,2TV,18:00-21:00,뉴스,메인뉴스 9,전체가구,3.65,369,8,5780000,46240000
2024-05-13,Mon,0,1TV,21:00-24:00,드라마,월화수목 드라마,30-40대,4.14,512,7,7110000,49770000
2024-05-13,Mon,0,2TV,21:00-24:00,드라마,월화수목 드라마,30-40대,3.17,338,6,4850000,29100000
2024-05-14,Tue,0,1TV,06:00-09:00,뉴스,굿모닝 코리아,전체가구,2.7,285,6,3070000,18420000
2024-05-14,Tue,0,2TV,06:00-09:00,뉴스,굿모닝 코리아,전체가구,1.67,142,5,1960000,9800000
2024-05-14,Tue,0,1TV,09:00-12:00,시사교양,정보가 산다,40대 이상,1.95,217,6,2260000,13560000
2024-05-14,Tue,0,2TV,09:00-12:00,시사교양,정보가 산다,40대 이상,1.33,167,5,1470000,6810927
2024-05-14,Tue,0,1TV,12:00-15:00,드라마,오후의 드라마(재방),30-40대,1.76,159,5,2410000,12050000
2024-05-14,Tue,0,2TV,12:00-15:00,드라마,오후의 드라마(재방),30-40대,1.4,124,4,1650000,6600000
2024-05-14,Tue,0,1TV,15:00-18:00,생활정보,생활의 발견,30-40대,1.95,213,5,2700000,13500000
2024-05-14,Tue,0,2TV,15:00-18:00,생활정보,생활의 발견,30-40대,1.35,153,5,1800000,9000000
2024-05-14,Tue,0,1TV,18:00-21:00,뉴스,메인뉴스 9,전체가구,6.16,550,8,9070000,72560000
2024-05-14,Tue,0,2TV,18:00-21:00,뉴스,메인뉴스 9,전체가구,4.29,465,9,5960000,53640000
2024-05-14,Tue,0,1TV,21:00-24:00,드라마,월화수목 드라마,30-40대,4.42,401,8,7240000,57920000
2024-05-14,Tue,0,2TV,21:00-24:00,드라마,월화수목 드라마,30-40대,2.79,351,7,4740000,33180000
2024-05-15,Wed,0,1TV,06:00-09:00,뉴스,굿모닝 코리아,전체가구,2.05,256,7,2840000,19880000
2024-05-15,Wed,0,2TV,06:00-09:00,뉴스,굿모닝 코리아,전체가구,1.59,152,7,1940000,13580000
2024-05-15,Wed,0,1TV,09:00-12:00,시사교양,정보가 산다,40대 이상,1.8,157,7,2200000,15400000
2024-05-15,Wed,0,2TV,09:00-12:00,시사교양,정보가 산다,40대 이상,1.0,96,7,1390000,9730000
2024-05-15,Wed,0,1TV,12:00-15:00,드라마,오후의 드라마(재방),30-40대,1.79,238,4,2420000,9680000
2024-05-15,Wed,0,2TV,12:00-15:00,드라마,오후의 드라마(재방),30-40대,1.13,115,6,1580000,9480000
2024-05-15,Wed,0,1TV,15:00-18:00,생활정보,생활의 발견,30-40대,1.99,194,6,2720000,16320000
2024-05-15,Wed,0,2TV,15:00-18:00,생활정보,생활의 발견,30-40대,1.25,115,6,1780000,10680000
2024-05-15,Wed,0,1TV,18:00-21:00,뉴스,메인뉴스 9,전체가구,4.98,623,9,8540000,76860000
2024-05-15,Wed,0,2TV,18:00-21:00,뉴스,메인뉴스 9,전체가구,3.68,481,8,5790000,46320000
2024-05-15,Wed,0,1TV,21:00-24:00,드라마,월화수목 드라마,30-40대,5.0,509,8,7500000,60000000
2024-05-15,Wed,0,2TV,21:00-24:00,드라마,월화수목 드라마,30-40대,3.57,288,8,4970000,39760000
2024-05-16,Thu,0,1TV,06:00-09:00,뉴스,굿모닝 코리아,전체가구,2.56,268,5,3020000,15100000
2024-05-16,Thu,0,2TV,06:00-09:00,뉴스,굿모닝 코리아,전체가구,1.46,136,5,1910000,9550000
2024-05-16,Thu,0,1TV,09:00-12:00,시사교양,정보가 산다,40대 이상,1.73,210,7,2170000,15190000
2024-05-16,Thu,0,2TV,09:00-12:00,시사교양,정보가 산다,40대 이상,1.24,151,5,1450000,7250000
2024-05-16,Thu,0,1TV,12:00-15:00,드라마,오후의 드라마(재방),30-40대,2.12,184,4,2540000,10160000
2024-05-16,Thu,0,2TV,12:00-15:00,드라마,오후의 드라마(재방),30-40대,1.29,127,5,1620000,8100000
2024-05-16,Thu,0,1TV,15:00-18:00,생활정보,생활의 발견,30-40대,2.04,284,6,2740000,16440000
2024-05-16,Thu,0,2TV,15:00-18:00,생활정보,생활의 발견,30-40대,1.36,167,4,1800000,7200000
2024-05-16,Thu,0,1TV,18:00-21:00,뉴스,메인뉴스 9,전체가구,5.02,440,9,8560000,77040000
2024-05-16,Thu,0,2TV,18:00-21:00,뉴스,메인뉴스 9,전체가구,3.58,313,7,5760000,40320000
2024-05-16,Thu,0,1TV,21:00-24:00,드라마,월화수목 드라마,30-40대,4.61,580,6,7320000,43920000
2024-05-16,Thu,0,2TV,21:00-24:00,드라마,월화수목 드라마,30-40대,3.52,442,6,4950000,29700000
2024-05-17,Fri,0,1TV,06:00-09:00,뉴스,굿모닝 코리아,전체가구,2.03,243,7,2830000,19810000
2024-05-17,Fri,0,2TV,06:00-09:00,뉴스,굿모닝 코리아,전체가구,1.44,137,5,1910000,9550000
2024-05-17,Fri,0,1TV,09:00-12:00,시사교양,정보가 산다,40대 이상,1.45,124,5,2070000,10350000
2024-05-17,Fri,0,2TV,09:00-12:00,시사교양,정보가 산다,40대 이상,1.07,143,5,1410000,7050000
2024-05-17,Fri,0,1TV,12:00-15:00,드라마,오후의 드라마(재방),30-40대,1.62,144,6,2360000,14160000
2024-05-17,Fri,0,2TV,12:00-15:00,드라마,오후의 드라마(재방),30-40대,1.48,149,4,1670000,6680000
2024-05-17,Fri,0,1TV,15:00-18:00,생활정보,생활의 발견,30-40대,2.25,263,6,2820000,16920000
2024-05-17,Fri,0,2TV,15:00-18:00,생활정보,생활의 발견,30-40대,1.26,145,4,1780000,7120000
2024-05-17,Fri,0,1TV,18:00-21:00,뉴스,메인뉴스 9,전체가구,6.03,831,7,9010000,63070000
2024-05-17,Fri,0,2TV,18:00-21:00,뉴스,메인뉴스 9,전체가구,3.94,545,7,5860000,41020000
2024-05-17,Fri,0,1TV,21:00-24:00,드라마,월화수목 드라마,30-40대,5.31,696,7,7640000,53480000
2024-05-17,Fri,0,2TV,21:00-24:00,드라마,월화수목 드라마,30-40대,3.34,355,6,4900000,29400000
2024-05-18,Sat,1,1TV,06:00-09:00,뉴스,주말 아침뉴스,전체가구,2.26,232,5,2910000,14550000
2024-05-18,Sat,1,2TV,06:00-09:00,뉴스,주말 아침뉴스,전체가구,1.58,199,6,1940000,11640000
2024-05-18,Sat,1,1TV,09:00-12:00,다큐멘터리,세상 이야기,40대 이상,1.5,132,6,2090000,12540000
2024-05-18,Sat,1,2TV,09:00-12:00,다큐멘터리,세상 이야기,40대 이상,1.19,98,6,1430000,8580000
2024-05-18,Sat,1,1TV,12:00-15:00,스포츠,주말 스포츠 중계,전체가구,1.82,195,6,2430000,14580000
2024-05-18,Sat,1,2TV,12:00-15:00,스포츠,주말 스포츠 중계,전체가구,1.49,159,6,1670000,10020000
2024-05-18,Sat,1,1TV,15:00-18:00,예능,주말 예능 스페셜,20-30대,2.38,252,4,2870000,11480000
2024-05-18,Sat,1,2TV,15:00-18:00,예능,주말 예능 스페셜,20-30대,1.56,213,5,1850000,9250000
2024-05-18,Sat,1,1TV,18:00-21:00,예능,주말 버라이어티,20-30대,6.51,713,7,9230000,64610000
2024-05-18,Sat,1,2TV,18:00-21:00,예능,주말 버라이어티,20-30대,3.93,474,7,5860000,41020000
2024-05-18,Sat,1,1TV,21:00-24:00,영화,주말 특선영화,20-30대,4.58,529,6,7310000,43860000
2024-05-18,Sat,1,2TV,21:00-24:00,영화,주말 특선영화,20-30대,3.63,327,7,4990000,34930000
2024-05-19,Sun,1,1TV,06:00-09:00,뉴스,주말 아침뉴스,전체가구,2.24,259,6,2910000,17460000
2024-05-19,Sun,1,2TV,06:00-09:00,뉴스,주말 아침뉴스,전체가구,1.79,221,6,1990000,11940000
2024-05-19,Sun,1,1TV,09:00-12:00,다큐멘터리,세상 이야기,40대 이상,1.83,212,7,2210000,15470000
2024-05-19,Sun,1,2TV,09:00-12:00,다큐멘터리,세상 이야기,40대 이상,1.12,134,6,1420000,8520000
2024-05-19,Sun,1,1TV,12:00-15:00,스포츠,주말 스포츠 중계,전체가구,1.89,168,5,2460000,12300000
2024-05-19,Sun,1,2TV,12:00-15:00,스포츠,주말 스포츠 중계,전체가구,1.2,132,6,1600000,9600000
2024-05-19,Sun,1,1TV,15:00-18:00,예능,주말 예능 스페셜,20-30대,1.78,221,4,2640000,10560000
2024-05-19,Sun,1,2TV,15:00-18:00,예능,주말 예능 스페셜,20-30대,1.23,112,6,1770000,10620000
2024-05-19,Sun,1,1TV,18:00-21:00,예능,주말 버라이어티,20-30대,5.07,595,7,8580000,60060000
2024-05-19,Sun,1,2TV,18:00-21:00,예능,주말 버라이어티,20-30대,4.09,455,8,5910000,47280000
2024-05-19,Sun,1,1TV,21:00-24:00,영화,주말 특선영화,20-30대,4.29,514,7,7180000,50260000
2024-05-19,Sun,1,2TV,21:00-24:00,영화,주말 특선영화,20-30대,3.29,423,8,4890000,39120000
2024-05-20,Mon,0,1TV,06:00-09:00,뉴스,굿모닝 코리아,전체가구,2.68,219,6,3060000,18360000
2024-05-20,Mon,0,2TV,06:00-09:00,뉴스,굿모닝 코리아,전체가구,1.44,154,6,1910000,11460000
2024-05-20,Mon,0,1TV,09:00-12:00,시사교양,정보가 산다,40대 이상,1.46,132,7,2080000,14560000
2024-05-20,Mon,0,2TV,09:00-12:00,시사교양,정보가 산다,40대 이상,1.1,135,6,1410000,8460000
2024-05-20,Mon,0,1TV,12:00-15:00,드라마,오후의 드라마(재방),30-40대,1.78,184,4,2420000,9680000
2024-05-20,Mon,0,2TV,12:00-15:00,드라마,오후의 드라마(재방),30-40대,1.3,147,6,1620000,9720000
2024-05-20,Mon,0,1TV,15:00-18:00,생활정보,생활의 발견,30-40대,2.06,270,6,2750000,16500000
2024-05-20,Mon,0,2TV,15:00-18:00,생활정보,생활의 발견,30-40대,1.33,154,5,1800000,9000000
2024-05-20,Mon,0,1TV,18:00-21:00,뉴스,메인뉴스 9,전체가구,5.41,750,8,8730000,69840000
2024-05-20,Mon,0,2TV,18:00-21:00,뉴스,메인뉴스 9,전체가구,4.01,352,8,5880000,47040000
2024-05-20,Mon,0,1TV,21:00-24:00,드라마,월화수목 드라마,30-40대,5.05,412,8,7520000,60160000
2024-05-20,Mon,0,2TV,21:00-24:00,드라마,월화수목 드라마,30-40대,2.86,288,7,4760000,33320000
2024-05-21,Tue,0,1TV,06:00-09:00,뉴스,굿모닝 코리아,전체가구,2.04,193,5,2830000,14150000
2024-05-21,Tue,0,2TV,06:00-09:00,뉴스,굿모닝 코리아,전체가구,1.67,225,5,1960000,9800000
2024-05-21,Tue,0,1TV,09:00-12:00,시사교양,정보가 산다,40대 이상,1.5,135,7,2090000,14630000
2024-05-21,Tue,0,2TV,09:00-12:00,시사교양,정보가 산다,40대 이상,1.16,153,7,1430000,10010000
2024-05-21,Tue,0,1TV,12:00-15:00,드라마,오후의 드라마(재방),30-40대,1.84,149,5,2440000,12200000
2024-05-21,Tue,0,2TV,12:00-15:00,드라마,오후의 드라마(재방),30-40대,1.49,153,5,1670000,8350000
2024-05-21,Tue,0,1TV,15:00-18:00,생활정보,생활의 발견,30-40대,1.82,199,6,2650000,15900000
2024-05-21,Tue,0,2TV,15:00-18:00,생활정보,생활의 발견,30-40대,1.36,150,6,1800000,10800000
2024-05-21,Tue,0,1TV,18:00-21:00,뉴스,메인뉴스 9,전체가구,5.85,596,8,8930000,71440000
2024-05-21,Tue,0,2TV,18:00-21:00,뉴스,메인뉴스 9,전체가구,4.06,562,7,5900000,41300000
2024-05-21,Tue,0,1TV,21:00-24:00,드라마,월화수목 드라마,30-40대,4.76,463,6,7390000,44340000
2024-05-21,Tue,0,2TV,21:00-24:00,드라마,월화수목 드라마,30-40대,3.32,426,8,4900000,39200000
2024-05-22,Wed,0,1TV,06:00-09:00,뉴스,굿모닝 코리아,전체가구,2.07,270,5,2850000,14250000
2024-05-22,Wed,0,2TV,06:00-09:00,뉴스,굿모닝 코리아,전체가구,1.51,172,7,1920000,13440000
2024-05-22,Wed,0,1TV,09:00-12:00,시사교양,정보가 산다,40대 이상,1.55,198,7,2110000,14770000
2024-05-22,Wed,0,2TV,09:00-12:00,시사교양,정보가 산다,40대 이상,1.17,115,7,1430000,10010000
2024-05-22,Wed,0,1TV,12:00-15:00,드라마,오후의 드라마(재방),30-40대,1.71,178,6,2390000,14340000
2024-05-22,Wed,0,2TV,12:00-15:00,드라마,오후의 드라마(재방),30-40대,1.37,155,4,1640000,6560000
2024-05-22,Wed,0,1TV,15:00-18:00,생활정보,생활의 발견,30-40대,2.08,190,5,2750000,13750000
2024-05-22,Wed,0,2TV,15:00-18:00,생활정보,생활의 발견,30-40대,1.63,203,5,1870000,9350000
2024-05-22,Wed,0,1TV,18:00-21:00,뉴스,메인뉴스 9,전체가구,5.88,756,8,8950000,71600000
2024-05-22,Wed,0,2TV,18:00-21:00,뉴스,메인뉴스 9,전체가구,4.17,349,7,5930000,41510000
2024-05-22,Wed,0,1TV,21:00-24:00,드라마,월화수목 드라마,30-40대,4.21,375,8,7140000,57120000
2024-05-22,Wed,0,2TV,21:00-24:00,드라마,월화수목 드라마,30-40대,3.59,376,6,4970000,29820000
2024-05-23,Thu,0,1TV,06:00-09:00,뉴스,굿모닝 코리아,전체가구,2.6,250,6,3040000,18240000
2024-05-23,Thu,0,2TV,06:00-09:00,뉴스,굿모닝 코리아,전체가구,1.51,175,6,1920000,11520000
2024-05-23,Thu,0,1TV,09:00-12:00,시사교양,정보가 산다,40대 이상,1.52,124,6,2100000,12600000
2024-05-23,Thu,0,2TV,09:00-12:00,시사교양,정보가 산다,40대 이상,1.19,126,7,1430000,10010000
2024-05-23,Thu,0,1TV,12:00-15:00,드라마,오후의 드라마(재방),30-40대,1.71,165,4,2390000,9560000
2024-05-23,Thu,0,2TV,12:00-15:00,드라마,오후의 드라마(재방),30-40대,1.42,170,4,1650000,6600000
2024-05-23,Thu,0,1TV,15:00-18:00,생활정보,생활의 발견,30-40대,1.79,221,4,2640000,10560000
2024-05-23,Thu,0,2TV,15:00-18:00,생활정보,생활의 발견,30-40대,1.6,158,5,1860000,9300000
2024-05-23,Thu,0,1TV,18:00-21:00,뉴스,메인뉴스 9,전체가구,6.33,661,8,9150000,73200000
2024-05-23,Thu,0,2TV,18:00-21:00,뉴스,메인뉴스 9,전체가구,4.35,452,9,5980000,53820000
2024-05-23,Thu,0,1TV,21:00-24:00,드라마,월화수목 드라마,30-40대,4.33,495,8,7200000,57600000
2024-05-23,Thu,0,2TV,21:00-24:00,드라마,월화수목 드라마,30-40대,3.27,424,8,4880000,39040000
2024-05-24,Fri,0,1TV,06:00-09:00,뉴스,굿모닝 코리아,전체가구,2.62,247,5,3040000,15200000
2024-05-24,Fri,0,2TV,06:00-09:00,뉴스,굿모닝 코리아,전체가구,1.53,199,7,1930000,13510000
2024-05-24,Fri,0,1TV,09:00-12:00,시사교양,정보가 산다,40대 이상,1.82,171,6,2210000,13260000
2024-05-24,Fri,0,2TV,09:00-12:00,시사교양,정보가 산다,40대 이상,1.03,96,6,1400000,8400000
2024-05-24,Fri,0,1TV,12:00-15:00,드라마,오후의 드라마(재방),30-40대,1.74,201,5,2400000,12000000
2024-05-24,Fri,0,2TV,12:00-15:00,드라마,오후의 드라마(재방),30-40대,1.38,120,6,1640000,9840000
2024-05-24,Fri,0,1TV,15:00-18:00,생활정보,생활의 발견,30-40대,2.18,300,4,2790000,11160000
2024-05-24,Fri,0,2TV,15:00-18:00,생활정보,생활의 발견,30-40대,1.52,197,4,1840000,7360000
2024-05-24,Fri,0,1TV,18:00-21:00,뉴스,메인뉴스 9,전체가구,6.33,520,9,9150000,82350000
2024-05-24,Fri,0,2TV,18:00-21:00,뉴스,메인뉴스 9,전체가구,4.42,537,9,6000000,54000000
2024-05-24,Fri,0,1TV,21:00-24:00,드라마,월화수목 드라마,30-40대,4.78,471,8,7400000,59200000
2024-05-24,Fri,0,2TV,21:00-24:00,드라마,월화수목 드라마,30-40대,3.55,310,6,4960000,29760000
2024-05-25,Sat,1,1TV,06:00-09:00,뉴스,주말 아침뉴스,전체가구,2.27,306,6,2920000,17520000
2024-05-25,Sat,1,2TV,06:00-09:00,뉴스,주말 아침뉴스,전체가구,1.83,179,5,2000000,10000000
2024-05-25,Sat,1,1TV,09:00-12:00,다큐멘터리,세상 이야기,40대 이상,1.88,168,6,2230000,13380000
2024-05-25,Sat,1,2TV,09:00-12:00,다큐멘터리,세상 이야기,40대 이상,1.3,164,6,1460000,8760000
2024-05-25,Sat,1,1TV,12:00-15:00,스포츠,주말 스포츠 중계,전체가구,1.75,148,5,2410000,12050000
2024-05-25,Sat,1,2TV,12:00-15:00,스포츠,주말 스포츠 중계,전체가구,1.27,166,6,1620000,9720000
2024-05-25,Sat,1,1TV,15:00-18:00,예능,주말 예능 스페셜,20-30대,2.33,200,4,2850000,11400000
2024-05-25,Sat,1,2TV,15:00-18:00,예능,주말 예능 스페셜,20-30대,1.43,145,6,1820000,10920000
2024-05-25,Sat,1,1TV,18:00-21:00,예능,주말 버라이어티,20-30대,5.72,570,9,8870000,68354586
2024-05-25,Sat,1,2TV,18:00-21:00,예능,주말 버라이어티,20-30대,4.07,479,9,5900000,53100000
2024-05-25,Sat,1,1TV,21:00-24:00,영화,주말 특선영화,20-30대,4.56,537,7,7300000,51100000
2024-05-25,Sat,1,2TV,21:00-24:00,영화,주말 특선영화,20-30대,2.87,273,8,4760000,38080000
2024-05-26,Sun,1,1TV,06:00-09:00,뉴스,주말 아침뉴스,전체가구,2.58,325,7,3030000,21210000
2024-05-26,Sun,1,2TV,06:00-09:00,뉴스,주말 아침뉴스,전체가구,1.77,176,6,1980000,11880000
2024-05-26,Sun,1,1TV,09:00-12:00,다큐멘터리,세상 이야기,40대 이상,1.51,137,7,2090000,14630000
2024-05-26,Sun,1,2TV,09:00-12:00,다큐멘터리,세상 이야기,40대 이상,1.28,118,6,1460000,8760000
2024-05-26,Sun,1,1TV,12:00-15:00,스포츠,주말 스포츠 중계,전체가구,1.82,187,6,2430000,14580000
2024-05-26,Sun,1,2TV,12:00-15:00,스포츠,주말 스포츠 중계,전체가구,1.47,199,6,1670000,10020000
2024-05-26,Sun,1,1TV,15:00-18:00,예능,주말 예능 스페셜,20-30대,1.9,162,5,2690000,13450000
2024-05-26,Sun,1,2TV,15:00-18:00,예능,주말 예능 스페셜,20-30대,1.52,137,5,1840000,9200000
2024-05-26,Sun,1,1TV,18:00-21:00,예능,주말 버라이어티,20-30대,5.81,517,8,8910000,71280000
2024-05-26,Sun,1,2TV,18:00-21:00,예능,주말 버라이어티,20-30대,3.98,322,9,5870000,52830000
2024-05-26,Sun,1,1TV,21:00-24:00,영화,주말 특선영화,20-30대,5.29,567,8,7630000,61040000
2024-05-26,Sun,1,2TV,21:00-24:00,영화,주말 특선영화,20-30대,2.98,275,7,4800000,33600000
2024-05-27,Mon,0,1TV,06:00-09:00,뉴스,굿모닝 코리아,전체가구,2.34,205,5,2940000,14700000
2024-05-27,Mon,0,2TV,06:00-09:00,뉴스,굿모닝 코리아,전체가구,1.87,181,7,2010000,14070000
2024-05-27,Mon,0,1TV,09:00-12:00,시사교양,정보가 산다,40대 이상,1.53,195,5,2100000,10500000
2024-05-27,Mon,0,2TV,09:00-12:00,시사교양,정보가 산다,40대 이상,1.09,128,5,1410000,7050000
2024-05-27,Mon,0,1TV,12:00-15:00,드라마,오후의 드라마(재방),30-40대,1.98,213,4,2490000,9960000
2024-05-27,Mon,0,2TV,12:00-15:00,드라마,오후의 드라마(재방),30-40대,1.44,199,5,1660000,8300000
2024-05-27,Mon,0,1TV,15:00-18:00,생활정보,생활의 발견,30-40대,2.2,270,6,2800000,16800000
2024-05-27,Mon,0,2TV,15:00-18:00,생활정보,생활의 발견,30-40대,1.25,142,4,1780000,7120000
2024-05-27,Mon,0,1TV,18:00-21:00,뉴스,메인뉴스 9,전체가구,5.19,698,9,8640000,77760000
2024-05-27,Mon,0,2TV,18:00-21:00,뉴스,메인뉴스 9,전체가구,4.45,516,9,6010000,54090000
2024-05-27,Mon,0,1TV,21:00-24:00,드라마,월화수목 드라마,30-40대,4.0,441,7,7050000,49350000
2024-05-27,Mon,0,2TV,21:00-24:00,드라마,월화수목 드라마,30-40대,3.15,322,8,4850000,33815157
2024-05-28,Tue,0,1TV,06:00-09:00,뉴스,굿모닝 코리아,전체가구,2.12,232,6,2860000,17160000
2024-05-28,Tue,0,2TV,06:00-09:00,뉴스,굿모닝 코리아,전체가구,1.45,144,7,1910000,13370000
2024-05-28,Tue,0,1TV,09:00-12:00,시사교양,정보가 산다,40대 이상,1.57,155,5,2120000,10600000
2024-05-28,Tue,0,2TV,09:00-12:00,시사교양,정보가 산다,40대 이상,1.34,130,6,1470000,8820000
2024-05-28,Tue,0,1TV,12:00-15:00,드라마,오후의 드라마(재방),30-40대,1.76,233,6,2410000,14460000
2024-05-28,Tue,0,2TV,12:00-15:00,드라마,오후의 드라마(재방),30-40대,1.47,163,5,1670000,8350000
2024-05-28,Tue,0,1TV,15:00-18:00,생활정보,생활의 발견,30-40대,1.95,272,4,2700000,10800000
2024-05-28,Tue,0,2TV,15:00-18:00,생활정보,생활의 발견,30-40대,1.61,190,5,1860000,9300000
2024-05-28,Tue,0,1TV,18:00-21:00,뉴스,메인뉴스 9,전체가구,5.04,473,7,8570000,59990000
2024-05-28,Tue,0,2TV,18:00-21:00,뉴스,메인뉴스 9,전체가구,3.51,379,7,5740000,40180000
2024-05-28,Tue,0,1TV,21:00-24:00,드라마,월화수목 드라마,30-40대,5.3,437,7,7640000,53480000
2024-05-28,Tue,0,2TV,21:00-24:00,드라마,월화수목 드라마,30-40대,3.31,356,6,4890000,29340000
2024-05-29,Wed,0,1TV,06:00-09:00,뉴스,굿모닝 코리아,전체가구,2.61,228,5,3040000,15200000
2024-05-29,Wed,0,2TV,06:00-09:00,뉴스,굿모닝 코리아,전체가구,1.52,198,7,1930000,13510000
2024-05-29,Wed,0,1TV,09:00-12:00,시사교양,정보가 산다,40대 이상,1.57,210,7,2120000,14840000
2024-05-29,Wed,0,2TV,09:00-12:00,시사교양,정보가 산다,40대 이상,1.34,108,7,1470000,10290000
2024-05-29,Wed,0,1TV,12:00-15:00,드라마,오후의 드라마(재방),30-40대,2.11,200,5,2540000,12700000
2024-05-29,Wed,0,2TV,12:00-15:00,드라마,오후의 드라마(재방),30-40대,1.45,118,6,1660000,9960000
2024-05-29,Wed,0,1TV,15:00-18:00,생활정보,생활의 발견,30-40대,1.83,187,4,2660000,10640000
2024-05-29,Wed,0,2TV,15:00-18:00,생활정보,생활의 발견,30-40대,1.28,109,6,1780000,10680000
2024-05-29,Wed,0,1TV,18:00-21:00,뉴스,메인뉴스 9,전체가구,5.55,762,9,8800000,79200000
2024-05-29,Wed,0,2TV,18:00-21:00,뉴스,메인뉴스 9,전체가구,3.7,306,9,5790000,52110000
2024-05-29,Wed,0,1TV,21:00-24:00,드라마,월화수목 드라마,30-40대,4.45,551,8,7250000,58000000
2024-05-29,Wed,0,2TV,21:00-24:00,드라마,월화수목 드라마,30-40대,3.54,311,6,4960000,29760000
2024-05-30,Thu,0,1TV,06:00-09:00,뉴스,굿모닝 코리아,전체가구,2.19,280,7,2890000,20230000
2024-05-30,Thu,0,2TV,06:00-09:00,뉴스,굿모닝 코리아,전체가구,1.85,190,6,2000000,12000000
2024-05-30,Thu,0,1TV,09:00-12:00,시사교양,정보가 산다,40대 이상,1.56,197,6,2110000,12660000
2024-05-30,Thu,0,2TV,09:00-12:00,시사교양,정보가 산다,40대 이상,1.29,116,6,1460000,8760000
2024-05-30,Thu,0,1TV,12:00-15:00,드라마,오후의 드라마(재방),30-40대,2.02,241,4,2510000,10040000
2024-05-30,Thu,0,2TV,12:00-15:00,드라마,오후의 드라마(재방),30-40대,1.42,176,5,1650000,8250000
2024-05-30,Thu,0,1TV,15:00-18:00,생활정보,생활의 발견,30-40대,2.13,216,4,2770000,11080000
2024-05-30,Thu,0,2TV,15:00-18:00,생활정보,생활의 발견,30-40대,1.44,158,5,1820000,9100000
2024-05-30,Thu,0,1TV,18:00-21:00,뉴스,메인뉴스 9,전체가구,5.74,605,8,8880000,71040000
2024-05-30,Thu,0,2TV,18:00-21:00,뉴스,메인뉴스 9,전체가구,4.03,427,8,5890000,47120000
2024-05-30,Thu,0,1TV,21:00-24:00,드라마,월화수목 드라마,30-40대,4.71,652,8,7370000,58960000
2024-05-30,Thu,0,2TV,21:00-24:00,드라마,월화수목 드라마,30-40대,3.43,306,7,4930000,34510000
2024-05-31,Fri,0,1TV,06:00-09:00,뉴스,굿모닝 코리아,전체가구,2.45,208,6,2980000,17880000
2024-05-31,Fri,0,2TV,06:00-09:00,뉴스,굿모닝 코리아,전체가구,1.82,198,5,2000000,10000000
2024-05-31,Fri,0,1TV,09:00-12:00,시사교양,정보가 산다,40대 이상,1.78,174,5,2190000,10950000
2024-05-31,Fri,0,2TV,09:00-12:00,시사교양,정보가 산다,40대 이상,1.1,91,5,1410000,7050000
2024-05-31,Fri,0,1TV,12:00-15:00,드라마,오후의 드라마(재방),30-40대,1.88,208,5,2460000,12300000
2024-05-31,Fri,0,2TV,12:00-15:00,드라마,오후의 드라마(재방),30-40대,1.36,155,5,1640000,8200000
2024-05-31,Fri,0,1TV,15:00-18:00,생활정보,생활의 발견,30-40대,2.12,267,4,2770000,11080000
2024-05-31,Fri,0,2TV,15:00-18:00,생활정보,생활의 발견,30-40대,1.5,136,4,1840000,7360000
2024-05-31,Fri,0,1TV,18:00-21:00,뉴스,메인뉴스 9,전체가구,4.86,510,9,8490000,76410000
2024-05-31,Fri,0,2TV,18:00-21:00,뉴스,메인뉴스 9,전체가구,4.0,429,9,5880000,52920000
2024-05-31,Fri,0,1TV,21:00-24:00,드라마,월화수목 드라마,30-40대,5.12,514,6,7550000,45300000
2024-05-31,Fri,0,2TV,21:00-24:00,드라마,월화수목 드라마,30-40대,2.84,395,7,4760000,33320000
2024-06-01,Sat,1,1TV,06:00-09:00,뉴스,주말 아침뉴스,전체가구,2.07,232,5,2850000,14250000
2024-06-01,Sat,1,2TV,06:00-09:00,뉴스,주말 아침뉴스,전체가구,1.39,166,6,1900000,11400000
2024-06-01,Sat,1,1TV,09:00-12:00,다큐멘터리,세상 이야기,40대 이상,1.87,258,7,2230000,15610000
2024-06-01,Sat,1,2TV,09:00-12:00,다큐멘터리,세상 이야기,40대 이상,1.1,142,7,1410000,9870000
2024-06-01,Sat,1,1TV,12:00-15:00,스포츠,주말 스포츠 중계,전체가구,1.97,239,5,2490000,12450000
2024-06-01,Sat,1,2TV,12:00-15:00,스포츠,주말 스포츠 중계,전체가구,1.14,100,4,1590000,6360000
2024-06-01,Sat,1,1TV,15:00-18:00,예능,주말 예능 스페셜,20-30대,1.76,243,4,2630000,10520000
2024-06-01,Sat,1,2TV,15:00-18:00,예능,주말 예능 스페셜,20-30대,1.49,177,5,1830000,9150000
2024-06-01,Sat,1,1TV,18:00-21:00,예능,주말 버라이어티,20-30대,6.23,700,7,9100000,63700000
2024-06-01,Sat,1,2TV,18:00-21:00,예능,주말 버라이어티,20-30대,3.86,419,7,5840000,40880000
2024-06-01,Sat,1,1TV,21:00-24:00,영화,주말 특선영화,20-30대,5.25,653,7,7610000,53270000
2024-06-01,Sat,1,2TV,21:00-24:00,영화,주말 특선영화,20-30대,3.22,424,8,4870000,38960000
2024-06-02,Sun,1,1TV,06:00-09:00,뉴스,주말 아침뉴스,전체가구,2.2,285,6,2890000,17340000
2024-06-02,Sun,1,2TV,06:00-09:00,뉴스,주말 아침뉴스,전체가구,1.39,164,7,1900000,13300000
2024-06-02,Sun,1,1TV,09:00-12:00,다큐멘터리,세상 이야기,40대 이상,1.64,180,7,2140000,14980000
2024-06-02,Sun,1,2TV,09:00-12:00,다큐멘터리,세상 이야기,40대 이상,1.19,116,6,1430000,8580000
2024-06-02,Sun,1,1TV,12:00-15:00,스포츠,주말 스포츠 중계,전체가구,1.88,232,6,2460000,14760000
2024-06-02,Sun,1,2TV,12:00-15:00,스포츠,주말 스포츠 중계,전체가구,1.44,135,4,1660000,6640000
2024-06-02,Sun,1,1TV,15:00-18:00,예능,주말 예능 스페셜,20-30대,2.01,199,4,2730000,10920000
2024-06-02,Sun,1,2TV,15:00-18:00,예능,주말 예능 스페셜,20-30대,1.49,199,4,1830000,7320000
2024-06-02,Sun,1,1TV,18:00-21:00,예능,주말 버라이어티,20-30대,6.36,641,9,9160000,82440000
2024-06-02,Sun,1,2TV,18:00-21:00,예능,주말 버라이어티,20-30대,3.5,433,8,5730000,45840000
2024-06-02,Sun,1,1TV,21:00-24:00,영화,주말 특선영화,20-30대,4.31,402,8,7190000,57520000
2024-06-02,Sun,1,2TV,21:00-24:00,영화,주말 특선영화,20-30대,3.35,437,8,4900000,39200000
2024-06-03,Mon,0,1TV,06:00-09:00,뉴스,굿모닝 코리아,전체가구,2.61,322,6,3040000,18240000
2024-06-03,Mon,0,2TV,06:00-09:00,뉴스,굿모닝 코리아,전체가구,1.79,215,7,1990000,13930000
2024-06-03,Mon,0,1TV,09:00-12:00,시사교양,정보가 산다,40대 이상,1.67,231,5,2150000,10750000
2024-06-03,Mon,0,2TV,09:00-12:00,시사교양,정보가 산다,40대 이상,1.09,136,7,1410000,9870000
2024-06-03,Mon,0,1TV,12:00-15:00,드라마,오후의 드라마(재방),30-40대,1.69,151,5,2380000,11900000
2024-06-03,Mon,0,2TV,12:00-15:00,드라마,오후의 드라마(재방),30-40대,1.27,177,5,1620000,8100000
2024-06-03,Mon,0,1TV,15:00-18:00,생활정보,생활의 발견,30-40대,2.1,294,5,2760000,13800000
2024-06-03,Mon,0,2TV,15:00-18:00,생활정보,생활의 발견,30-40대,1.37,123,6,1810000,9313969
2024-06-03,Mon,0,1TV,18:00-21:00,뉴스,메인뉴스 9,전체가구,5.5,644,7,8780000,61460000
2024-06-03,Mon,0,2TV,18:00-21:00,뉴스,메인뉴스 9,전체가구,3.88,542,8,5840000,46720000
2024-06-03,Mon,0,1TV,21:00-24:00,드라마,월화수목 드라마,30-40대,5.06,574,6,7530000,45180000
2024-06-03,Mon,0,2TV,21:00-24:00,드라마,월화수목 드라마,30-40대,3.61,420,6,4980000,29880000
2024-06-04,Tue,0,1TV,06:00-09:00,뉴스,굿모닝 코리아,전체가구,2.64,281,6,3050000,18300000
2024-06-04,Tue,0,2TV,06:00-09:00,뉴스,굿모닝 코리아,전체가구,1.75,242,7,1980000,13860000
2024-06-04,Tue,0,1TV,09:00-12:00,시사교양,정보가 산다,40대 이상,1.87,161,7,2230000,13465956
2024-06-04,Tue,0,2TV,09:00-12:00,시사교양,정보가 산다,40대 이상,1.22,161,6,1440000,8640000
2024-06-04,Tue,0,1TV,12:00-15:00,드라마,오후의 드라마(재방),30-40대,1.76,187,6,2410000,14460000
2024-06-04,Tue,0,2TV,12:00-15:00,드라마,오후의 드라마(재방),30-40대,1.44,129,5,1660000,8300000
2024-06-04,Tue,0,1TV,15:00-18:00,생활정보,생활의 발견,30-40대,1.84,241,5,2660000,13300000
2024-06-04,Tue,0,2TV,15:00-18:00,생활정보,생활의 발견,30-40대,1.55,125,5,1850000,9250000
2024-06-04,Tue,0,1TV,18:00-21:00,뉴스,메인뉴스 9,전체가구,5.63,479,8,8830000,70640000
2024-06-04,Tue,0,2TV,18:00-21:00,뉴스,메인뉴스 9,전체가구,3.8,448,7,5820000,40740000
2024-06-04,Tue,0,1TV,21:00-24:00,드라마,월화수목 드라마,30-40대,5.04,531,6,7520000,45120000
2024-06-04,Tue,0,2TV,21:00-24:00,드라마,월화수목 드라마,30-40대,3.18,430,7,4850000,33950000
2024-06-05,Wed,0,1TV,06:00-09:00,뉴스,굿모닝 코리아,전체가구,2.35,284,5,2950000,14750000
2024-06-05,Wed,0,2TV,06:00-09:00,뉴스,굿모닝 코리아,전체가구,1.76,217,7,1980000,13860000
2024-06-05,Wed,0,1TV,09:00-12:00,시사교양,정보가 산다,40대 이상,1.47,145,5,2080000,10400000
2024-06-05,Wed,0,2TV,09:00-12:00,시사교양,정보가 산다,40대 이상,1.13,93,7,1420000,9940000
2024-06-05,Wed,0,1TV,12:00-15:00,드라마,오후의 드라마(재방),30-40대,1.91,265,6,2470000,14820000
2024-06-05,Wed,0,2TV,12:00-15:00,드라마,오후의 드라마(재방),30-40대,1.45,201,5,1660000,8300000
2024-06-05,Wed,0,1TV,15:00-18:00,생활정보,생활의 발견,30-40대,2.17,246,5,2790000,13950000
2024-06-05,Wed,0,2TV,15:00-18:00,생활정보,생활의 발견,30-40대,1.35,136,5,1800000,9000000
2024-06-05,Wed,0,1TV,18:00-21:00,뉴스,메인뉴스 9,전체가구,5.8,515,8,8910000,71280000
2024-06-05,Wed,0,2TV,18:00-21:00,뉴스,메인뉴스 9,전체가구,3.56,401,9,5750000,51750000
2024-06-05,Wed,0,1TV,21:00-24:00,드라마,월화수목 드라마,30-40대,4.96,661,8,7480000,59840000
2024-06-05,Wed,0,2TV,21:00-24:00,드라마,월화수목 드라마,30-40대,2.95,289,6,4790000,28740000
2024-06-06,Thu,0,1TV,06:00-09:00,뉴스,굿모닝 코리아,전체가구,2.26,278,5,2910000,14550000
2024-06-06,Thu,0,2TV,06:00-09:00,뉴스,굿모닝 코리아,전체가구,1.64,152,7,1950000,13650000
2024-06-06,Thu,0,1TV,09:00-12:00,시사교양,정보가 산다,40대 이상,1.69,212,5,2160000,10333854
2024-06-06,Thu,0,2TV,09:00-12:00,시사교양,정보가 산다,40대 이상,1.18,113,6,1430000,8580000
2024-06-06,Thu,0,1TV,12:00-15:00,드라마,오후의 드라마(재방),30-40대,2.14,185,4,2550000,10200000
2024-06-06,Thu,0,2TV,12:00-15:00,드라마,오후의 드라마(재방),30-40대,1.21,134,4,1600000,5939939
2024-06-06,Thu,0,1TV,15:00-18:00,생활정보,생활의 발견,30-40대,1.83,179,6,2660000,14215215
2024-06-06,Thu,0,2TV,15:00-18:00,생활정보,생활의 발견,30-40대,1.32,165,6,1790000,10740000
2024-06-06,Thu,0,1TV,18:00-21:00,뉴스,메인뉴스 9,전체가구,6.28,739,9,9130000,82170000
2024-06-06,Thu,0,2TV,18:00-21:00,뉴스,메인뉴스 9,전체가구,3.59,352,9,5760000,51840000
2024-06-06,Thu,0,1TV,21:00-24:00,드라마,월화수목 드라마,30-40대,4.98,599,8,7490000,59920000
2024-06-06,Thu,0,2TV,21:00-24:00,드라마,월화수목 드라마,30-40대,3.48,300,8,4940000,39520000
2024-06-07,Fri,0,1TV,06:00-09:00,뉴스,굿모닝 코리아,전체가구,2.56,260,5,3020000,15100000
2024-06-07,Fri,0,2TV,06:00-09:00,뉴스,굿모닝 코리아,전체가구,1.59,167,5,1940000,9700000
2024-06-07,Fri,0,1TV,09:00-12:00,시사교양,정보가 산다,40대 이상,1.88,204,6,2230000,13380000
2024-06-07,Fri,0,2TV,09:00-12:00,시사교양,정보가 산다,40대 이상,1.23,128,7,1440000,10080000
2024-06-07,Fri,0,1TV,12:00-15:00,드라마,오후의 드라마(재방),30-40대,1.81,173,5,2430000,12150000
2024-06-07,Fri,0,2TV,12:00-15:00,드라마,오후의 드라마(재방),30-40대,1.49,181,5,1670000,8350000
2024-06-07,Fri,0,1TV,15:00-18:00,생활정보,생활의 발견,30-40대,2.01,180,6,2730000,16380000
2024-06-07,Fri,0,2TV,15:00-18:00,생활정보,생활의 발견,30-40대,1.52,133,6,1840000,11040000
2024-06-07,Fri,0,1TV,18:00-21:00,뉴스,메인뉴스 9,전체가구,5.66,689,8,8850000,70800000
2024-06-07,Fri,0,2TV,18:00-21:00,뉴스,메인뉴스 9,전체가구,4.19,573,8,5930000,47440000
2024-06-07,Fri,0,1TV,21:00-24:00,드라마,월화수목 드라마,30-40대,4.14,543,6,7110000,42660000
2024-06-07,Fri,0,2TV,21:00-24:00,드라마,월화수목 드라마,30-40대,3.32,274,6,4900000,29400000
2024-06-08,Sat,1,1TV,06:00-09:00,뉴스,주말 아침뉴스,전체가구,2.2,225,6,2890000,17340000
2024-06-08,Sat,1,2TV,06:00-09:00,뉴스,주말 아침뉴스,전체가구,1.77,157,7,1980000,13860000
2024-06-08,Sat,1,1TV,09:00-12:00,다큐멘터리,세상 이야기,40대 이상,1.9,187,6,2240000,13440000
2024-06-08,Sat,1,2TV,09:00-12:00,다큐멘터리,세상 이야기,40대 이상,1.28,140,5,1460000,7300000
2024-06-08,Sat,1,1TV,12:00-15:00,스포츠,주말 스포츠 중계,전체가구,1.63,135,5,2360000,11800000
2024-06-08,Sat,1,2TV,12:00-15:00,스포츠,주말 스포츠 중계,전체가구,1.33,178,5,1630000,8150000
2024-06-08,Sat,1,1TV,15:00-18:00,예능,주말 예능 스페셜,20-30대,2.19,255,4,2800000,11200000
2024-06-08,Sat,1,2TV,15:00-18:00,예능,주말 예능 스페셜,20-30대,1.41,151,5,1820000,9100000
2024-06-08,Sat,1,1TV,18:00-21:00,예능,주말 버라이어티,20-30대,5.99,511,9,9000000,81000000
2024-06-08,Sat,1,2TV,18:00-21:00,예능,주말 버라이어티,20-30대,3.79,356,8,5820000,46560000
2024-06-08,Sat,1,1TV,21:00-24:00,영화,주말 특선영화,20-30대,4.04,486,7,7070000,49490000
2024-06-08,Sat,1,2TV,21:00-24:00,영화,주말 특선영화,20-30대,3.39,447,8,4920000,36432132
2024-06-09,Sun,1,1TV,06:00-09:00,뉴스,주말 아침뉴스,전체가구,2.53,249,7,3010000,21070000
2024-06-09,Sun,1,2TV,06:00-09:00,뉴스,주말 아침뉴스,전체가구,1.65,151,7,1960000,13720000
2024-06-09,Sun,1,1TV,09:00-12:00,다큐멘터리,세상 이야기,40대 이상,1.81,249,7,2200000,15400000
2024-06-09,Sun,1,2TV,09:00-12:00,다큐멘터리,세상 이야기,40대 이상,1.16,155,5,1430000,7150000
2024-06-09,Sun,1,1TV,12:00-15:00,스포츠,주말 스포츠 중계,전체가구,1.89,260,5,2460000,12300000
2024-06-09,Sun,1,2TV,12:00-15:00,스포츠,주말 스포츠 중계,전체가구,1.2,147,6,1600000,9600000
2024-06-09,Sun,1,1TV,15:00-18:00,예능,주말 예능 스페셜,20-30대,2.24,261,5,2820000,14100000
2024-06-09,Sun,1,2TV,15:00-18:00,예능,주말 예능 스페셜,20-30대,1.43,195,5,1820000,9100000
2024-06-09,Sun,1,1TV,18:00-21:00,예능,주말 버라이어티,20-30대,5.46,718,8,8760000,70080000
2024-06-09,Sun,1,2TV,18:00-21:00,예능,주말 버라이어티,20-30대,3.42,475,9,5710000,51390000
2024-06-09,Sun,1,1TV,21:00-24:00,영화,주말 특선영화,20-30대,4.17,398,6,7130000,42780000
2024-06-09,Sun,1,2TV,21:00-24:00,영화,주말 특선영화,20-30대,3.69,445,6,5000000,30000000
2024-06-10,Mon,0,1TV,06:00-09:00,뉴스,굿모닝 코리아,전체가구,2.21,180,5,2900000,14500000
2024-06-10,Mon,0,2TV,06:00-09:00,뉴스,굿모닝 코리아,전체가구,1.43,127,6,1900000,11400000
2024-06-10,Mon,0,1TV,09:00-12:00,시사교양,정보가 산다,40대 이상,1.9,255,5,2240000,11200000
2024-06-10,Mon,0,2TV,09:00-12:00,시사교양,정보가 산다,40대 이상,1.26,145,6,1450000,8700000
2024-06-10,Mon,0,1TV,12:00-15:00,드라마,오후의 드라마(재방),30-40대,1.87,256,5,2450000,12250000
2024-06-10,Mon,0,2TV,12:00-15:00,드라마,오후의 드라마(재방),30-40대,1.29,135,5,1620000,7500802
2024-06-10,Mon,0,1TV,15:00-18:00,생활정보,생활의 발견,30-40대,2.31,187,6,2840000,17040000
2024-06-10,Mon,0,2TV,15:00-18:00,생활정보,생활의 발견,30-40대,1.51,143,6,1840000,11040000
2024-06-10,Mon,0,1TV,18:00-21:00,뉴스,메인뉴스 9,전체가구,4.97,567,8,8540000,68320000
2024-06-10,Mon,0,2TV,18:00-21:00,뉴스,메인뉴스 9,전체가구,4.06,374,7,5900000,41300000
2024-06-10,Mon,0,1TV,21:00-24:00,드라마,월화수목 드라마,30-40대,5.35,679,8,7660000,61280000
2024-06-10,Mon,0,2TV,21:00-24:00,드라마,월화수목 드라마,30-40대,3.7,419,6,5010000,27227093
2024-06-11,Tue,0,1TV,06:00-09:00,뉴스,굿모닝 코리아,전체가구,2.56,249,5,3020000,14526514
2024-06-11,Tue,0,2TV,06:00-09:00,뉴스,굿모닝 코리아,전체가구,1.62,188,7,1950000,13650000
2024-06-11,Tue,0,1TV,09:00-12:00,시사교양,정보가 산다,40대 이상,1.61,190,7,2130000,14910000
2024-06-11,Tue,0,2TV,09:00-12:00,시사교양,정보가 산다,40대 이상,1.09,98,7,1410000,9870000
2024-06-11,Tue,0,1TV,12:00-15:00,드라마,오후의 드라마(재방),30-40대,1.76,183,4,2410000,9640000
2024-06-11,Tue,0,2TV,12:00-15:00,드라마,오후의 드라마(재방),30-40대,1.39,195,5,1650000,8250000
2024-06-11,Tue,0,1TV,15:00-18:00,생활정보,생활의 발견,30-40대,2.06,264,6,2750000,16500000
2024-06-11,Tue,0,2TV,15:00-18:00,생활정보,생활의 발견,30-40대,1.49,207,6,1830000,10980000
2024-06-11,Tue,0,1TV,18:00-21:00,뉴스,메인뉴스 9,전체가구,5.17,719,8,8630000,69040000
2024-06-11,Tue,0,2TV,18:00-21:00,뉴스,메인뉴스 9,전체가구,4.44,443,9,6010000,54090000
2024-06-11,Tue,0,1TV,21:00-24:00,드라마,월화수목 드라마,30-40대,5.26,613,6,7620000,45720000
2024-06-11,Tue,0,2TV,21:00-24:00,드라마,월화수목 드라마,30-40대,3.42,358,8,4920000,39360000
2024-06-12,Wed,0,1TV,06:00-09:00,뉴스,굿모닝 코리아,전체가구,2.52,283,7,3010000,21070000
2024-06-12,Wed,0,2TV,06:00-09:00,뉴스,굿모닝 코리아,전체가구,1.64,219,7,1950000,13650000
2024-06-12,Wed,0,1TV,09:00-12:00,시사교양,정보가 산다,40대 이상,1.49,206,6,2090000,12540000
2024-06-12,Wed,0,2TV,09:00-12:00,시사교양,정보가 산다,40대 이상,1.12,102,7,1420000,9940000
2024-06-12,Wed,0,1TV,12:00-15:00,드라마,오후의 드라마(재방),30-40대,1.66,170,4,2370000,9480000
2024-06-12,Wed,0,2TV,12:00-15:00,드라마,오후의 드라마(재방),30-40대,1.19,97,5,1600000,8000000
2024-06-12,Wed,0,1TV,15:00-18:00,생활정보,생활의 발견,30-40대,2.18,199,6,2790000,16740000
2024-06-12,Wed,0,2TV,15:00-18:00,생활정보,생활의 발견,30-40대,1.56,145,5,1850000,9250000
2024-06-12,Wed,0,1TV,18:00-21:00,뉴스,메인뉴스 9,전체가구,4.82,528,9,8470000,76230000
2024-06-12,Wed,0,2TV,18:00-21:00,뉴스,메인뉴스 9,전체가구,3.56,327,9,5750000,51750000
2024-06-12,Wed,0,1TV,21:00-24:00,드라마,월화수목 드라마,30-40대,5.18,591,7,7580000,53060000
2024-06-12,Wed,0,2TV,21:00-24:00,드라마,월화수목 드라마,30-40대,2.95,367,8,4790000,38320000
2024-06-13,Thu,0,1TV,06:00-09:00,뉴스,굿모닝 코리아,전체가구,2.38,200,5,2960000,14800000
2024-06-13,Thu,0,2TV,06:00-09:00,뉴스,굿모닝 코리아,전체가구,1.44,196,5,1910000,9550000
2024-06-13,Thu,0,1TV,09:00-12:00,시사교양,정보가 산다,40대 이상,1.79,173,7,2200000,14882210
2024-06-13,Thu,0,2TV,09:00-12:00,시사교양,정보가 산다,40대 이상,1.23,144,7,1440000,10080000
2024-06-13,Thu,0,1TV,12:00-15:00,드라마,오후의 드라마(재방),30-40대,1.84,251,6,2440000,14640000
2024-06-13,Thu,0,2TV,12:00-15:00,드라마,오후의 드라마(재방),30-40대,1.36,178,5,1640000,8200000
2024-06-13,Thu,0,1TV,15:00-18:00,생활정보,생활의 발견,30-40대,2.36,228,6,2860000,17160000
2024-06-13,Thu,0,2TV,15:00-18:00,생활정보,생활의 발견,30-40대,1.43,159,4,1820000,7280000
2024-06-13,Thu,0,1TV,18:00-21:00,뉴스,메인뉴스 9,전체가구,5.13,496,8,8610000,68880000
2024-06-13,Thu,0,2TV,18:00-21:00,뉴스,메인뉴스 9,전체가구,3.69,382,8,5790000,46320000
2024-06-13,Thu,0,1TV,21:00-24:00,드라마,월화수목 드라마,30-40대,4.76,388,8,7390000,59120000
2024-06-13,Thu,0,2TV,21:00-24:00,드라마,월화수목 드라마,30-40대,3.43,472,6,4930000,29580000
2024-06-14,Fri,0,1TV,06:00-09:00,뉴스,굿모닝 코리아,전체가구,2.21,185,7,2900000,20300000
2024-06-14,Fri,0,2TV,06:00-09:00,뉴스,굿모닝 코리아,전체가구,1.62,208,7,1950000,13650000
2024-06-14,Fri,0,1TV,09:00-12:00,시사교양,정보가 산다,40대 이상,1.9,248,5,2240000,11200000
2024-06-14,Fri,0,2TV,09:00-12:00,시사교양,정보가 산다,40대 이상,1.08,108,5,1410000,7050000
2024-06-14,Fri,0,1TV,12:00-15:00,드라마,오후의 드라마(재방),30-40대,1.88,177,4,2460000,9840000
2024-06-14,Fri,0,2TV,12:00-15:00,드라마,오후의 드라마(재방),30-40대,1.35,170,6,1640000,9840000
2024-06-14,Fri,0,1TV,15:00-18:00,생활정보,생활의 발견,30-40대,1.82,252,4,2650000,10600000
2024-06-14,Fri,0,2TV,15:00-18:00,생활정보,생활의 발견,30-40대,1.6,195,4,1860000,7440000
2024-06-14,Fri,0,1TV,18:00-21:00,뉴스,메인뉴스 9,전체가구,6.1,508,9,9040000,81360000
2024-06-14,Fri,0,2TV,18:00-21:00,뉴스,메인뉴스 9,전체가구,3.39,409,9,5700000,51300000
2024-06-14,Fri,0,1TV,21:00-24:00,드라마,월화수목 드라마,30-40대,5.15,536,8,7570000,60560000
2024-06-14,Fri,0,2TV,21:00-24:00,드라마,월화수목 드라마,30-40대,2.99,347,8,4800000,38400000
2024-06-15,Sat,1,1TV,06:00-09:00,뉴스,주말 아침뉴스,전체가구,2.3,248,6,2930000,17580000
2024-06-15,Sat,1,2TV,06:00-09:00,뉴스,주말 아침뉴스,전체가구,1.68,169,7,1960000,13720000
2024-06-15,Sat,1,1TV,09:00-12:00,다큐멘터리,세상 이야기,40대 이상,1.65,164,5,2140000,10700000
2024-06-15,Sat,1,2TV,09:00-12:00,다큐멘터리,세상 이야기,40대 이상,1.0,123,7,1390000,9730000
2024-06-15,Sat,1,1TV,12:00-15:00,스포츠,주말 스포츠 중계,전체가구,1.69,193,6,2380000,14280000
2024-06-15,Sat,1,2TV,12:00-15:00,스포츠,주말 스포츠 중계,전체가구,1.24,135,6,1610000,9660000
2024-06-15,Sat,1,1TV,15:00-18:00,예능,주말 예능 스페셜,20-30대,1.89,242,4,2680000,10720000
2024-06-15,Sat,1,2TV,15:00-18:00,예능,주말 예능 스페셜,20-30대,1.47,163,6,1830000,10980000
2024-06-15,Sat,1,1TV,18:00-21:00,예능,주말 버라이어티,20-30대,14.28,4917,8,12730000,101840000
2024-06-15,Sat,1,2TV,18:00-21:00,예능,주말 버라이어티,20-30대,3.66,506,9,5780000,52020000
2024-06-15,Sat,1,1TV,21:00-24:00,영화,주말 특선영화,20-30대,4.91,410,8,7460000,59680000
2024-06-15,Sat,1,2TV,21:00-24:00,영화,주말 특선영화,20-30대,3.31,276,7,4890000,34230000
2024-06-16,Sun,1,1TV,06:00-09:00,뉴스,주말 아침뉴스,전체가구,2.12,285,5,2860000,14300000
2024-06-16,Sun,1,2TV,06:00-09:00,뉴스,주말 아침뉴스,전체가구,1.71,208,6,1970000,11820000
2024-06-16,Sun,1,1TV,09:00-12:00,다큐멘터리,세상 이야기,40대 이상,1.59,182,6,2120000,12720000
2024-06-16,Sun,1,2TV,09:00-12:00,다큐멘터리,세상 이야기,40대 이상,1.14,102,6,1420000,8520000
2024-06-16,Sun,1,1TV,12:00-15:00,스포츠,주말 스포츠 중계,전체가구,2.09,229,4,2530000,10120000
2024-06-16,Sun,1,2TV,12:00-15:00,스포츠,주말 스포츠 중계,전체가구,1.38,149,4,1640000,6560000
2024-06-16,Sun,1,1TV,15:00-18:00,예능,주말 예능 스페셜,20-30대,2.19,300,5,2800000,14000000
2024-06-16,Sun,1,2TV,15:00-18:00,예능,주말 예능 스페셜,20-30대,1.38,144,4,1810000,7240000
2024-06-16,Sun,1,1TV,18:00-21:00,예능,주말 버라이어티,20-30대,4.87,398,7,8490000,59430000
2024-06-16,Sun,1,2TV,18:00-21:00,예능,주말 버라이어티,20-30대,3.83,451,8,5830000,39810144
2024-06-16,Sun,1,1TV,21:00-24:00,영화,주말 특선영화,20-30대,4.23,383,7,7150000,50050000
2024-06-16,Sun,1,2TV,21:00-24:00,영화,주말 특선영화,20-30대,3.09,350,6,4830000,28980000
2024-06-17,Mon,0,1TV,06:00-09:00,뉴스,굿모닝 코리아,전체가구,2.1,201,5,2860000,13317508
2024-06-17,Mon,0,2TV,06:00-09:00,뉴스,굿모닝 코리아,전체가구,1.57,200,5,1940000,9700000
2024-06-17,Mon,0,1TV,09:00-12:00,시사교양,정보가 산다,40대 이상,1.53,164,6,2100000,12600000
2024-06-17,Mon,0,2TV,09:00-12:00,시사교양,정보가 산다,40대 이상,1.23,168,7,1440000,10080000
2024-06-17,Mon,0,1TV,12:00-15:00,드라마,오후의 드라마(재방),30-40대,2.07,174,4,2530000,10120000
2024-06-17,Mon,0,2TV,12:00-15:00,드라마,오후의 드라마(재방),30-40대,1.16,106,6,1590000,9540000
2024-06-17,Mon,0,1TV,15:00-18:00,생활정보,생활의 발견,30-40대,1.97,228,6,2710000,16260000
2024-06-17,Mon,0,2TV,15:00-18:00,생활정보,생활의 발견,30-40대,1.24,145,4,1770000,7080000
2024-06-17,Mon,0,1TV,18:00-21:00,뉴스,메인뉴스 9,전체가구,5.24,466,7,8660000,60620000
2024-06-17,Mon,0,2TV,18:00-21:00,뉴스,메인뉴스 9,전체가구,4.25,563,9,5950000,53550000
2024-06-17,Mon,0,1TV,21:00-24:00,드라마,월화수목 드라마,30-40대,5.19,480,6,7590000,45540000
2024-06-17,Mon,0,2TV,21:00-24:00,드라마,월화수목 드라마,30-40대,3.53,413,6,4960000,29760000
2024-06-18,Tue,0,1TV,06:00-09:00,뉴스,굿모닝 코리아,전체가구,2.5,297,7,3000000,21000000
2024-06-18,Tue,0,2TV,06:00-09:00,뉴스,굿모닝 코리아,전체가구,1.63,148,7,1950000,13650000
2024-06-18,Tue,0,1TV,09:00-12:00,시사교양,정보가 산다,40대 이상,1.77,218,6,2190000,13140000
2024-06-18,Tue,0,2TV,09:00-12:00,시사교양,정보가 산다,40대 이상,1.2,142,7,1440000,10080000
2024-06-18,Tue,0,1TV,12:00-15:00,드라마,오후의 드라마(재방),30-40대,1.7,227,5,2390000,11950000
2024-06-18,Tue,0,2TV,12:00-15:00,드라마,오후의 드라마(재방),30-40대,1.26,124,5,1620000,8100000
2024-06-18,Tue,0,1TV,15:00-18:00,생활정보,생활의 발견,30-40대,2.31,237,6,2840000,17040000
2024-06-18,Tue,0,2TV,15:00-18:00,생활정보,생활의 발견,30-40대,1.54,150,6,1850000,11100000
2024-06-18,Tue,0,1TV,18:00-21:00,뉴스,메인뉴스 9,전체가구,5.72,617,9,8870000,79830000
2024-06-18,Tue,0,2TV,18:00-21:00,뉴스,메인뉴스 9,전체가구,3.84,407,8,5830000,46640000
2024-06-18,Tue,0,1TV,21:00-24:00,드라마,월화수목 드라마,30-40대,4.4,453,6,7230000,43380000
2024-06-18,Tue,0,2TV,21:00-24:00,드라마,월화수목 드라마,30-40대,3.02,255,6,4810000,28860000
2024-06-19,Wed,0,1TV,06:00-09:00,뉴스,굿모닝 코리아,전체가구,2.33,263,5,2940000,14700000
2024-06-19,Wed,0,2TV,06:00-09:00,뉴스,굿모닝 코리아,전체가구,1.83,157,5,2000000,10000000
2024-06-19,Wed,0,1TV,09:00-12:00,시사교양,정보가 산다,40대 이상,1.7,170,7,2160000,15120000
2024-06-19,Wed,0,2TV,09:00-12:00,시사교양,정보가 산다,40대 이상,1.1,142,7,1410000,9870000
2024-06-19,Wed,0,1TV,12:00-15:00,드라마,오후의 드라마(재방),30-40대,1.69,196,4,2380000,9520000
2024-06-19,Wed,0,2TV,12:00-15:00,드라마,오후의 드라마(재방),30-40대,1.4,174,5,1650000,7308979
2024-06-19,Wed,0,1TV,15:00-18:00,생활정보,생활의 발견,30-40대,2.24,284,5,2820000,14100000
2024-06-19,Wed,0,2TV,15:00-18:00,생활정보,생활의 발견,30-40대,1.57,197,4,1850000,7400000
2024-06-19,Wed,0,1TV,18:00-21:00,뉴스,메인뉴스 9,전체가구,5.6,704,7,8820000,61740000
2024-06-19,Wed,0,2TV,18:00-21:00,뉴스,메인뉴스 9,전체가구,3.58,442,7,5760000,40320000
2024-06-19,Wed,0,1TV,21:00-24:00,드라마,월화수목 드라마,30-40대,4.67,594,7,7350000,51450000
2024-06-19,Wed,0,2TV,21:00-24:00,드라마,월화수목 드라마,30-40대,3.21,409,7,4860000,34020000
2024-06-20,Thu,0,1TV,06:00-09:00,뉴스,굿모닝 코리아,전체가구,2.27,310,6,2920000,17520000
2024-06-20,Thu,0,2TV,06:00-09:00,뉴스,굿모닝 코리아,전체가구,1.6,182,6,1940000,11640000
2024-06-20,Thu,0,1TV,09:00-12:00,시사교양,정보가 산다,40대 이상,1.86,183,7,2220000,14720237
2024-06-20,Thu,0,2TV,09:00-12:00,시사교양,정보가 산다,40대 이상,1.29,130,6,1460000,8760000
2024-06-20,Thu,0,1TV,12:00-15:00,드라마,오후의 드라마(재방),30-40대,2.0,252,6,2500000,15000000
2024-06-20,Thu,0,2TV,12:00-15:00,드라마,오후의 드라마(재방),30-40대,1.23,100,4,1610000,6440000
2024-06-20,Thu,0,1TV,15:00-18:00,생활정보,생활의 발견,30-40대,1.83,251,5,2660000,13300000
2024-06-20,Thu,0,2TV,15:00-18:00,생활정보,생활의 발견,30-40대,1.56,210,6,1850000,11100000
2024-06-20,Thu,0,1TV,18:00-21:00,뉴스,메인뉴스 9,전체가구,6.38,589,8,9170000,73360000
2024-06-20,Thu,0,2TV,18:00-21:00,뉴스,메인뉴스 9,전체가구,3.77,409,8,5810000,46480000
2024-06-20,Thu,0,1TV,21:00-24:00,드라마,월화수목 드라마,30-40대,4.58,612,6,7310000,43860000
2024-06-20,Thu,0,2TV,21:00-24:00,드라마,월화수목 드라마,30-40대,3.42,310,8,4920000,39360000
2024-06-21,Fri,0,1TV,06:00-09:00,뉴스,굿모닝 코리아,전체가구,1.99,183,6,2820000,16920000
2024-06-21,Fri,0,2TV,06:00-09:00,뉴스,굿모닝 코리아,전체가구,1.49,178,5,1920000,9600000
2024-06-21,Fri,0,1TV,09:00-12:00,시사교양,정보가 산다,40대 이상,1.61,130,6,2130000,12780000
2024-06-21,Fri,0,2TV,09:00-12:00,시사교양,정보가 산다,40대 이상,1.14,102,5,1420000,7100000
2024-06-21,Fri,0,1TV,12:00-15:00,드라마,오후의 드라마(재방),30-40대,1.81,226,5,2430000,12150000
2024-06-21,Fri,0,2TV,12:00-15:00,드라마,오후의 드라마(재방),30-40대,1.44,126,4,1660000,6640000
2024-06-21,Fri,0,1TV,15:00-18:00,생활정보,생활의 발견,30-40대,2.24,269,4,2820000,11280000
2024-06-21,Fri,0,2TV,15:00-18:00,생활정보,생활의 발견,30-40대,1.62,187,6,1870000,11220000
2024-06-21,Fri,0,1TV,18:00-21:00,뉴스,메인뉴스 9,전체가구,5.51,507,7,8780000,61460000
2024-06-21,Fri,0,2TV,18:00-21:00,뉴스,메인뉴스 9,전체가구,4.28,498,7,5960000,41720000
2024-06-21,Fri,0,1TV,21:00-24:00,드라마,월화수목 드라마,30-40대,5.22,693,7,7600000,53200000
2024-06-21,Fri,0,2TV,21:00-24:00,드라마,월화수목 드라마,30-40대,2.8,239,8,4740000,37920000
2024-06-22,Sat,1,1TV,06:00-09:00,뉴스,주말 아침뉴스,전체가구,2.29,279,7,2920000,20440000
2024-06-22,Sat,1,2TV,06:00-09:00,뉴스,주말 아침뉴스,전체가구,1.57,203,5,1940000,9700000
2024-06-22,Sat,1,1TV,09:00-12:00,다큐멘터리,세상 이야기,40대 이상,1.51,177,6,2090000,12540000
2024-06-22,Sat,1,2TV,09:00-12:00,다큐멘터리,세상 이야기,40대 이상,1.31,119,7,1460000,10220000
2024-06-22,Sat,1,1TV,12:00-15:00,스포츠,주말 스포츠 중계,전체가구,1.97,163,4,2490000,9960000
2024-06-22,Sat,1,2TV,12:00-15:00,스포츠,주말 스포츠 중계,전체가구,1.35,132,4,1640000,6560000
2024-06-22,Sat,1,1TV,15:00-18:00,예능,주말 예능 스페셜,20-30대,2.18,203,5,2790000,13950000
2024-06-22,Sat,1,2TV,15:00-18:00,예능,주말 예능 스페셜,20-30대,1.54,134,5,1850000,9250000
2024-06-22,Sat,1,1TV,18:00-21:00,예능,주말 버라이어티,20-30대,4.91,619,8,8510000,68080000
2024-06-22,Sat,1,2TV,18:00-21:00,예능,주말 버라이어티,20-30대,3.51,324,7,5740000,40180000
2024-06-22,Sat,1,1TV,21:00-24:00,영화,주말 특선영화,20-30대,4.05,493,8,7070000,56560000
2024-06-22,Sat,1,2TV,21:00-24:00,영화,주말 특선영화,20-30대,3.1,322,6,4830000,28980000
2024-06-23,Sun,1,1TV,06:00-09:00,뉴스,주말 아침뉴스,전체가구,1.98,172,5,2810000,14050000
2024-06-23,Sun,1,2TV,06:00-09:00,뉴스,주말 아침뉴스,전체가구,1.75,191,5,1980000,9900000
2024-06-23,Sun,1,1TV,09:00-12:00,다큐멘터리,세상 이야기,40대 이상,1.75,215,6,2180000,13080000
2024-06-23,Sun,1,2TV,09:00-12:00,다큐멘터리,세상 이야기,40대 이상,1.28,167,5,1460000,7300000
2024-06-23,Sun,1,1TV,12:00-15:00,스포츠,주말 스포츠 중계,전체가구,1.92,174,4,2470000,9880000
2024-06-23,Sun,1,2TV,12:00-15:00,스포츠,주말 스포츠 중계,전체가구,1.26,107,4,1620000,6480000
2024-06-23,Sun,1,1TV,15:00-18:00,예능,주말 예능 스페셜,20-30대,1.83,186,4,2660000,10640000
2024-06-23,Sun,1,2TV,15:00-18:00,예능,주말 예능 스페셜,20-30대,1.6,179,5,1860000,9300000
2024-06-23,Sun,1,1TV,18:00-21:00,예능,주말 버라이어티,20-30대,6.13,789,9,9060000,81540000
2024-06-23,Sun,1,2TV,18:00-21:00,예능,주말 버라이어티,20-30대,4.09,352,9,5910000,53190000
2024-06-23,Sun,1,1TV,21:00-24:00,영화,주말 특선영화,20-30대,4.02,323,7,7060000,49420000
2024-06-23,Sun,1,2TV,21:00-24:00,영화,주말 특선영화,20-30대,3.67,376,6,5000000,30000000
2024-06-24,Mon,0,1TV,06:00-09:00,뉴스,굿모닝 코리아,전체가구,1.98,162,5,2810000,14050000
2024-06-24,Mon,0,2TV,06:00-09:00,뉴스,굿모닝 코리아,전체가구,1.47,177,5,1910000,9550000
2024-06-24,Mon,0,1TV,09:00-12:00,시사교양,정보가 산다,40대 이상,1.47,191,7,2080000,14560000
2024-06-24,Mon,0,2TV,09:00-12:00,시사교양,정보가 산다,40대 이상,1.05,110,5,1400000,7000000
2024-06-24,Mon,0,1TV,12:00-15:00,드라마,오후의 드라마(재방),30-40대,1.76,207,6,2410000,14460000
2024-06-24,Mon,0,2TV,12:00-15:00,드라마,오후의 드라마(재방),30-40대,1.32,180,4,1630000,6520000
2024-06-24,Mon,0,1TV,15:00-18:00,생활정보,생활의 발견,30-40대,1.8,179,4,2650000,10600000
2024-06-24,Mon,0,2TV,15:00-18:00,생활정보,생활의 발견,30-40대,1.35,140,5,1800000,9000000
2024-06-24,Mon,0,1TV,18:00-21:00,뉴스,메인뉴스 9,전체가구,5.83,564,9,8920000,80280000
2024-06-24,Mon,0,2TV,18:00-21:00,뉴스,메인뉴스 9,전체가구,3.39,316,8,5700000,45600000
2024-06-24,Mon,0,1TV,21:00-24:00,드라마,월화수목 드라마,30-40대,4.64,647,8,7340000,58720000
2024-06-24,Mon,0,2TV,21:00-24:00,드라마,월화수목 드라마,30-40대,3.73,489,6,5020000,30120000
2024-06-25,Tue,0,1TV,06:00-09:00,뉴스,굿모닝 코리아,전체가구,2.04,203,7,2830000,19810000
2024-06-25,Tue,0,2TV,06:00-09:00,뉴스,굿모닝 코리아,전체가구,1.71,237,7,1970000,13790000
2024-06-25,Tue,0,1TV,09:00-12:00,시사교양,정보가 산다,40대 이상,1.51,190,7,2090000,14630000
2024-06-25,Tue,0,2TV,09:00-12:00,시사교양,정보가 산다,40대 이상,1.29,141,6,1460000,8404803
2024-06-25,Tue,0,1TV,12:00-15:00,드라마,오후의 드라마(재방),30-40대,1.83,203,6,2440000,14640000
2024-06-25,Tue,0,2TV,12:00-15:00,드라마,오후의 드라마(재방),30-40대,1.33,185,4,1630000,6135795
2024-06-25,Tue,0,1TV,15:00-18:00,생활정보,생활의 발견,30-40대,1.81,170,5,2650000,13250000
2024-06-25,Tue,0,2TV,15:00-18:00,생활정보,생활의 발견,30-40대,1.48,124,5,1830000,9150000
2024-06-25,Tue,0,1TV,18:00-21:00,뉴스,메인뉴스 9,전체가구,5.07,520,9,8580000,74193678
2024-06-25,Tue,0,2TV,18:00-21:00,뉴스,메인뉴스 9,전체가구,4.01,548,9,5880000,52920000
2024-06-25,Tue,0,1TV,21:00-24:00,드라마,월화수목 드라마,30-40대,4.13,409,6,7110000,42660000
2024-06-25,Tue,0,2TV,21:00-24:00,드라마,월화수목 드라마,30-40대,3.72,442,7,5010000,35070000
2024-06-26,Wed,0,1TV,06:00-09:00,뉴스,굿모닝 코리아,전체가구,2.13,264,6,2870000,17220000
2024-06-26,Wed,0,2TV,06:00-09:00,뉴스,굿모닝 코리아,전체가구,1.64,220,7,1950000,13650000
2024-06-26,Wed,0,1TV,09:00-12:00,시사교양,정보가 산다,40대 이상,1.82,222,5,2210000,11050000
2024-06-26,Wed,0,2TV,09:00-12:00,시사교양,정보가 산다,40대 이상,1.13,112,6,1420000,8520000
2024-06-26,Wed,0,1TV,12:00-15:00,드라마,오후의 드라마(재방),30-40대,1.61,176,4,2350000,9400000
2024-06-26,Wed,0,2TV,12:00-15:00,드라마,오후의 드라마(재방),30-40대,1.49,203,4,1670000,6680000
2024-06-26,Wed,0,1TV,15:00-18:00,생활정보,생활의 발견,30-40대,2.1,273,4,2760000,11040000
2024-06-26,Wed,0,2TV,15:00-18:00,생활정보,생활의 발견,30-40대,1.25,154,5,1780000,8900000
2024-06-26,Wed,0,1TV,18:00-21:00,뉴스,메인뉴스 9,전체가구,5.06,534,9,8580000,77220000
2024-06-26,Wed,0,2TV,18:00-21:00,뉴스,메인뉴스 9,전체가구,3.65,390,9,5780000,52020000
2024-06-26,Wed,0,1TV,21:00-24:00,드라마,월화수목 드라마,30-40대,5.14,560,7,7560000,52920000
2024-06-26,Wed,0,2TV,21:00-24:00,드라마,월화수목 드라마,30-40대,2.93,312,8,4780000,38240000
2024-06-27,Thu,0,1TV,06:00-09:00,뉴스,굿모닝 코리아,전체가구,2.27,203,6,2920000,15693896
2024-06-27,Thu,0,2TV,06:00-09:00,뉴스,굿모닝 코리아,전체가구,1.8,226,6,1990000,11940000
2024-06-27,Thu,0,1TV,09:00-12:00,시사교양,정보가 산다,40대 이상,1.49,184,6,2090000,12540000
2024-06-27,Thu,0,2TV,09:00-12:00,시사교양,정보가 산다,40대 이상,1.1,107,7,1410000,9870000
2024-06-27,Thu,0,1TV,12:00-15:00,드라마,오후의 드라마(재방),30-40대,1.62,143,5,2360000,11800000
2024-06-27,Thu,0,2TV,12:00-15:00,드라마,오후의 드라마(재방),30-40대,1.46,117,6,1660000,9960000
2024-06-27,Thu,0,1TV,15:00-18:00,생활정보,생활의 발견,30-40대,1.96,204,5,2710000,13550000
2024-06-27,Thu,0,2TV,15:00-18:00,생활정보,생활의 발견,30-40대,1.63,167,5,1870000,9350000
2024-06-27,Thu,0,1TV,18:00-21:00,뉴스,메인뉴스 9,전체가구,6.37,537,7,9170000,64190000
2024-06-27,Thu,0,2TV,18:00-21:00,뉴스,메인뉴스 9,전체가구,3.46,470,7,5720000,40040000
2024-06-27,Thu,0,1TV,21:00-24:00,드라마,월화수목 드라마,30-40대,4.55,434,8,7300000,58400000
2024-06-27,Thu,0,2TV,21:00-24:00,드라마,월화수목 드라마,30-40대,3.45,407,7,4930000,34510000
2024-06-28,Fri,0,1TV,06:00-09:00,뉴스,굿모닝 코리아,전체가구,2.42,328,7,2970000,20790000
2024-06-28,Fri,0,2TV,06:00-09:00,뉴스,굿모닝 코리아,전체가구,1.61,218,6,1950000,11700000
2024-06-28,Fri,0,1TV,09:00-12:00,시사교양,정보가 산다,40대 이상,1.76,214,7,2190000,15330000
2024-06-28,Fri,0,2TV,09:00-12:00,시사교양,정보가 산다,40대 이상,1.21,165,5,1440000,7200000
2024-06-28,Fri,0,1TV,12:00-15:00,드라마,오후의 드라마(재방),30-40대,1.91,262,4,2470000,9312065
2024-06-28,Fri,0,2TV,12:00-15:00,드라마,오후의 드라마(재방),30-40대,1.36,184,5,1640000,8200000
2024-06-28,Fri,0,1TV,15:00-18:00,생활정보,생활의 발견,30-40대,2.33,198,4,2850000,11400000
2024-06-28,Fri,0,2TV,15:00-18:00,생활정보,생활의 발견,30-40대,1.29,136,6,1790000,10740000
2024-06-28,Fri,0,1TV,18:00-21:00,뉴스,메인뉴스 9,전체가구,6.34,758,8,9150000,73200000
2024-06-28,Fri,0,2TV,18:00-21:00,뉴스,메인뉴스 9,전체가구,4.17,522,9,5930000,53370000
2024-06-28,Fri,0,1TV,21:00-24:00,드라마,월화수목 드라마,30-40대,4.09,468,7,7090000,49630000
2024-06-28,Fri,0,2TV,21:00-24:00,드라마,월화수목 드라마,30-40대,3.02,280,8,4810000,38480000
2024-06-29,Sat,1,1TV,06:00-09:00,뉴스,주말 아침뉴스,전체가구,2.18,304,6,2880000,14832823
2024-06-29,Sat,1,2TV,06:00-09:00,뉴스,주말 아침뉴스,전체가구,1.72,192,7,1970000,13790000
2024-06-29,Sat,1,1TV,09:00-12:00,다큐멘터리,세상 이야기,40대 이상,1.63,148,5,2140000,10700000
2024-06-29,Sat,1,2TV,09:00-12:00,다큐멘터리,세상 이야기,40대 이상,1.06,96,5,1400000,7000000
2024-06-29,Sat,1,1TV,12:00-15:00,스포츠,주말 스포츠 중계,전체가구,2.03,185,4,2510000,10040000
2024-06-29,Sat,1,2TV,12:00-15:00,스포츠,주말 스포츠 중계,전체가구,1.42,130,5,1650000,8250000
2024-06-29,Sat,1,1TV,15:00-18:00,예능,주말 예능 스페셜,20-30대,2.29,198,6,2830000,16980000
2024-06-29,Sat,1,2TV,15:00-18:00,예능,주말 예능 스페셜,20-30대,1.34,138,5,1800000,9000000
2024-06-29,Sat,1,1TV,18:00-21:00,예능,주말 버라이어티,20-30대,4.77,449,8,8450000,67600000
2024-06-29,Sat,1,2TV,18:00-21:00,예능,주말 버라이어티,20-30대,3.43,287,7,5710000,39970000
2024-06-29,Sat,1,1TV,21:00-24:00,영화,주말 특선영화,20-30대,5.03,415,6,7510000,45060000
2024-06-29,Sat,1,2TV,21:00-24:00,영화,주말 특선영화,20-30대,2.77,322,7,4730000,33110000
2024-06-30,Sun,1,1TV,06:00-09:00,뉴스,주말 아침뉴스,전체가구,2.3,231,6,2930000,17580000
2024-06-30,Sun,1,2TV,06:00-09:00,뉴스,주말 아침뉴스,전체가구,1.71,172,6,1970000,11820000
2024-06-30,Sun,1,1TV,09:00-12:00,다큐멘터리,세상 이야기,40대 이상,1.89,227,6,2230000,13380000
2024-06-30,Sun,1,2TV,09:00-12:00,다큐멘터리,세상 이야기,40대 이상,1.34,177,5,1470000,7015318
2024-06-30,Sun,1,1TV,12:00-15:00,스포츠,주말 스포츠 중계,전체가구,1.8,234,4,2420000,8370754
2024-06-30,Sun,1,2TV,12:00-15:00,스포츠,주말 스포츠 중계,전체가구,1.31,180,4,1630000,6520000
2024-06-30,Sun,1,1TV,15:00-18:00,예능,주말 예능 스페셜,20-30대,2.11,252,5,2770000,13850000
2024-06-30,Sun,1,2TV,15:00-18:00,예능,주말 예능 스페셜,20-30대,1.5,120,6,1840000,11040000
2024-06-30,Sun,1,1TV,18:00-21:00,예능,주말 버라이어티,20-30대,6.07,492,8,9030000,72240000
2024-06-30,Sun,1,2TV,18:00-21:00,예능,주말 버라이어티,20-30대,4.45,552,9,6010000,54090000
2024-06-30,Sun,1,1TV,21:00-24:00,영화,주말 특선영화,20-30대,4.78,497,8,7400000,59200000
2024-06-30,Sun,1,2TV,21:00-24:00,영화,주말 특선영화,20-30대,3.1,423,7,4830000,33810000
2024-07-01,Mon,0,1TV,06:00-09:00,뉴스,굿모닝 코리아,전체가구,2.18,293,7,2880000,20160000
2024-07-01,Mon,0,2TV,06:00-09:00,뉴스,굿모닝 코리아,전체가구,1.43,175,7,1900000,13300000
2024-07-01,Mon,0,1TV,09:00-12:00,시사교양,정보가 산다,40대 이상,1.54,189,5,2100000,10500000
2024-07-01,Mon,0,2TV,09:00-12:00,시사교양,정보가 산다,40대 이상,1.08,106,7,1410000,9870000
2024-07-01,Mon,0,1TV,12:00-15:00,드라마,오후의 드라마(재방),30-40대,1.8,194,5,2420000,12100000
2024-07-01,Mon,0,2TV,12:00-15:00,드라마,오후의 드라마(재방),30-40대,1.1,124,4,1580000,6320000
2024-07-01,Mon,0,1TV,15:00-18:00,생활정보,생활의 발견,30-40대,1.86,222,4,2670000,10680000
2024-07-01,Mon,0,2TV,15:00-18:00,생활정보,생활의 발견,30-40대,1.4,114,5,1810000,9050000
2024-07-01,Mon,0,1TV,18:00-21:00,뉴스,메인뉴스 9,전체가구,5.1,475,8,8600000,68800000
2024-07-01,Mon,0,2TV,18:00-21:00,뉴스,메인뉴스 9,전체가구,3.76,452,9,5810000,52290000
2024-07-01,Mon,0,1TV,21:00-24:00,드라마,월화수목 드라마,30-40대,3.97,490,6,7040000,42240000
2024-07-01,Mon,0,2TV,21:00-24:00,드라마,월화수목 드라마,30-40대,2.62,245,8,4690000,37520000
2024-07-02,Tue,0,1TV,06:00-09:00,뉴스,굿모닝 코리아,전체가구,2.02,240,6,2830000,16980000
2024-07-02,Tue,0,2TV,06:00-09:00,뉴스,굿모닝 코리아,전체가구,1.48,183,7,1920000,13440000
2024-07-02,Tue,0,1TV,09:00-12:00,시사교양,정보가 산다,40대 이상,1.44,189,5,2070000,10350000
2024-07-02,Tue,0,2TV,09:00-12:00,시사교양,정보가 산다,40대 이상,0.88,75,5,1360000,6800000
2024-07-02,Tue,0,1TV,12:00-15:00,드라마,오후의 드라마(재방),30-40대,1.62,148,4,2360000,9440000
2024-07-02,Tue,0,2TV,12:00-15:00,드라마,오후의 드라마(재방),30-40대,0.98,97,5,1550000,7750000
2024-07-02,Tue,0,1TV,15:00-18:00,생활정보,생활의 발견,30-40대,1.47,123,6,2520000,15120000
2024-07-02,Tue,0,2TV,15:00-18:00,생활정보,생활의 발견,30-40대,1.17,123,5,1760000,8800000
2024-07-02,Tue,0,1TV,18:00-21:00,뉴스,메인뉴스 9,전체가구,5.33,467,9,8700000,78300000
2024-07-02,Tue,0,2TV,18:00-21:00,뉴스,메인뉴스 9,전체가구,3.04,315,9,5600000,50400000
2024-07-02,Tue,0,1TV,21:00-24:00,드라마,월화수목 드라마,30-40대,3.71,478,7,6920000,48440000
2024-07-02,Tue,0,2TV,21:00-24:00,드라마,월화수목 드라마,30-40대,2.76,296,8,4730000,37840000
2024-07-03,Wed,0,1TV,06:00-09:00,뉴스,굿모닝 코리아,전체가구,2.11,276,7,2860000,17786103
2024-07-03,Wed,0,2TV,06:00-09:00,뉴스,굿모닝 코리아,전체가구,1.38,167,6,1890000,11340000
2024-07-03,Wed,0,1TV,09:00-12:00,시사교양,정보가 산다,40대 이상,1.5,163,5,2090000,10450000
2024-07-03,Wed,0,2TV,09:00-12:00,시사교양,정보가 산다,40대 이상,1.06,109,6,1400000,8400000
2024-07-03,Wed,0,1TV,12:00-15:00,드라마,오후의 드라마(재방),30-40대,1.67,219,4,2380000,9520000
2024-07-03,Wed,0,2TV,12:00-15:00,드라마,오후의 드라마(재방),30-40대,0.96,127,4,1540000,6160000
2024-07-03,Wed,0,1TV,15:00-18:00,생활정보,생활의 발견,30-40대,1.85,181,6,2670000,16020000
2024-07-03,Wed,0,2TV,15:00-18:00,생활정보,생활의 발견,30-40대,1.09,89,5,1740000,8700000
2024-07-03,Wed,0,1TV,18:00-21:00,뉴스,메인뉴스 9,전체가구,4.97,693,8,8540000,68320000
2024-07-03,Wed,0,2TV,18:00-21:00,뉴스,메인뉴스 9,전체가구,3.34,324,9,5690000,51210000
2024-07-03,Wed,0,1TV,21:00-24:00,드라마,월화수목 드라마,30-40대,4.17,471,6,7130000,42780000
2024-07-03,Wed,0,2TV,21:00-24:00,드라마,월화수목 드라마,30-40대,2.97,341,6,4790000,28740000
2024-07-04,Thu,0,1TV,06:00-09:00,뉴스,굿모닝 코리아,전체가구,2.09,225,5,2850000,14250000
2024-07-04,Thu,0,2TV,06:00-09:00,뉴스,굿모닝 코리아,전체가구,1.36,148,5,1890000,9450000
2024-07-04,Thu,0,1TV,09:00-12:00,시사교양,정보가 산다,40대 이상,1.54,141,7,2100000,13775589
2024-07-04,Thu,0,2TV,09:00-12:00,시사교양,정보가 산다,40대 이상,1.02,123,5,1390000,6950000
2024-07-04,Thu,0,1TV,12:00-15:00,드라마,오후의 드라마(재방),30-40대,1.8,217,4,2420000,9680000
2024-07-04,Thu,0,2TV,12:00-15:00,드라마,오후의 드라마(재방),30-40대,0.97,134,4,1540000,6160000
2024-07-04,Thu,0,1TV,15:00-18:00,생활정보,생활의 발견,30-40대,1.53,170,5,2540000,12700000
2024-07-04,Thu,0,2TV,15:00-18:00,생활정보,생활의 발견,30-40대,1.39,163,5,1810000,9050000
2024-07-04,Thu,0,1TV,18:00-21:00,뉴스,메인뉴스 9,전체가구,4.17,433,8,8180000,65440000
2024-07-04,Thu,0,2TV,18:00-21:00,뉴스,메인뉴스 9,전체가구,3.77,449,8,5810000,46480000
2024-07-04,Thu,0,1TV,21:00-24:00,드라마,월화수목 드라마,30-40대,4.51,542,6,7280000,43680000
2024-07-04,Thu,0,2TV,21:00-24:00,드라마,월화수목 드라마,30-40대,3.06,364,7,4820000,33740000
2024-07-05,Fri,0,1TV,06:00-09:00,뉴스,굿모닝 코리아,전체가구,1.93,156,5,2790000,13950000
2024-07-05,Fri,0,2TV,06:00-09:00,뉴스,굿모닝 코리아,전체가구,1.38,166,7,1890000,13230000
2024-07-05,Fri,0,1TV,09:00-12:00,시사교양,정보가 산다,40대 이상,1.45,202,6,2070000,12420000
2024-07-05,Fri,0,2TV,09:00-12:00,시사교양,정보가 산다,40대 이상,1.07,137,5,1410000,7050000
2024-07-05,Fri,0,1TV,12:00-15:00,드라마,오후의 드라마(재방),30-40대,1.81,221,5,2430000,12150000
2024-07-05,Fri,0,2TV,12:00-15:00,드라마,오후의 드라마(재방),30-40대,0.97,81,6,1540000,9240000
2024-07-05,Fri,0,1TV,15:00-18:00,생활정보,생활의 발견,30-40대,1.89,153,6,2680000,16080000
2024-07-05,Fri,0,2TV,15:00-18:00,생활정보,생활의 발견,30-40대,1.32,148,4,1790000,7160000
2024-07-05,Fri,0,1TV,18:00-21:00,뉴스,메인뉴스 9,전체가구,4.83,593,9,8470000,76230000
2024-07-05,Fri,0,2TV,18:00-21:00,뉴스,메인뉴스 9,전체가구,3.57,492,7,5750000,40250000
2024-07-05,Fri,0,1TV,21:00-24:00,드라마,월화수목 드라마,30-40대,4.04,367,8,7070000,56560000
2024-07-05,Fri,0,2TV,21:00-24:00,드라마,월화수목 드라마,30-40대,2.61,215,8,4690000,37520000
2024-07-06,Sat,1,1TV,06:00-09:00,뉴스,주말 아침뉴스,전체가구,1.76,200,5,2730000,13650000
2024-07-06,Sat,1,2TV,06:00-09:00,뉴스,주말 아침뉴스,전체가구,1.23,120,7,1860000,13020000
2024-07-06,Sat,1,1TV,09:00-12:00,다큐멘터리,세상 이야기,40대 이상,1.61,192,5,2130000,10650000
2024-07-06,Sat,1,2TV,09:00-12:00,다큐멘터리,세상 이야기,40대 이상,1.13,126,6,1420000,8520000
2024-07-06,Sat,1,1TV,12:00-15:00,스포츠,주말 스포츠 중계,전체가구,1.54,177,6,2330000,13980000
2024-07-06,Sat,1,2TV,12:00-15:00,스포츠,주말 스포츠 중계,전체가구,1.24,173,6,1610000,9660000
2024-07-06,Sat,1,1TV,15:00-18:00,예능,주말 예능 스페셜,20-30대,1.58,136,4,2560000,10240000
2024-07-06,Sat,1,2TV,15:00-18:00,예능,주말 예능 스페셜,20-30대,1.1,108,4,1740000,6960000
2024-07-06,Sat,1,1TV,18:00-21:00,예능,주말 버라이어티,20-30대,4.85,451,8,8480000,67840000
2024-07-06,Sat,1,2TV,18:00-21:00,예능,주말 버라이어티,20-30대,3.54,373,9,5740000,51660000
2024-07-06,Sat,1,1TV,21:00-24:00,영화,주말 특선영화,20-30대,3.78,507,7,6950000,48650000
2024-07-06,Sat,1,2TV,21:00-24:00,영화,주말 특선영화,20-30대,3.13,377,8,4840000,38720000
2024-07-07,Sun,1,1TV,06:00-09:00,뉴스,주말 아침뉴스,전체가구,1.79,211,6,2740000,16440000
2024-07-07,Sun,1,2TV,06:00-09:00,뉴스,주말 아침뉴스,전체가구,1.46,134,6,1910000,11460000
2024-07-07,Sun,1,1TV,09:00-12:00,다큐멘터리,세상 이야기,40대 이상,1.47,163,5,2080000,10400000
2024-07-07,Sun,1,2TV,09:00-12:00,다큐멘터리,세상 이야기,40대 이상,0.89,124,6,1360000,8160000
2024-07-07,Sun,1,1TV,12:00-15:00,스포츠,주말 스포츠 중계,전체가구,1.79,170,5,2420000,12100000
2024-07-07,Sun,1,2TV,12:00-15:00,스포츠,주말 스포츠 중계,전체가구,0.98,111,4,1550000,6200000
2024-07-07,Sun,1,1TV,15:00-18:00,예능,주말 예능 스페셜,20-30대,1.51,203,5,2540000,12700000
2024-07-07,Sun,1,2TV,15:00-18:00,예능,주말 예능 스페셜,20-30대,1.32,127,4,1790000,7160000
2024-07-07,Sun,1,1TV,18:00-21:00,예능,주말 버라이어티,20-30대,5.37,552,7,8720000,61040000
2024-07-07,Sun,1,2TV,18:00-21:00,예능,주말 버라이어티,20-30대,2.94,328,8,5570000,44560000
2024-07-07,Sun,1,1TV,21:00-24:00,영화,주말 특선영화,20-30대,4.28,367,7,7180000,50260000
2024-07-07,Sun,1,2TV,21:00-24:00,영화,주말 특선영화,20-30대,3.07,347,8,4820000,38560000
2024-07-08,Mon,0,1TV,06:00-09:00,뉴스,굿모닝 코리아,전체가구,1.69,167,6,2710000,16260000
2024-07-08,Mon,0,2TV,06:00-09:00,뉴스,굿모닝 코리아,전체가구,1.51,182,7,1920000,13440000
2024-07-08,Mon,0,1TV,09:00-12:00,시사교양,정보가 산다,40대 이상,1.57,164,7,2120000,14840000
2024-07-08,Mon,0,2TV,09:00-12:00,시사교양,정보가 산다,40대 이상,0.85,94,5,1350000,6750000
2024-07-08,Mon,0,1TV,12:00-15:00,드라마,오후의 드라마(재방),30-40대,1.4,160,5,2280000,11400000
2024-07-08,Mon,0,2TV,12:00-15:00,드라마,오후의 드라마(재방),30-40대,1.18,163,6,1600000,9600000
2024-07-08,Mon,0,1TV,15:00-18:00,생활정보,생활의 발견,30-40대,1.82,191,5,2650000,13250000
2024-07-08,Mon,0,2TV,15:00-18:00,생활정보,생활의 발견,30-40대,1.39,178,6,1810000,10860000
2024-07-08,Mon,0,1TV,18:00-21:00,뉴스,메인뉴스 9,전체가구,5.34,594,9,8700000,78300000
2024-07-08,Mon,0,2TV,18:00-21:00,뉴스,메인뉴스 9,전체가구,3.63,357,7,5770000,40390000
2024-07-08,Mon,0,1TV,21:00-24:00,드라마,월화수목 드라마,30-40대,3.81,376,6,6960000,41760000
2024-07-08,Mon,0,2TV,21:00-24:00,드라마,월화수목 드라마,30-40대,2.41,228,6,4630000,27780000
2024-07-09,Tue,0,1TV,06:00-09:00,뉴스,굿모닝 코리아,전체가구,1.7,212,7,2710000,18970000
2024-07-09,Tue,0,2TV,06:00-09:00,뉴스,굿모닝 코리아,전체가구,1.51,122,6,1920000,11520000
2024-07-09,Tue,0,1TV,09:00-12:00,시사교양,정보가 산다,40대 이상,1.59,140,6,2120000,12720000
2024-07-09,Tue,0,2TV,09:00-12:00,시사교양,정보가 산다,40대 이상,1.14,152,7,1420000,9940000
2024-07-09,Tue,0,1TV,12:00-15:00,드라마,오후의 드라마(재방),30-40대,1.34,122,6,2250000,12163466
2024-07-09,Tue,0,2TV,12:00-15:00,드라마,오후의 드라마(재방),30-40대,1.12,113,6,1580000,9480000
2024-07-09,Tue,0,1TV,15:00-18:00,생활정보,생활의 발견,30-40대,1.94,272,6,2700000,16200000
2024-07-09,Tue,0,2TV,15:00-18:00,생활정보,생활의 발견,30-40대,1.05,112,4,1730000,6920000
2024-07-09,Tue,0,1TV,18:00-21:00,뉴스,메인뉴스 9,전체가구,5.24,584,7,8660000,60620000
2024-07-09,Tue,0,2TV,18:00-21:00,뉴스,메인뉴스 9,전체가구,3.18,280,8,5640000,45120000
2024-07-09,Tue,0,1TV,21:00-24:00,드라마,월화수목 드라마,30-40대,3.83,394,7,6970000,48790000
2024-07-09,Tue,0,2TV,21:00-24:00,드라마,월화수목 드라마,30-40대,2.63,318,8,4690000,37520000
2024-07-10,Wed,0,1TV,06:00-09:00,뉴스,굿모닝 코리아,전체가구,2.17,211,6,2880000,17280000
2024-07-10,Wed,0,2TV,06:00-09:00,뉴스,굿모닝 코리아,전체가구,1.26,157,7,1860000,13020000
2024-07-10,Wed,0,1TV,09:00-12:00,시사교양,정보가 산다,40대 이상,1.59,216,7,2120000,14840000
2024-07-10,Wed,0,2TV,09:00-12:00,시사교양,정보가 산다,40대 이상,1.11,151,7,1420000,9940000
2024-07-10,Wed,0,1TV,12:00-15:00,드라마,오후의 드라마(재방),30-40대,1.36,109,5,2260000,11300000
2024-07-10,Wed,0,2TV,12:00-15:00,드라마,오후의 드라마(재방),30-40대,1.06,85,6,1570000,9420000
2024-07-10,Wed,0,1TV,15:00-18:00,생활정보,생활의 발견,30-40대,1.65,142,5,2590000,12950000
2024-07-10,Wed,0,2TV,15:00-18:00,생활정보,생활의 발견,30-40대,1.23,165,5,1770000,8850000
2024-07-10,Wed,0,1TV,18:00-21:00,뉴스,메인뉴스 9,전체가구,4.68,418,9,8410000,75690000
2024-07-10,Wed,0,2TV,18:00-21:00,뉴스,메인뉴스 9,전체가구,3.29,337,8,5670000,45360000
2024-07-10,Wed,0,1TV,21:00-24:00,드라마,월화수목 드라마,30-40대,3.54,456,6,6840000,41040000
2024-07-10,Wed,0,2TV,21:00-24:00,드라마,월화수목 드라마,30-40대,2.89,307,6,4770000,28620000
2024-07-11,Thu,0,1TV,06:00-09:00,뉴스,굿모닝 코리아,전체가구,1.92,195,7,2790000,19530000
2024-07-11,Thu,0,2TV,06:00-09:00,뉴스,굿모닝 코리아,전체가구,1.25,103,6,1860000,11160000
2024-07-11,Thu,0,1TV,09:00-12:00,시사교양,정보가 산다,40대 이상,1.34,110,7,2030000,14210000
2024-07-11,Thu,0,2TV,09:00-12:00,시사교양,정보가 산다,40대 이상,0.99,119,6,1390000,8340000
2024-07-11,Thu,0,1TV,12:00-15:00,드라마,오후의 드라마(재방),30-40대,1.56,171,6,2340000,14040000
2024-07-11,Thu,0,2TV,12:00-15:00,드라마,오후의 드라마(재방),30-40대,1.05,132,5,1560000,7800000
2024-07-11,Thu,0,1TV,15:00-18:00,생활정보,생활의 발견,30-40대,1.94,253,5,2700000,13500000
2024-07-11,Thu,0,2TV,15:00-18:00,생활정보,생활의 발견,30-40대,1.38,176,4,1810000,7240000
2024-07-11,Thu,0,1TV,18:00-21:00,뉴스,메인뉴스 9,전체가구,4.7,592,7,8420000,58940000
2024-07-11,Thu,0,2TV,18:00-21:00,뉴스,메인뉴스 9,전체가구,3.64,385,9,5770000,51930000
2024-07-11,Thu,0,1TV,21:00-24:00,드라마,월화수목 드라마,30-40대,3.84,374,7,6980000,48860000
2024-07-11,Thu,0,2TV,21:00-24:00,드라마,월화수목 드라마,30-40대,2.7,316,8,4710000,37680000
2024-07-12,Fri,0,1TV,06:00-09:00,뉴스,굿모닝 코리아,전체가구,1.81,228,6,2750000,16500000
2024-07-12,Fri,0,2TV,06:00-09:00,뉴스,굿모닝 코리아,전체가구,1.28,165,5,1870000,9350000
2024-07-12,Fri,0,1TV,09:00-12:00,시사교양,정보가 산다,40대 이상,1.53,132,7,2100000,14700000
2024-07-12,Fri,0,2TV,09:00-12:00,시사교양,정보가 산다,40대 이상,0.9,126,7,1370000,9590000
2024-07-12,Fri,0,1TV,12:00-15:00,드라마,오후의 드라마(재방),30-40대,1.4,122,5,2280000,11044866
2024-07-12,Fri,0,2TV,12:00-15:00,드라마,오후의 드라마(재방),30-40대,1.25,132,6,1610000,9660000
2024-07-12,Fri,0,1TV,15:00-18:00,생활정보,생활의 발견,30-40대,1.91,196,6,2690000,16140000
2024-07-12,Fri,0,2TV,15:00-18:00,생활정보,생활의 발견,30-40대,1.26,118,5,1780000,8900000
2024-07-12,Fri,0,1TV,18:00-21:00,뉴스,메인뉴스 9,전체가구,4.08,431,7,8140000,56980000
2024-07-12,Fri,0,2TV,18:00-21:00,뉴스,메인뉴스 9,전체가구,3.09,299,8,5610000,44880000
2024-07-12,Fri,0,1TV,21:00-24:00,드라마,월화수목 드라마,30-40대,3.62,484,6,6880000,35346234
2024-07-12,Fri,0,2TV,21:00-24:00,드라마,월화수목 드라마,30-40대,2.97,275,7,4790000,33530000
2024-07-13,Sat,1,1TV,06:00-09:00,뉴스,주말 아침뉴스,전체가구,2.02,214,6,2830000,16980000
2024-07-13,Sat,1,2TV,06:00-09:00,뉴스,주말 아침뉴스,전체가구,1.32,130,5,1880000,9400000
2024-07-13,Sat,1,1TV,09:00-12:00,다큐멘터리,세상 이야기,40대 이상,1.49,188,5,2090000,10450000
2024-07-13,Sat,1,2TV,09:00-12:00,다큐멘터리,세상 이야기,40대 이상,1.07,109,7,1410000,9870000
2024-07-13,Sat,1,1TV,12:00-15:00,스포츠,주말 스포츠 중계,전체가구,1.5,179,4,2310000,9240000
2024-07-13,Sat,1,2TV,12:00-15:00,스포츠,주말 스포츠 중계,전체가구,0.97,84,6,1540000,9240000
2024-07-13,Sat,1,1TV,15:00-18:00,예능,주말 예능 스페셜,20-30대,1.52,175,6,2540000,15240000
2024-07-13,Sat,1,2TV,15:00-18:00,예능,주말 예능 스페셜,20-30대,1.1,117,4,1740000,6960000
2024-07-13,Sat,1,1TV,18:00-21:00,예능,주말 버라이어티,20-30대,4.76,479,9,8440000,75960000
2024-07-13,Sat,1,2TV,18:00-21:00,예능,주말 버라이어티,20-30대,3.57,400,7,5750000,35138443
2024-07-13,Sat,1,1TV,21:00-24:00,영화,주말 특선영화,20-30대,3.97,378,8,7040000,56320000
2024-07-13,Sat,1,2TV,21:00-24:00,영화,주말 특선영화,20-30대,3.09,330,8,4830000,38640000
2024-07-14,Sun,1,1TV,06:00-09:00,뉴스,주말 아침뉴스,전체가구,1.92,209,7,2790000,19530000
2024-07-14,Sun,1,2TV,06:00-09:00,뉴스,주말 아침뉴스,전체가구,1.38,112,7,1890000,13230000
2024-07-14,Sun,1,1TV,09:00-12:00,다큐멘터리,세상 이야기,40대 이상,1.6,156,7,2130000,14910000
2024-07-14,Sun,1,2TV,09:00-12:00,다큐멘터리,세상 이야기,40대 이상,1.14,104,6,1420000,8520000
2024-07-14,Sun,1,1TV,12:00-15:00,스포츠,주말 스포츠 중계,전체가구,1.58,175,4,2340000,9360000
2024-07-14,Sun,1,2TV,12:00-15:00,스포츠,주말 스포츠 중계,전체가구,1.19,123,5,1600000,8000000
2024-07-14,Sun,1,1TV,15:00-18:00,예능,주말 예능 스페셜,20-30대,1.6,146,4,2570000,10280000
2024-07-14,Sun,1,2TV,15:00-18:00,예능,주말 예능 스페셜,20-30대,1.25,101,6,1780000,10680000
2024-07-14,Sun,1,1TV,18:00-21:00,예능,주말 버라이어티,20-30대,4.98,555,8,8540000,68320000
2024-07-14,Sun,1,2TV,18:00-21:00,예능,주말 버라이어티,20-30대,3.11,299,7,5620000,39340000
2024-07-14,Sun,1,1TV,21:00-24:00,영화,주말 특선영화,20-30대,3.38,319,6,6770000,40620000
2024-07-14,Sun,1,2TV,21:00-24:00,영화,주말 특선영화,20-30대,3.13,303,6,4840000,29040000
2024-07-15,Mon,0,1TV,06:00-09:00,뉴스,굿모닝 코리아,전체가구,2.12,251,5,2860000,14300000
2024-07-15,Mon,0,2TV,06:00-09:00,뉴스,굿모닝 코리아,전체가구,1.26,110,7,1860000,13020000
2024-07-15,Mon,0,1TV,09:00-12:00,시사교양,정보가 산다,40대 이상,1.45,148,5,2070000,10350000
2024-07-15,Mon,0,2TV,09:00-12:00,시사교양,정보가 산다,40대 이상,1.11,106,5,1420000,7100000
2024-07-15,Mon,0,1TV,12:00-15:00,드라마,오후의 드라마(재방),30-40대,1.62,161,4,2360000,9440000
2024-07-15,Mon,0,2TV,12:00-15:00,드라마,오후의 드라마(재방),30-40대,0.94,95,6,1540000,9240000
2024-07-15,Mon,0,1TV,15:00-18:00,생활정보,생활의 발견,30-40대,1.55,214,6,2550000,15300000
2024-07-15,Mon,0,2TV,15:00-18:00,생활정보,생활의 발견,30-40대,1.35,184,6,1800000,10800000
2024-07-15,Mon,0,1TV,18:00-21:00,뉴스,메인뉴스 9,전체가구,5.03,518,9,8560000,77040000
2024-07-15,Mon,0,2TV,18:00-21:00,뉴스,메인뉴스 9,전체가구,3.44,400,7,5720000,40040000
2024-07-15,Mon,0,1TV,21:00-24:00,드라마,월화수목 드라마,30-40대,3.58,344,8,6860000,54880000
2024-07-15,Mon,0,2TV,21:00-24:00,드라마,월화수목 드라마,30-40대,3.06,317,7,4820000,33740000
2024-07-16,Tue,0,1TV,06:00-09:00,뉴스,굿모닝 코리아,전체가구,2.09,213,6,2850000,17100000
2024-07-16,Tue,0,2TV,06:00-09:00,뉴스,굿모닝 코리아,전체가구,1.25,114,5,1860000,9300000
2024-07-16,Tue,0,1TV,09:00-12:00,시사교양,정보가 산다,40대 이상,1.4,173,7,2050000,14350000
2024-07-16,Tue,0,2TV,09:00-12:00,시사교양,정보가 산다,40대 이상,0.94,125,6,1380000,8280000
2024-07-16,Tue,0,1TV,12:00-15:00,드라마,오후의 드라마(재방),30-40대,1.42,126,5,2280000,11400000
2024-07-16,Tue,0,2TV,12:00-15:00,드라마,오후의 드라마(재방),30-40대,1.24,171,4,1610000,6440000
2024-07-16,Tue,0,1TV,15:00-18:00,생활정보,생활의 발견,30-40대,1.53,191,4,2540000,10160000
2024-07-16,Tue,0,2TV,15:00-18:00,생활정보,생활의 발견,30-40대,1.17,95,4,1760000,7040000
2024-07-16,Tue,0,1TV,18:00-21:00,뉴스,메인뉴스 9,전체가구,4.89,404,7,8500000,59500000
2024-07-16,Tue,0,2TV,18:00-21:00,뉴스,메인뉴스 9,전체가구,3.08,420,9,5610000,48771487
2024-07-16,Tue,0,1TV,21:00-24:00,드라마,월화수목 드라마,30-40대,4.44,384,8,7250000,58000000
2024-07-16,Tue,0,2TV,21:00-24:00,드라마,월화수목 드라마,30-40대,3.05,260,6,4820000,28920000
2024-07-17,Wed,0,1TV,06:00-09:00,뉴스,굿모닝 코리아,전체가구,1.99,212,5,2820000,14100000
2024-07-17,Wed,0,2TV,06:00-09:00,뉴스,굿모닝 코리아,전체가구,1.37,130,7,1890000,13230000
2024-07-17,Wed,0,1TV,09:00-12:00,시사교양,정보가 산다,40대 이상,1.46,128,5,2080000,10400000
2024-07-17,Wed,0,2TV,09:00-12:00,시사교양,정보가 산다,40대 이상,0.93,103,6,1370000,8220000
2024-07-17,Wed,0,1TV,12:00-15:00,드라마,오후의 드라마(재방),30-40대,1.75,143,5,2410000,12050000
2024-07-17,Wed,0,2TV,12:00-15:00,드라마,오후의 드라마(재방),30-40대,1.06,103,6,1570000,9420000
2024-07-17,Wed,0,1TV,15:00-18:00,생활정보,생활의 발견,30-40대,1.92,248,4,2690000,10760000
2024-07-17,Wed,0,2TV,15:00-18:00,생활정보,생활의 발견,30-40대,1.39,130,5,1810000,9050000
2024-07-17,Wed,0,1TV,18:00-21:00,뉴스,메인뉴스 9,전체가구,4.85,422,7,8480000,59360000
2024-07-17,Wed,0,2TV,18:00-21:00,뉴스,메인뉴스 9,전체가구,3.42,310,9,5710000,51390000
2024-07-17,Wed,0,1TV,21:00-24:00,드라마,월화수목 드라마,30-40대,3.53,372,8,6840000,54720000
2024-07-17,Wed,0,2TV,21:00-24:00,드라마,월화수목 드라마,30-40대,2.87,279,6,4760000,28560000
2024-07-18,Thu,0,1TV,06:00-09:00,뉴스,굿모닝 코리아,전체가구,1.95,199,6,2800000,16800000
2024-07-18,Thu,0,2TV,06:00-09:00,뉴스,굿모닝 코리아,전체가구,1.47,124,5,1910000,9550000
2024-07-18,Thu,0,1TV,09:00-12:00,시사교양,정보가 산다,40대 이상,1.61,204,5,2130000,10650000
2024-07-18,Thu,0,2TV,09:00-12:00,시사교양,정보가 산다,40대 이상,0.96,118,6,1380000,8280000
2024-07-18,Thu,0,1TV,12:00-15:00,드라마,오후의 드라마(재방),30-40대,1.38,146,6,2270000,13620000
2024-07-18,Thu,0,2TV,12:00-15:00,드라마,오후의 드라마(재방),30-40대,0.97,135,4,1540000,6160000
2024-07-18,Thu,0,1TV,15:00-18:00,생활정보,생활의 발견,30-40대,1.64,180,5,2590000,12950000
2024-07-18,Thu,0,2TV,15:00-18:00,생활정보,생활의 발견,30-40대,1.18,151,5,1760000,8800000
2024-07-18,Thu,0,1TV,18:00-21:00,뉴스,메인뉴스 9,전체가구,5.31,718,8,8690000,69520000
2024-07-18,Thu,0,2TV,18:00-21:00,뉴스,메인뉴스 9,전체가구,3.31,371,9,5680000,51120000
2024-07-18,Thu,0,1TV,21:00-24:00,드라마,월화수목 드라마,30-40대,3.59,305,8,6870000,54960000
2024-07-18,Thu,0,2TV,21:00-24:00,드라마,월화수목 드라마,30-40대,2.83,344,8,4750000,38000000
2024-07-19,Fri,0,1TV,06:00-09:00,뉴스,굿모닝 코리아,전체가구,1.71,174,5,2720000,13600000
2024-07-19,Fri,0,2TV,06:00-09:00,뉴스,굿모닝 코리아,전체가구,1.18,134,5,1850000,9250000
2024-07-19,Fri,0,1TV,09:00-12:00,시사교양,정보가 산다,40대 이상,1.22,123,5,1990000,9950000
2024-07-19,Fri,0,2TV,09:00-12:00,시사교양,정보가 산다,40대 이상,0.89,117,6,1360000,8160000
2024-07-19,Fri,0,1TV,12:00-15:00,드라마,오후의 드라마(재방),30-40대,1.71,143,4,2390000,9560000
2024-07-19,Fri,0,2TV,12:00-15:00,드라마,오후의 드라마(재방),30-40대,1.17,104,6,1590000,9213633
2024-07-19,Fri,0,1TV,15:00-18:00,생활정보,생활의 발견,30-40대,1.65,201,6,2590000,15540000
2024-07-19,Fri,0,2TV,15:00-18:00,생활정보,생활의 발견,30-40대,1.21,140,4,1770000,6328311
2024-07-19,Fri,0,1TV,18:00-21:00,뉴스,메인뉴스 9,전체가구,4.09,346,9,8140000,73260000
2024-07-19,Fri,0,2TV,18:00-21:00,뉴스,메인뉴스 9,전체가구,3.23,407,8,5650000,45200000
2024-07-19,Fri,0,1TV,21:00-24:00,드라마,월화수목 드라마,30-40대,4.19,511,7,7140000,49980000
2024-07-19,Fri,0,2TV,21:00-24:00,드라마,월화수목 드라마,30-40대,2.95,315,8,4790000,38320000
2024-07-20,Sat,1,1TV,06:00-09:00,뉴스,주말 아침뉴스,전체가구,1.82,163,7,2760000,18163427
2024-07-20,Sat,1,2TV,06:00-09:00,뉴스,주말 아침뉴스,전체가구,1.38,111,6,1890000,11340000
2024-07-20,Sat,1,1TV,09:00-12:00,다큐멘터리,세상 이야기,40대 이상,1.56,177,6,2110000,12660000
2024-07-20,Sat,1,2TV,09:00-12:00,다큐멘터리,세상 이야기,40대 이상,1.0,123,6,1390000,8340000
2024-07-20,Sat,1,1TV,12:00-15:00,스포츠,주말 스포츠 중계,전체가구,1.45,124,5,2290000,11450000
2024-07-20,Sat,1,2TV,12:00-15:00,스포츠,주말 스포츠 중계,전체가구,0.98,91,6,1550000,9300000
2024-07-20,Sat,1,1TV,15:00-18:00,예능,주말 예능 스페셜,20-30대,1.66,215,6,2590000,15540000
2024-07-20,Sat,1,2TV,15:00-18:00,예능,주말 예능 스페셜,20-30대,1.06,129,5,1730000,8650000
2024-07-20,Sat,1,1TV,18:00-21:00,예능,주말 버라이어티,20-30대,4.88,633,7,8500000,59500000
2024-07-20,Sat,1,2TV,18:00-21:00,예능,주말 버라이어티,20-30대,3.19,336,8,5640000,45120000
2024-07-20,Sat,1,1TV,21:00-24:00,영화,주말 특선영화,20-30대,3.41,396,7,6780000,41948225
2024-07-20,Sat,1,2TV,21:00-24:00,영화,주말 특선영화,20-30대,2.8,235,8,4740000,36371440
2024-07-21,Sun,1,1TV,06:00-09:00,뉴스,주말 아침뉴스,전체가구,1.77,163,5,2740000,13700000
2024-07-21,Sun,1,2TV,06:00-09:00,뉴스,주말 아침뉴스,전체가구,1.21,138,5,1850000,9250000
2024-07-21,Sun,1,1TV,09:00-12:00,다큐멘터리,세상 이야기,40대 이상,1.53,127,6,2100000,12600000
2024-07-21,Sun,1,2TV,09:00-12:00,다큐멘터리,세상 이야기,40대 이상,0.94,131,6,1380000,8280000
2024-07-21,Sun,1,1TV,12:00-15:00,스포츠,주말 스포츠 중계,전체가구,1.56,154,5,2340000,11700000
2024-07-21,Sun,1,2TV,12:00-15:00,스포츠,주말 스포츠 중계,전체가구,1.26,154,4,1620000,6480000
2024-07-21,Sun,1,1TV,15:00-18:00,예능,주말 예능 스페셜,20-30대,1.92,212,6,2690000,16140000
2024-07-21,Sun,1,2TV,15:00-18:00,예능,주말 예능 스페셜,20-30대,1.09,126,5,1740000,8700000
2024-07-21,Sun,1,1TV,18:00-21:00,예능,주말 버라이어티,20-30대,5.19,427,7,8640000,60480000
2024-07-21,Sun,1,2TV,18:00-21:00,예능,주말 버라이어티,20-30대,3.28,437,7,5670000,39690000
2024-07-21,Sun,1,1TV,21:00-24:00,영화,주말 특선영화,20-30대,3.58,333,8,6860000,54880000
2024-07-21,Sun,1,2TV,21:00-24:00,영화,주말 특선영화,20-30대,2.99,268,8,4800000,38400000
2024-07-22,Mon,0,1TV,06:00-09:00,뉴스,굿모닝 코리아,전체가구,2.08,248,6,2850000,17100000
2024-07-22,Mon,0,2TV,06:00-09:00,뉴스,굿모닝 코리아,전체가구,1.23,120,7,1860000,13020000
2024-07-22,Mon,0,1TV,09:00-12:00,시사교양,정보가 산다,40대 이상,1.37,183,7,2040000,14280000
2024-07-22,Mon,0,2TV,09:00-12:00,시사교양,정보가 산다,40대 이상,0.91,106,5,1370000,6850000
2024-07-22,Mon,0,1TV,12:00-15:00,드라마,오후의 드라마(재방),30-40대,1.59,222,4,2350000,9400000
2024-07-22,Mon,0,2TV,12:00-15:00,드라마,오후의 드라마(재방),30-40대,0.99,131,6,1550000,9300000
2024-07-22,Mon,0,1TV,15:00-18:00,생활정보,생활의 발견,30-40대,1.87,250,5,2670000,13350000
2024-07-22,Mon,0,2TV,15:00-18:00,생활정보,생활의 발견,30-40대,1.15,156,4,1750000,7000000
2024-07-22,Mon,0,1TV,18:00-21:00,뉴스,메인뉴스 9,전체가구,4.78,484,7,8450000,59150000
2024-07-22,Mon,0,2TV,18:00-21:00,뉴스,메인뉴스 9,전체가구,3.59,343,8,5760000,46080000
2024-07-22,Mon,0,1TV,21:00-24:00,드라마,월화수목 드라마,30-40대,4.2,447,6,7140000,42840000
2024-07-22,Mon,0,2TV,21:00-24:00,드라마,월화수목 드라마,30-40대,3.15,344,7,4850000,33950000
2024-07-23,Tue,0,1TV,06:00-09:00,뉴스,굿모닝 코리아,전체가구,1.89,248,7,2780000,19460000
2024-07-23,Tue,0,2TV,06:00-09:00,뉴스,굿모닝 코리아,전체가구,1.33,174,6,1880000,11280000
2024-07-23,Tue,0,1TV,09:00-12:00,시사교양,정보가 산다,40대 이상,1.48,163,6,2080000,12480000
2024-07-23,Tue,0,2TV,09:00-12:00,시사교양,정보가 산다,40대 이상,1.14,94,7,1420000,9940000
2024-07-23,Tue,0,1TV,12:00-15:00,드라마,오후의 드라마(재방),30-40대,1.69,206,6,2380000,13599803
2024-07-23,Tue,0,2TV,12:00-15:00,드라마,오후의 드라마(재방),30-40대,1.04,93,5,1560000,7800000
2024-07-23,Tue,0,1TV,15:00-18:00,생활정보,생활의 발견,30-40대,1.57,208,6,2560000,15360000
2024-07-23,Tue,0,2TV,15:00-18:00,생활정보,생활의 발견,30-40대,1.2,142,5,1760000,8800000
2024-07-23,Tue,0,1TV,18:00-21:00,뉴스,메인뉴스 9,전체가구,4.22,365,8,8200000,65600000
2024-07-23,Tue,0,2TV,18:00-21:00,뉴스,메인뉴스 9,전체가구,3.02,301,8,5590000,44720000
2024-07-23,Tue,0,1TV,21:00-24:00,드라마,월화수목 드라마,30-40대,4.02,373,8,7060000,56480000
2024-07-23,Tue,0,2TV,21:00-24:00,드라마,월화수목 드라마,30-40대,2.58,212,6,4680000,28080000
2024-07-24,Wed,0,1TV,06:00-09:00,뉴스,굿모닝 코리아,전체가구,1.74,161,7,2730000,17621891
2024-07-24,Wed,0,2TV,06:00-09:00,뉴스,굿모닝 코리아,전체가구,1.33,181,6,1880000,11280000
2024-07-24,Wed,0,1TV,09:00-12:00,시사교양,정보가 산다,40대 이상,1.6,148,5,2130000,10650000
2024-07-24,Wed,0,2TV,09:00-12:00,시사교양,정보가 산다,40대 이상,1.13,137,6,1420000,8520000
2024-07-24,Wed,0,1TV,12:00-15:00,드라마,오후의 드라마(재방),30-40대,1.41,125,5,2280000,11400000
2024-07-24,Wed,0,2TV,12:00-15:00,드라마,오후의 드라마(재방),30-40대,1.04,128,5,1560000,7800000
2024-07-24,Wed,0,1TV,15:00-18:00,생활정보,생활의 발견,30-40대,1.8,172,4,2650000,10600000
2024-07-24,Wed,0,2TV,15:00-18:00,생활정보,생활의 발견,30-40대,1.36,137,5,1800000,9000000
2024-07-24,Wed,0,1TV,18:00-21:00,뉴스,메인뉴스 9,전체가구,4.46,469,8,8310000,66480000
2024-07-24,Wed,0,2TV,18:00-21:00,뉴스,메인뉴스 9,전체가구,3.6,497,8,5760000,46080000
2024-07-24,Wed,0,1TV,21:00-24:00,드라마,월화수목 드라마,30-40대,4.12,426,6,7100000,42600000
2024-07-24,Wed,0,2TV,21:00-24:00,드라마,월화수목 드라마,30-40대,3.09,284,8,4830000,38640000
2024-07-25,Thu,0,1TV,06:00-09:00,뉴스,굿모닝 코리아,전체가구,2.01,200,7,2820000,19740000
2024-07-25,Thu,0,2TV,06:00-09:00,뉴스,굿모닝 코리아,전체가구,1.48,147,5,1920000,9600000
2024-07-25,Thu,0,1TV,09:00-12:00,시사교양,정보가 산다,40대 이상,1.58,174,6,2120000,12720000
2024-07-25,Thu,0,2TV,09:00-12:00,시사교양,정보가 산다,40대 이상,1.13,118,7,1420000,9940000
2024-07-25,Thu,0,1TV,12:00-15:00,드라마,오후의 드라마(재방),30-40대,1.78,243,4,2420000,9680000
2024-07-25,Thu,0,2TV,12:00-15:00,드라마,오후의 드라마(재방),30-40대,1.15,132,4,1590000,6360000
2024-07-25,Thu,0,1TV,15:00-18:00,생활정보,생활의 발견,30-40대,1.96,206,6,2710000,16260000
2024-07-25,Thu,0,2TV,15:00-18:00,생활정보,생활의 발견,30-40대,1.25,116,4,1780000,7120000
2024-07-25,Thu,0,1TV,18:00-21:00,뉴스,메인뉴스 9,전체가구,5.33,611,7,8700000,60900000
2024-07-25,Thu,0,2TV,18:00-21:00,뉴스,메인뉴스 9,전체가구,3.18,312,8,5640000,45120000
2024-07-25,Thu,0,1TV,21:00-24:00,드라마,월화수목 드라마,30-40대,4.32,527,8,7190000,57520000
2024-07-25,Thu,0,2TV,21:00-24:00,드라마,월화수목 드라마,30-40대,2.69,272,8,4710000,37680000
2024-07-26,Fri,0,1TV,06:00-09:00,뉴스,굿모닝 코리아,전체가구,2.22,222,5,2900000,14500000
2024-07-26,Fri,0,2TV,06:00-09:00,뉴스,굿모닝 코리아,전체가구,1.33,151,5,1880000,9400000
2024-07-26,Fri,0,1TV,09:00-12:00,시사교양,정보가 산다,40대 이상,1.35,176,7,2040000,14280000
2024-07-26,Fri,0,2TV,09:00-12:00,시사교양,정보가 산다,40대 이상,1.03,126,5,1400000,7000000
2024-07-26,Fri,0,1TV,12:00-15:00,드라마,오후의 드라마(재방),30-40대,1.7,147,6,2390000,13793640
2024-07-26,Fri,0,2TV,12:00-15:00,드라마,오후의 드라마(재방),30-40대,0.97,121,6,1540000,9240000
2024-07-26,Fri,0,1TV,15:00-18:00,생활정보,생활의 발견,30-40대,1.51,161,6,2540000,15240000
2024-07-26,Fri,0,2TV,15:00-18:00,생활정보,생활의 발견,30-40대,1.28,168,4,1780000,7120000
2024-07-26,Fri,0,1TV,18:00-21:00,뉴스,메인뉴스 9,전체가구,4.6,473,7,8370000,58590000
2024-07-26,Fri,0,2TV,18:00-21:00,뉴스,메인뉴스 9,전체가구,3.76,380,8,5810000,46480000
2024-07-26,Fri,0,1TV,21:00-24:00,드라마,월화수목 드라마,30-40대,4.26,521,8,7170000,57360000
2024-07-26,Fri,0,2TV,21:00-24:00,드라마,월화수목 드라마,30-40대,3.13,397,8,4840000,38720000
2024-07-27,Sat,1,1TV,06:00-09:00,뉴스,주말 아침뉴스,전체가구,2.16,207,6,2880000,17280000
2024-07-27,Sat,1,2TV,06:00-09:00,뉴스,주말 아침뉴스,전체가구,1.18,159,5,1850000,8032747
2024-07-27,Sat,1,1TV,09:00-12:00,다큐멘터리,세상 이야기,40대 이상,1.35,174,7,2040000,14280000
2024-07-27,Sat,1,2TV,09:00-12:00,다큐멘터리,세상 이야기,40대 이상,0.95,131,6,1380000,8280000
2024-07-27,Sat,1,1TV,12:00-15:00,스포츠,주말 스포츠 중계,전체가구,1.78,163,6,2420000,14520000
2024-07-27,Sat,1,2TV,12:00-15:00,스포츠,주말 스포츠 중계,전체가구,0.96,130,5,1540000,7700000
2024-07-27,Sat,1,1TV,15:00-18:00,예능,주말 예능 스페셜,20-30대,1.78,247,4,2640000,10560000
2024-07-27,Sat,1,2TV,15:00-18:00,예능,주말 예능 스페셜,20-30대,1.15,103,4,1750000,7000000
2024-07-27,Sat,1,1TV,18:00-21:00,예능,주말 버라이어티,20-30대,5.09,561,9,8590000,77310000
2024-07-27,Sat,1,2TV,18:00-21:00,예능,주말 버라이어티,20-30대,3.21,404,8,5650000,45200000
2024-07-27,Sat,1,1TV,21:00-24:00,영화,주말 특선영화,20-30대,3.49,347,6,6820000,40920000
2024-07-27,Sat,1,2TV,21:00-24:00,영화,주말 특선영화,20-30대,2.71,319,8,4720000,37760000
2024-07-28,Sun,1,1TV,06:00-09:00,뉴스,주말 아침뉴스,전체가구,2.01,226,5,2820000,14100000
2024-07-28,Sun,1,2TV,06:00-09:00,뉴스,주말 아침뉴스,전체가구,1.18,146,6,1850000,11100000
2024-07-28,Sun,1,1TV,09:00-12:00,다큐멘터리,세상 이야기,40대 이상,1.52,139,7,2100000,14700000
2024-07-28,Sun,1,2TV,09:00-12:00,다큐멘터리,세상 이야기,40대 이상,0.93,104,5,1370000,6850000
2024-07-28,Sun,1,1TV,12:00-15:00,스포츠,주말 스포츠 중계,전체가구,1.7,175,5,2390000,11950000
2024-07-28,Sun,1,2TV,12:00-15:00,스포츠,주말 스포츠 중계,전체가구,1.03,140,6,1560000,9062125
2024-07-28,Sun,1,1TV,15:00-18:00,예능,주말 예능 스페셜,20-30대,1.9,165,6,2690000,16140000
2024-07-28,Sun,1,2TV,15:00-18:00,예능,주말 예능 스페셜,20-30대,1.08,103,4,1730000,6920000
2024-07-28,Sun,1,1TV,18:00-21:00,예능,주말 버라이어티,20-30대,4.65,473,7,8390000,58730000
2024-07-28,Sun,1,2TV,18:00-21:00,예능,주말 버라이어티,20-30대,3.31,269,7,5680000,39760000
2024-07-28,Sun,1,1TV,21:00-24:00,영화,주말 특선영화,20-30대,4.03,373,7,7060000,49420000
2024-07-28,Sun,1,2TV,21:00-24:00,영화,주말 특선영화,20-30대,2.61,351,6,4690000,28140000
2024-07-29,Mon,0,1TV,06:00-09:00,뉴스,굿모닝 코리아,전체가구,1.66,151,7,2700000,18900000
2024-07-29,Mon,0,2TV,06:00-09:00,뉴스,굿모닝 코리아,전체가구,1.53,133,6,1930000,11580000
2024-07-29,Mon,0,1TV,09:00-12:00,시사교양,정보가 산다,40대 이상,1.39,162,7,2050000,13095951
2024-07-29,Mon,0,2TV,09:00-12:00,시사교양,정보가 산다,40대 이상,0.92,80,7,1370000,8178012
2024-07-29,Mon,0,1TV,12:00-15:00,드라마,오후의 드라마(재방),30-40대,1.56,139,5,2340000,11700000
2024-07-29,Mon,0,2TV,12:00-15:00,드라마,오후의 드라마(재방),30-40대,1.01,101,4,1550000,6200000
2024-07-29,Mon,0,1TV,15:00-18:00,생활정보,생활의 발견,30-40대,1.81,159,5,2650000,13250000
2024-07-29,Mon,0,2TV,15:00-18:00,생활정보,생활의 발견,30-40대,1.38,139,6,1810000,10860000
2024-07-29,Mon,0,1TV,18:00-21:00,뉴스,메인뉴스 9,전체가구,4.61,593,8,8370000,66960000
2024-07-29,Mon,0,2TV,18:00-21:00,뉴스,메인뉴스 9,전체가구,3.22,295,7,5650000,39550000
2024-07-29,Mon,0,1TV,21:00-24:00,드라마,월화수목 드라마,30-40대,4.29,528,7,7180000,50260000
2024-07-29,Mon,0,2TV,21:00-24:00,드라마,월화수목 드라마,30-40대,3.01,347,6,4800000,28800000
2024-07-30,Tue,0,1TV,06:00-09:00,뉴스,굿모닝 코리아,전체가구,2.2,240,6,2890000,17340000
2024-07-30,Tue,0,2TV,06:00-09:00,뉴스,굿모닝 코리아,전체가구,1.48,191,7,1920000,13440000
2024-07-30,Tue,0,1TV,09:00-12:00,시사교양,정보가 산다,40대 이상,1.35,124,6,2040000,12240000
2024-07-30,Tue,0,2TV,09:00-12:00,시사교양,정보가 산다,40대 이상,1.03,86,5,1400000,7000000
2024-07-30,Tue,0,1TV,12:00-15:00,드라마,오후의 드라마(재방),30-40대,1.77,168,5,2410000,12050000
2024-07-30,Tue,0,2TV,12:00-15:00,드라마,오후의 드라마(재방),30-40대,1.21,144,6,1600000,9600000
2024-07-30,Tue,0,1TV,15:00-18:00,생활정보,생활의 발견,30-40대,1.47,133,5,2520000,12600000
2024-07-30,Tue,0,2TV,15:00-18:00,생활정보,생활의 발견,30-40대,1.1,104,4,1740000,6960000
2024-07-30,Tue,0,1TV,18:00-21:00,뉴스,메인뉴스 9,전체가구,4.48,568,7,8320000,54314338
2024-07-30,Tue,0,2TV,18:00-21:00,뉴스,메인뉴스 9,전체가구,3.53,328,9,5740000,51660000
2024-07-30,Tue,0,1TV,21:00-24:00,드라마,월화수목 드라마,30-40대,4.35,495,7,7210000,50470000
2024-07-30,Tue,0,2TV,21:00-24:00,드라마,월화수목 드라마,30-40대,2.52,234,8,4660000,37280000
2024-07-31,Wed,0,1TV,06:00-09:00,뉴스,굿모닝 코리아,전체가구,2.0,266,7,2820000,19740000
2024-07-31,Wed,0,2TV,06:00-09:00,뉴스,굿모닝 코리아,전체가구,1.54,162,6,1930000,11580000
2024-07-31,Wed,0,1TV,09:00-12:00,시사교양,정보가 산다,40대 이상,1.32,121,6,2020000,12120000
2024-07-31,Wed,0,2TV,09:00-12:00,시사교양,정보가 산다,40대 이상,1.14,120,5,1420000,7100000
2024-07-31,Wed,0,1TV,12:00-15:00,드라마,오후의 드라마(재방),30-40대,1.6,185,4,2350000,9400000
2024-07-31,Wed,0,2TV,12:00-15:00,드라마,오후의 드라마(재방),30-40대,1.03,122,6,1560000,9360000
2024-07-31,Wed,0,1TV,15:00-18:00,생활정보,생활의 발견,30-40대,1.92,186,5,2690000,12293516
2024-07-31,Wed,0,2TV,15:00-18:00,생활정보,생활의 발견,30-40대,1.23,123,4,1770000,7080000
2024-07-31,Wed,0,1TV,18:00-21:00,뉴스,메인뉴스 9,전체가구,4.09,524,9,8140000,73260000
2024-07-31,Wed,0,2TV,18:00-21:00,뉴스,메인뉴스 9,전체가구,3.13,315,7,5620000,39340000
2024-07-31,Wed,0,1TV,21:00-24:00,드라마,월화수목 드라마,30-40대,3.66,427,7,6900000,48300000
2024-07-31,Wed,0,2TV,21:00-24:00,드라마,월화수목 드라마,30-40대,3.16,346,8,4850000,38800000
2024-08-01,Thu,0,1TV,06:00-09:00,뉴스,굿모닝 코리아,전체가구,1.72,176,7,2720000,19040000
2024-08-01,Thu,0,2TV,06:00-09:00,뉴스,굿모닝 코리아,전체가구,1.27,164,5,1870000,9350000
2024-08-01,Thu,0,1TV,09:00-12:00,시사교양,정보가 산다,40대 이상,1.32,160,6,2020000,12120000
2024-08-01,Thu,0,2TV,09:00-12:00,시사교양,정보가 산다,40대 이상,0.87,107,6,1360000,8160000
2024-08-01,Thu,0,1TV,12:00-15:00,드라마,오후의 드라마(재방),30-40대,1.57,126,6,2340000,14040000
2024-08-01,Thu,0,2TV,12:00-15:00,드라마,오후의 드라마(재방),30-40대,1.03,131,4,1560000,5531852
2024-08-01,Thu,0,1TV,15:00-18:00,생활정보,생활의 발견,30-40대,1.59,193,5,2570000,12850000
2024-08-01,Thu,0,2TV,15:00-18:00,생활정보,생활의 발견,30-40대,1.1,97,5,1740000,8700000
2024-08-01,Thu,0,1TV,18:00-21:00,뉴스,메인뉴스 9,전체가구,4.4,391,9,8280000,74520000
2024-08-01,Thu,0,2TV,18:00-21:00,뉴스,메인뉴스 9,전체가구,3.78,396,8,5810000,46480000
2024-08-01,Thu,0,1TV,21:00-24:00,드라마,월화수목 드라마,30-40대,3.9,368,7,7000000,49000000
2024-08-01,Thu,0,2TV,21:00-24:00,드라마,월화수목 드라마,30-40대,3.16,314,8,4850000,38800000
2024-08-02,Fri,0,1TV,06:00-09:00,뉴스,굿모닝 코리아,전체가구,1.7,214,7,2710000,18970000
2024-08-02,Fri,0,2TV,06:00-09:00,뉴스,굿모닝 코리아,전체가구,1.41,187,7,1900000,13300000
2024-08-02,Fri,0,1TV,09:00-12:00,시사교양,정보가 산다,40대 이상,1.54,187,5,2100000,10500000
2024-08-02,Fri,0,2TV,09:00-12:00,시사교양,정보가 산다,40대 이상,0.86,69,5,1360000,6800000
2024-08-02,Fri,0,1TV,12:00-15:00,드라마,오후의 드라마(재방),30-40대,1.5,164,5,2310000,11550000
2024-08-02,Fri,0,2TV,12:00-15:00,드라마,오후의 드라마(재방),30-40대,1.14,127,5,1590000,7950000
2024-08-02,Fri,0,1TV,15:00-18:00,생활정보,생활의 발견,30-40대,1.61,173,4,2570000,10280000
2024-08-02,Fri,0,2TV,15:00-18:00,생활정보,생활의 발견,30-40대,1.07,94,5,1730000,8650000
2024-08-02,Fri,0,1TV,18:00-21:00,뉴스,메인뉴스 9,전체가구,4.59,538,7,8370000,58590000
2024-08-02,Fri,0,2TV,18:00-21:00,뉴스,메인뉴스 9,전체가구,3.0,290,7,5590000,39130000
2024-08-02,Fri,0,1TV,21:00-24:00,드라마,월화수목 드라마,30-40대,4.4,504,6,7230000,43380000
2024-08-02,Fri,0,2TV,21:00-24:00,드라마,월화수목 드라마,30-40대,3.07,383,6,4820000,26181323
2024-08-03,Sat,1,1TV,06:00-09:00,뉴스,주말 아침뉴스,전체가구,1.8,195,7,2750000,19250000
2024-08-03,Sat,1,2TV,06:00-09:00,뉴스,주말 아침뉴스,전체가구,1.28,174,5,1870000,9350000
2024-08-03,Sat,1,1TV,09:00-12:00,다큐멘터리,세상 이야기,40대 이상,1.27,132,6,2010000,12060000
2024-08-03,Sat,1,2TV,09:00-12:00,다큐멘터리,세상 이야기,40대 이상,0.86,83,5,1360000,6092138
2024-08-03,Sat,1,1TV,12:00-15:00,스포츠,주말 스포츠 중계,전체가구,1.75,160,4,2410000,9640000
2024-08-03,Sat,1,2TV,12:00-15:00,스포츠,주말 스포츠 중계,전체가구,1.14,127,5,1590000,7950000
2024-08-03,Sat,1,1TV,15:00-18:00,예능,주말 예능 스페셜,20-30대,1.5,124,4,2530000,10120000
2024-08-03,Sat,1,2TV,15:00-18:00,예능,주말 예능 스페셜,20-30대,1.11,92,4,1740000,6960000
2024-08-03,Sat,1,1TV,18:00-21:00,예능,주말 버라이어티,20-30대,4.29,480,8,8230000,65840000
2024-08-03,Sat,1,2TV,18:00-21:00,예능,주말 버라이어티,20-30대,3.43,422,8,5710000,45680000
2024-08-03,Sat,1,1TV,21:00-24:00,영화,주말 특선영화,20-30대,3.55,460,8,6850000,54800000
2024-08-03,Sat,1,2TV,21:00-24:00,영화,주말 특선영화,20-30대,2.52,320,7,4660000,32620000
2024-08-04,Sun,1,1TV,06:00-09:00,뉴스,주말 아침뉴스,전체가구,2.06,200,5,2840000,14200000
2024-08-04,Sun,1,2TV,06:00-09:00,뉴스,주말 아침뉴스,전체가구,1.38,168,6,1890000,11340000
2024-08-04,Sun,1,1TV,09:00-12:00,다큐멘터리,세상 이야기,40대 이상,1.54,187,5,2100000,10500000
2024-08-04,Sun,1,2TV,09:00-12:00,다큐멘터리,세상 이야기,40대 이상,0.87,79,6,1360000,8160000
2024-08-04,Sun,1,1TV,12:00-15:00,스포츠,주말 스포츠 중계,전체가구,1.32,143,5,2240000,10829554
2024-08-04,Sun,1,2TV,12:00-15:00,스포츠,주말 스포츠 중계,전체가구,1.23,111,4,1610000,6440000
2024-08-04,Sun,1,1TV,15:00-18:00,예능,주말 예능 스페셜,20-30대,1.94,223,5,2700000,13500000
2024-08-04,Sun,1,2TV,15:00-18:00,예능,주말 예능 스페셜,20-30대,1.21,100,4,1770000,7080000
2024-08-04,Sun,1,1TV,18:00-21:00,예능,주말 버라이어티,20-30대,5.33,694,9,8700000,78300000
2024-08-04,Sun,1,2TV,18:00-21:00,예능,주말 버라이어티,20-30대,3.57,452,7,5750000,40250000
2024-08-04,Sun,1,1TV,21:00-24:00,영화,주말 특선영화,20-30대,4.15,445,8,7120000,56960000
2024-08-04,Sun,1,2TV,21:00-24:00,영화,주말 특선영화,20-30대,2.8,335,7,4740000,33180000
2024-08-05,Mon,0,1TV,06:00-09:00,뉴스,굿모닝 코리아,전체가구,1.65,167,7,2690000,18830000
2024-08-05,Mon,0,2TV,06:00-09:00,뉴스,굿모닝 코리아,전체가구,1.39,167,7,1900000,13300000
2024-08-05,Mon,0,1TV,09:00-12:00,시사교양,정보가 산다,40대 이상,1.3,145,7,2020000,13679552
2024-08-05,Mon,0,2TV,09:00-12:00,시사교양,정보가 산다,40대 이상,1.1,132,5,1410000,7050000
2024-08-05,Mon,0,1TV,12:00-15:00,드라마,오후의 드라마(재방),30-40대,1.33,152,6,2250000,13500000
2024-08-05,Mon,0,2TV,12:00-15:00,드라마,오후의 드라마(재방),30-40대,1.06,132,4,1570000,6280000
2024-08-05,Mon,0,1TV,15:00-18:00,생활정보,생활의 발견,30-40대,1.64,142,5,2590000,12950000
2024-08-05,Mon,0,2TV,15:00-18:00,생활정보,생활의 발견,30-40대,1.28,171,5,1780000,8900000
2024-08-05,Mon,0,1TV,18:00-21:00,뉴스,메인뉴스 9,전체가구,5.17,468,9,8630000,77670000
2024-08-05,Mon,0,2TV,18:00-21:00,뉴스,메인뉴스 9,전체가구,3.15,363,8,5630000,45040000
2024-08-05,Mon,0,1TV,21:00-24:00,드라마,월화수목 드라마,30-40대,3.34,371,7,6750000,47250000
2024-08-05,Mon,0,2TV,21:00-24:00,드라마,월화수목 드라마,30-40대,2.45,313,8,4640000,37120000
2024-08-06,Tue,0,1TV,06:00-09:00,뉴스,굿모닝 코리아,전체가구,2.1,204,5,2860000,14300000
2024-08-06,Tue,0,2TV,06:00-09:00,뉴스,굿모닝 코리아,전체가구,1.46,158,5,1910000,9550000
2024-08-06,Tue,0,1TV,09:00-12:00,시사교양,정보가 산다,40대 이상,1.31,149,5,2020000,10100000
2024-08-06,Tue,0,2TV,09:00-12:00,시사교양,정보가 산다,40대 이상,0.93,119,5,1370000,6850000
2024-08-06,Tue,0,1TV,12:00-15:00,드라마,오후의 드라마(재방),30-40대,1.42,184,4,2280000,9120000
2024-08-06,Tue,0,2TV,12:00-15:00,드라마,오후의 드라마(재방),30-40대,1.04,110,6,1560000,9360000
2024-08-06,Tue,0,1TV,15:00-18:00,생활정보,생활의 발견,30-40대,1.47,130,5,2520000,12600000
2024-08-06,Tue,0,2TV,15:00-18:00,생활정보,생활의 발견,30-40대,1.22,168,6,1770000,10620000
2024-08-06,Tue,0,1TV,18:00-21:00,뉴스,메인뉴스 9,전체가구,4.07,392,9,8130000,73170000
2024-08-06,Tue,0,2TV,18:00-21:00,뉴스,메인뉴스 9,전체가구,3.4,288,7,5700000,38381892
2024-08-06,Tue,0,1TV,21:00-24:00,드라마,월화수목 드라마,30-40대,3.58,432,7,6860000,48020000
2024-08-06,Tue,0,2TV,21:00-24:00,드라마,월화수목 드라마,30-40대,3.15,271,7,4850000,33950000
2024-08-07,Wed,0,1TV,06:00-09:00,뉴스,굿모닝 코리아,전체가구,1.99,180,6,2820000,16920000
2024-08-07,Wed,0,2TV,06:00-09:00,뉴스,굿모닝 코리아,전체가구,1.31,150,7,1880000,13160000
2024-08-07,Wed,0,1TV,09:00-12:00,시사교양,정보가 산다,40대 이상,1.29,135,5,2010000,10050000
2024-08-07,Wed,0,2TV,09:00-12:00,시사교양,정보가 산다,40대 이상,0.87,99,7,1360000,9520000
2024-08-07,Wed,0,1TV,12:00-15:00,드라마,오후의 드라마(재방),30-40대,1.4,178,5,2280000,11400000
2024-08-07,Wed,0,2TV,12:00-15:00,드라마,오후의 드라마(재방),30-40대,1.11,135,6,1580000,9480000
2024-08-07,Wed,0,1TV,15:00-18:00,생활정보,생활의 발견,30-40대,1.81,196,5,2650000,13250000
2024-08-07,Wed,0,2TV,15:00-18:00,생활정보,생활의 발견,30-40대,1.38,149,6,1810000,10230254
2024-08-07,Wed,0,1TV,18:00-21:00,뉴스,메인뉴스 9,전체가구,4.07,360,8,8130000,65040000
2024-08-07,Wed,0,2TV,18:00-21:00,뉴스,메인뉴스 9,전체가구,3.39,347,9,5700000,51300000
2024-08-07,Wed,0,1TV,21:00-24:00,드라마,월화수목 드라마,30-40대,3.94,385,7,7020000,49140000
2024-08-07,Wed,0,2TV,21:00-24:00,드라마,월화수목 드라마,30-40대,2.9,313,8,4770000,38160000
2024-08-08,Thu,0,1TV,06:00-09:00,뉴스,굿모닝 코리아,전체가구,1.67,139,7,2700000,18900000
2024-08-08,Thu,0,2TV,06:00-09:00,뉴스,굿모닝 코리아,전체가구,1.42,184,7,1900000,13300000
2024-08-08,Thu,0,1TV,09:00-12:00,시사교양,정보가 산다,40대 이상,1.32,110,7,2020000,14140000
2024-08-08,Thu,0,2TV,09:00-12:00,시사교양,정보가 산다,40대 이상,1.0,123,7,1390000,9730000
2024-08-08,Thu,0,1TV,12:00-15:00,드라마,오후의 드라마(재방),30-40대,1.38,172,5,2270000,11350000
2024-08-08,Thu,0,2TV,12:00-15:00,드라마,오후의 드라마(재방),30-40대,1.24,147,4,1610000,6440000
2024-08-08,Thu,0,1TV,15:00-18:00,생활정보,생활의 발견,30-40대,1.6,223,4,2570000,10280000
2024-08-08,Thu,0,2TV,15:00-18:00,생활정보,생활의 발견,30-40대,1.26,116,4,1780000,6567879
2024-08-08,Thu,0,1TV,18:00-21:00,뉴스,메인뉴스 9,전체가구,4.11,353,7,8150000,57050000
2024-08-08,Thu,0,2TV,18:00-21:00,뉴스,메인뉴스 9,전체가구,2.84,313,8,5540000,44320000
2024-08-08,Thu,0,1TV,21:00-24:00,드라마,월화수목 드라마,30-40대,3.43,358,6,6790000,40740000
2024-08-08,Thu,0,2TV,21:00-24:00,드라마,월화수목 드라마,30-40대,3.05,344,8,4820000,38560000
2024-08-09,Fri,0,1TV,06:00-09:00,뉴스,굿모닝 코리아,전체가구,2.14,250,6,2870000,17220000
2024-08-09,Fri,0,2TV,06:00-09:00,뉴스,굿모닝 코리아,전체가구,1.18,104,7,1850000,12950000
2024-08-09,Fri,0,1TV,09:00-12:00,시사교양,정보가 산다,40대 이상,1.25,156,7,2000000,14000000
2024-08-09,Fri,0,2TV,09:00-12:00,시사교양,정보가 산다,40대 이상,0.99,96,5,1390000,6950000
2024-08-09,Fri,0,1TV,12:00-15:00,드라마,오후의 드라마(재방),30-40대,1.54,185,5,2330000,11650000
2024-08-09,Fri,0,2TV,12:00-15:00,드라마,오후의 드라마(재방),30-40대,1.2,129,5,1600000,8000000
2024-08-09,Fri,0,1TV,15:00-18:00,생활정보,생활의 발견,30-40대,1.59,139,5,2570000,11389358
2024-08-09,Fri,0,2TV,15:00-18:00,생활정보,생활의 발견,30-40대,1.27,170,6,1780000,10680000
2024-08-09,Fri,0,1TV,18:00-21:00,뉴스,메인뉴스 9,전체가구,5.2,527,7,8640000,60480000
2024-08-09,Fri,0,2TV,18:00-21:00,뉴스,메인뉴스 9,전체가구,3.54,342,7,5740000,40180000
2024-08-09,Fri,0,1TV,21:00-24:00,드라마,월화수목 드라마,30-40대,4.28,472,7,7180000,50260000
2024-08-09,Fri,0,2TV,21:00-24:00,드라마,월화수목 드라마,30-40대,2.78,308,6,4740000,28440000
2024-08-10,Sat,1,1TV,06:00-09:00,뉴스,주말 아침뉴스,전체가구,1.85,228,6,2770000,16620000
2024-08-10,Sat,1,2TV,06:00-09:00,뉴스,주말 아침뉴스,전체가구,1.53,135,7,1930000,13510000
2024-08-10,Sat,1,1TV,09:00-12:00,다큐멘터리,세상 이야기,40대 이상,1.35,182,7,2040000,14280000
2024-08-10,Sat,1,2TV,09:00-12:00,다큐멘터리,세상 이야기,40대 이상,1.13,131,5,1420000,7100000
2024-08-10,Sat,1,1TV,12:00-15:00,스포츠,주말 스포츠 중계,전체가구,1.74,220,6,2400000,14400000
2024-08-10,Sat,1,2TV,12:00-15:00,스포츠,주말 스포츠 중계,전체가구,1.17,135,6,1590000,9540000
2024-08-10,Sat,1,1TV,15:00-18:00,예능,주말 예능 스페셜,20-30대,1.76,183,4,2630000,9867185
2024-08-10,Sat,1,2TV,15:00-18:00,예능,주말 예능 스페셜,20-30대,1.12,134,5,1740000,8700000
2024-08-10,Sat,1,1TV,18:00-21:00,예능,주말 버라이어티,20-30대,4.6,578,9,8370000,75330000
2024-08-10,Sat,1,2TV,18:00-21:00,예능,주말 버라이어티,20-30대,2.92,388,9,5560000,50040000
2024-08-10,Sat,1,1TV,21:00-24:00,영화,주말 특선영화,20-30대,4.16,438,6,7120000,42720000
2024-08-10,Sat,1,2TV,21:00-24:00,영화,주말 특선영화,20-30대,2.56,211,8,4670000,37360000
2024-08-11,Sun,1,1TV,06:00-09:00,뉴스,주말 아침뉴스,전체가구,2.08,242,5,2850000,14250000
2024-08-11,Sun,1,2TV,06:00-09:00,뉴스,주말 아침뉴스,전체가구,1.31,160,6,1880000,11280000
2024-08-11,Sun,1,1TV,09:00-12:00,다큐멘터리,세상 이야기,40대 이상,1.45,164,5,2070000,10350000
2024-08-11,Sun,1,2TV,09:00-12:00,다큐멘터리,세상 이야기,40대 이상,0.98,95,5,1380000,6900000
2024-08-11,Sun,1,1TV,12:00-15:00,스포츠,주말 스포츠 중계,전체가구,1.51,169,4,2320000,9280000
2024-08-11,Sun,1,2TV,12:00-15:00,스포츠,주말 스포츠 중계,전체가구,0.95,131,4,1540000,6160000
2024-08-11,Sun,1,1TV,15:00-18:00,예능,주말 예능 스페셜,20-30대,1.86,248,5,2670000,13350000
2024-08-11,Sun,1,2TV,15:00-18:00,예능,주말 예능 스페셜,20-30대,1.24,164,5,1770000,8850000
2024-08-11,Sun,1,1TV,18:00-21:00,예능,주말 버라이어티,20-30대,4.95,667,9,8530000,76770000
2024-08-11,Sun,1,2TV,18:00-21:00,예능,주말 버라이어티,20-30대,3.01,278,8,5590000,44720000
2024-08-11,Sun,1,1TV,21:00-24:00,영화,주말 특선영화,20-30대,10.05,4882,7,9770000,68390000
2024-08-11,Sun,1,2TV,21:00-24:00,영화,주말 특선영화,20-30대,2.66,224,6,4700000,28200000
2024-08-12,Mon,0,1TV,06:00-09:00,뉴스,굿모닝 코리아,전체가구,1.94,167,6,2800000,16800000
2024-08-12,Mon,0,2TV,06:00-09:00,뉴스,굿모닝 코리아,전체가구,1.42,142,5,1900000,9500000
2024-08-12,Mon,0,1TV,09:00-12:00,시사교양,정보가 산다,40대 이상,1.3,169,6,2020000,12120000
2024-08-12,Mon,0,2TV,09:00-12:00,시사교양,정보가 산다,40대 이상,0.87,115,6,1360000,8160000
2024-08-12,Mon,0,1TV,12:00-15:00,드라마,오후의 드라마(재방),30-40대,1.58,207,6,2340000,14040000
2024-08-12,Mon,0,2TV,12:00-15:00,드라마,오후의 드라마(재방),30-40대,1.07,89,6,1570000,9420000
2024-08-12,Mon,0,1TV,15:00-18:00,생활정보,생활의 발견,30-40대,1.74,237,5,2620000,13100000
2024-08-12,Mon,0,2TV,15:00-18:00,생활정보,생활의 발견,30-40대,1.04,109,4,1720000,6880000
2024-08-12,Mon,0,1TV,18:00-21:00,뉴스,메인뉴스 9,전체가구,5.0,442,9,8550000,76950000
2024-08-12,Mon,0,2TV,18:00-21:00,뉴스,메인뉴스 9,전체가구,3.15,395,7,5630000,39410000
2024-08-12,Mon,0,1TV,21:00-24:00,드라마,월화수목 드라마,30-40대,3.36,460,8,6760000,54080000
2024-08-12,Mon,0,2TV,21:00-24:00,드라마,월화수목 드라마,30-40대,2.98,245,6,4800000,28800000
2024-08-13,Tue,0,1TV,06:00-09:00,뉴스,굿모닝 코리아,전체가구,1.99,232,5,2820000,14100000
2024-08-13,Tue,0,2TV,06:00-09:00,뉴스,굿모닝 코리아,전체가구,1.37,120,7,1890000,11302019
2024-08-13,Tue,0,1TV,09:00-12:00,시사교양,정보가 산다,40대 이상,1.39,165,6,2050000,12300000
2024-08-13,Tue,0,2TV,09:00-12:00,시사교양,정보가 산다,40대 이상,1.08,143,5,1410000,6039332
2024-08-13,Tue,0,1TV,12:00-15:00,드라마,오후의 드라마(재방),30-40대,1.67,215,6,2380000,14280000
2024-08-13,Tue,0,2TV,12:00-15:00,드라마,오후의 드라마(재방),30-40대,1.07,129,4,1570000,6280000
2024-08-13,Tue,0,1TV,15:00-18:00,생활정보,생활의 발견,30-40대,1.47,185,6,2520000,15120000
2024-08-13,Tue,0,2TV,15:00-18:00,생활정보,생활의 발견,30-40대,1.29,146,4,1790000,7160000
2024-08-13,Tue,0,1TV,18:00-21:00,뉴스,메인뉴스 9,전체가구,5.18,720,8,8630000,69040000
2024-08-13,Tue,0,2TV,18:00-21:00,뉴스,메인뉴스 9,전체가구,3.16,427,7,5630000,39410000
2024-08-13,Tue,0,1TV,21:00-24:00,드라마,월화수목 드라마,30-40대,3.96,371,8,7030000,56240000
2024-08-13,Tue,0,2TV,21:00-24:00,드라마,월화수목 드라마,30-40대,3.02,339,6,4810000,28860000
2024-08-14,Wed,0,1TV,06:00-09:00,뉴스,굿모닝 코리아,전체가구,1.65,203,5,2690000,13450000
2024-08-14,Wed,0,2TV,06:00-09:00,뉴스,굿모닝 코리아,전체가구,1.23,112,5,1860000,9300000
2024-08-14,Wed,0,1TV,09:00-12:00,시사교양,정보가 산다,40대 이상,1.43,191,6,2060000,12360000
2024-08-14,Wed,0,2TV,09:00-12:00,시사교양,정보가 산다,40대 이상,0.96,115,7,1380000,9660000
2024-08-14,Wed,0,1TV,12:00-15:00,드라마,오후의 드라마(재방),30-40대,1.43,161,5,2290000,11450000
2024-08-14,Wed,0,2TV,12:00-15:00,드라마,오후의 드라마(재방),30-40대,1.21,162,4,1600000,6400000
2024-08-14,Wed,0,1TV,15:00-18:00,생활정보,생활의 발견,30-40대,1.6,163,6,2570000,15420000
2024-08-14,Wed,0,2TV,15:00-18:00,생활정보,생활의 발견,30-40대,1.27,142,5,1780000,8900000
2024-08-14,Wed,0,1TV,18:00-21:00,뉴스,메인뉴스 9,전체가구,4.68,404,8,8410000,67280000
2024-08-14,Wed,0,2TV,18:00-21:00,뉴스,메인뉴스 9,전체가구,3.52,413,8,5740000,45920000
2024-08-14,Wed,0,1TV,21:00-24:00,드라마,월화수목 드라마,30-40대,4.33,565,8,7200000,57600000
2024-08-14,Wed,0,2TV,21:00-24:00,드라마,월화수목 드라마,30-40대,2.96,274,7,4790000,33530000
2024-08-15,Thu,0,1TV,06:00-09:00,뉴스,굿모닝 코리아,전체가구,2.09,172,5,2850000,14250000
2024-08-15,Thu,0,2TV,06:00-09:00,뉴스,굿모닝 코리아,전체가구,1.44,154,5,1910000,9075929
2024-08-15,Thu,0,1TV,09:00-12:00,시사교양,정보가 산다,40대 이상,1.29,149,6,2010000,12060000
2024-08-15,Thu,0,2TV,09:00-12:00,시사교양,정보가 산다,40대 이상,0.87,84,7,1360000,9520000
2024-08-15,Thu,0,1TV,12:00-15:00,드라마,오후의 드라마(재방),30-40대,1.32,136,5,2240000,9796501
2024-08-15,Thu,0,2TV,12:00-15:00,드라마,오후의 드라마(재방),30-40대,1.0,106,4,1550000,6200000
2024-08-15,Thu,0,1TV,15:00-18:00,생활정보,생활의 발견,30-40대,1.46,184,4,2520000,10080000
2024-08-15,Thu,0,2TV,15:00-18:00,생활정보,생활의 발견,30-40대,1.31,131,5,1790000,8950000
2024-08-15,Thu,0,1TV,18:00-21:00,뉴스,메인뉴스 9,전체가구,4.75,596,8,8440000,67520000
2024-08-15,Thu,0,2TV,18:00-21:00,뉴스,메인뉴스 9,전체가구,3.44,454,9,5720000,51480000
2024-08-15,Thu,0,1TV,21:00-24:00,드라마,월화수목 드라마,30-40대,4.15,533,8,7120000,56960000
2024-08-15,Thu,0,2TV,21:00-24:00,드라마,월화수목 드라마,30-40대,2.95,356,8,4790000,38320000
2024-08-16,Fri,0,1TV,06:00-09:00,뉴스,굿모닝 코리아,전체가구,1.97,225,7,2810000,19670000
2024-08-16,Fri,0,2TV,06:00-09:00,뉴스,굿모닝 코리아,전체가구,1.57,170,5,1940000,9700000
2024-08-16,Fri,0,1TV,09:00-12:00,시사교양,정보가 산다,40대 이상,1.18,151,6,1970000,11820000
2024-08-16,Fri,0,2TV,09:00-12:00,시사교양,정보가 산다,40대 이상,0.92,104,6,1370000,8220000
2024-08-16,Fri,0,1TV,12:00-15:00,드라마,오후의 드라마(재방),30-40대,1.33,128,5,2250000,11250000
2024-08-16,Fri,0,2TV,12:00-15:00,드라마,오후의 드라마(재방),30-40대,1.2,154,6,1600000,8513543
2024-08-16,Fri,0,1TV,15:00-18:00,생활정보,생활의 발견,30-40대,1.78,232,4,2640000,10560000
2024-08-16,Fri,0,2TV,15:00-18:00,생활정보,생활의 발견,30-40대,1.04,84,4,1720000,6880000
2024-08-16,Fri,0,1TV,18:00-21:00,뉴스,메인뉴스 9,전체가구,4.59,600,7,8370000,58590000
2024-08-16,Fri,0,2TV,18:00-21:00,뉴스,메인뉴스 9,전체가구,3.39,287,9,5700000,51300000
2024-08-16,Fri,0,1TV,21:00-24:00,드라마,월화수목 드라마,30-40대,4.38,466,7,7220000,50540000
2024-08-16,Fri,0,2TV,21:00-24:00,드라마,월화수목 드라마,30-40대,2.58,341,6,4680000,28080000
2024-08-17,Sat,1,1TV,06:00-09:00,뉴스,주말 아침뉴스,전체가구,1.74,230,7,2730000,16505949
2024-08-17,Sat,1,2TV,06:00-09:00,뉴스,주말 아침뉴스,전체가구,1.19,144,6,1850000,11100000
2024-08-17,Sat,1,1TV,09:00-12:00,다큐멘터리,세상 이야기,40대 이상,1.2,148,5,1980000,9900000
2024-08-17,Sat,1,2TV,09:00-12:00,다큐멘터리,세상 이야기,40대 이상,1.14,158,5,1420000,7100000
2024-08-17,Sat,1,1TV,12:00-15:00,스포츠,주말 스포츠 중계,전체가구,1.71,173,6,2390000,12592866
2024-08-17,Sat,1,2TV,12:00-15:00,스포츠,주말 스포츠 중계,전체가구,0.98,108,4,1550000,6200000
2024-08-17,Sat,1,1TV,15:00-18:00,예능,주말 예능 스페셜,20-30대,1.56,155,5,2560000,12800000
2024-08-17,Sat,1,2TV,15:00-18:00,예능,주말 예능 스페셜,20-30대,1.28,108,5,1780000,8900000
2024-08-17,Sat,1,1TV,18:00-21:00,예능,주말 버라이어티,20-30대,4.13,411,8,8160000,65280000
2024-08-17,Sat,1,2TV,18:00-21:00,예능,주말 버라이어티,20-30대,3.22,384,8,5650000,45200000
2024-08-17,Sat,1,1TV,21:00-24:00,영화,주말 특선영화,20-30대,3.61,296,7,6870000,46245124
2024-08-17,Sat,1,2TV,21:00-24:00,영화,주말 특선영화,20-30대,3.1,253,8,4830000,38640000
2024-08-18,Sun,1,1TV,06:00-09:00,뉴스,주말 아침뉴스,전체가구,1.82,224,7,2760000,19320000
2024-08-18,Sun,1,2TV,06:00-09:00,뉴스,주말 아침뉴스,전체가구,1.42,143,5,1900000,9500000
2024-08-18,Sun,1,1TV,09:00-12:00,다큐멘터리,세상 이야기,40대 이상,1.42,170,5,2060000,10300000
2024-08-18,Sun,1,2TV,09:00-12:00,다큐멘터리,세상 이야기,40대 이상,1.14,97,5,1420000,7100000
2024-08-18,Sun,1,1TV,12:00-15:00,스포츠,주말 스포츠 중계,전체가구,1.77,202,6,2410000,14460000
2024-08-18,Sun,1,2TV,12:00-15:00,스포츠,주말 스포츠 중계,전체가구,1.18,133,4,1600000,6400000
2024-08-18,Sun,1,1TV,15:00-18:00,예능,주말 예능 스페셜,20-30대,1.71,142,5,2610000,13050000
2024-08-18,Sun,1,2TV,15:00-18:00,예능,주말 예능 스페셜,20-30대,1.22,121,4,1770000,7080000
2024-08-18,Sun,1,1TV,18:00-21:00,예능,주말 버라이어티,20-30대,4.33,410,7,8250000,57750000
2024-08-18,Sun,1,2TV,18:00-21:00,예능,주말 버라이어티,20-30대,3.79,356,8,5820000,46560000
2024-08-18,Sun,1,1TV,21:00-24:00,영화,주말 특선영화,20-30대,3.4,321,8,6780000,54240000
2024-08-18,Sun,1,2TV,21:00-24:00,영화,주말 특선영화,20-30대,2.69,228,8,4710000,37680000
2024-08-19,Mon,0,1TV,06:00-09:00,뉴스,굿모닝 코리아,전체가구,2.16,257,7,2880000,20160000
2024-08-19,Mon,0,2TV,06:00-09:00,뉴스,굿모닝 코리아,전체가구,1.5,141,5,1920000,9600000
2024-08-19,Mon,0,1TV,09:00-12:00,시사교양,정보가 산다,40대 이상,1.28,172,7,2010000,14070000
2024-08-19,Mon,0,2TV,09:00-12:00,시사교양,정보가 산다,40대 이상,0.89,85,6,1360000,8160000
2024-08-19,Mon,0,1TV,12:00-15:00,드라마,오후의 드라마(재방),30-40대,1.36,142,6,2260000,13560000
2024-08-19,Mon,0,2TV,12:00-15:00,드라마,오후의 드라마(재방),30-40대,1.13,133,4,1580000,6320000
2024-08-19,Mon,0,1TV,15:00-18:00,생활정보,생활의 발견,30-40대,1.88,152,4,2680000,10720000
2024-08-19,Mon,0,2TV,15:00-18:00,생활정보,생활의 발견,30-40대,1.31,161,5,1790000,8950000
2024-08-19,Mon,0,1TV,18:00-21:00,뉴스,메인뉴스 9,전체가구,4.1,336,8,8140000,56656502
2024-08-19,Mon,0,2TV,18:00-21:00,뉴스,메인뉴스 9,전체가구,2.89,320,9,5550000,49950000
2024-08-19,Mon,0,1TV,21:00-24:00,드라마,월화수목 드라마,30-40대,4.31,436,7,7190000,50330000
2024-08-19,Mon,0,2TV,21:00-24:00,드라마,월화수목 드라마,30-40대,2.55,249,7,4670000,32690000
2024-08-20,Tue,0,1TV,06:00-09:00,뉴스,굿모닝 코리아,전체가구,2.15,248,7,2870000,20090000
2024-08-20,Tue,0,2TV,06:00-09:00,뉴스,굿모닝 코리아,전체가구,1.47,124,6,1910000,11460000
2024-08-20,Tue,0,1TV,09:00-12:00,시사교양,정보가 산다,40대 이상,1.55,183,7,2110000,14770000
2024-08-20,Tue,0,2TV,09:00-12:00,시사교양,정보가 산다,40대 이상,0.93,101,5,1370000,6850000
2024-08-20,Tue,0,1TV,12:00-15:00,드라마,오후의 드라마(재방),30-40대,1.64,189,6,2360000,14160000
2024-08-20,Tue,0,2TV,12:00-15:00,드라마,오후의 드라마(재방),30-40대,1.24,143,5,1610000,8050000
2024-08-20,Tue,0,1TV,15:00-18:00,생활정보,생활의 발견,30-40대,1.67,166,4,2600000,10400000
2024-08-20,Tue,0,2TV,15:00-18:00,생활정보,생활의 발견,30-40대,1.25,171,4,1780000,7120000
2024-08-20,Tue,0,1TV,18:00-21:00,뉴스,메인뉴스 9,전체가구,4.6,381,9,8370000,75330000
2024-08-20,Tue,0,2TV,18:00-21:00,뉴스,메인뉴스 9,전체가구,3.39,443,8,5700000,45600000
2024-08-20,Tue,0,1TV,21:00-24:00,드라마,월화수목 드라마,30-40대,3.71,465,6,6920000,40000630
2024-08-20,Tue,0,2TV,21:00-24:00,드라마,월화수목 드라마,30-40대,3.08,381,7,4830000,33810000
2024-08-21,Wed,0,1TV,06:00-09:00,뉴스,굿모닝 코리아,전체가구,1.96,229,5,2810000,14050000
2024-08-21,Wed,0,2TV,06:00-09:00,뉴스,굿모닝 코리아,전체가구,1.24,121,6,1860000,11160000
2024-08-21,Wed,0,1TV,09:00-12:00,시사교양,정보가 산다,40대 이상,1.54,150,6,2100000,12600000
2024-08-21,Wed,0,2TV,09:00-12:00,시사교양,정보가 산다,40대 이상,1.07,145,7,1410000,9870000
2024-08-21,Wed,0,1TV,12:00-15:00,드라마,오후의 드라마(재방),30-40대,1.35,153,6,2260000,13560000
2024-08-21,Wed,0,2TV,12:00-15:00,드라마,오후의 드라마(재방),30-40대,0.95,127,6,1540000,9240000
2024-08-21,Wed,0,1TV,15:00-18:00,생활정보,생활의 발견,30-40대,1.54,168,4,2550000,10200000
2024-08-21,Wed,0,2TV,15:00-18:00,생활정보,생활의 발견,30-40대,1.14,156,5,1750000,8750000
2024-08-21,Wed,0,1TV,18:00-21:00,뉴스,메인뉴스 9,전체가구,4.64,603,8,8390000,67120000
2024-08-21,Wed,0,2TV,18:00-21:00,뉴스,메인뉴스 9,전체가구,3.53,477,7,5740000,40180000
2024-08-21,Wed,0,1TV,21:00-24:00,드라마,월화수목 드라마,30-40대,3.76,360,6,6940000,41640000
2024-08-21,Wed,0,2TV,21:00-24:00,드라마,월화수목 드라마,30-40대,2.95,257,7,4790000,33530000
2024-08-22,Thu,0,1TV,06:00-09:00,뉴스,굿모닝 코리아,전체가구,2.06,192,5,2840000,14200000
2024-08-22,Thu,0,2TV,06:00-09:00,뉴스,굿모닝 코리아,전체가구,1.38,133,7,1890000,13230000
2024-08-22,Thu,0,1TV,09:00-12:00,시사교양,정보가 산다,40대 이상,1.45,122,7,2070000,14490000
2024-08-22,Thu,0,2TV,09:00-12:00,시사교양,정보가 산다,40대 이상,1.12,119,7,1420000,9940000
2024-08-22,Thu,0,1TV,12:00-15:00,드라마,오후의 드라마(재방),30-40대,1.45,189,6,2290000,13740000
2024-08-22,Thu,0,2TV,12:00-15:00,드라마,오후의 드라마(재방),30-40대,1.15,157,6,1590000,8265694
2024-08-22,Thu,0,1TV,15:00-18:00,생활정보,생활의 발견,30-40대,1.63,223,6,2580000,15480000
2024-08-22,Thu,0,2TV,15:00-18:00,생활정보,생활의 발견,30-40대,1.2,131,4,1760000,7040000
2024-08-22,Thu,0,1TV,18:00-21:00,뉴스,메인뉴스 9,전체가구,4.31,396,7,8240000,57680000
2024-08-22,Thu,0,2TV,18:00-21:00,뉴스,메인뉴스 9,전체가구,3.67,459,7,5780000,40460000
2024-08-22,Thu,0,1TV,21:00-24:00,드라마,월화수목 드라마,30-40대,3.83,447,8,6970000,55760000
2024-08-22,Thu,0,2TV,21:00-24:00,드라마,월화수목 드라마,30-40대,2.69,258,7,4710000,32970000
2024-08-23,Fri,0,1TV,06:00-09:00,뉴스,굿모닝 코리아,전체가구,1.77,179,7,2740000,19180000
2024-08-23,Fri,0,2TV,06:00-09:00,뉴스,굿모닝 코리아,전체가구,1.25,123,5,1860000,9300000
2024-08-23,Fri,0,1TV,09:00-12:00,시사교양,정보가 산다,40대 이상,1.45,159,7,2070000,14490000
2024-08-23,Fri,0,2TV,09:00-12:00,시사교양,정보가 산다,40대 이상,0.95,103,5,1380000,6900000
2024-08-23,Fri,0,1TV,12:00-15:00,드라마,오후의 드라마(재방),30-40대,1.75,234,5,2410000,12050000
2024-08-23,Fri,0,2TV,12:00-15:00,드라마,오후의 드라마(재방),30-40대,1.09,103,5,1570000,7850000
2024-08-23,Fri,0,1TV,15:00-18:00,생활정보,생활의 발견,30-40대,1.67,166,4,2600000,10400000
2024-08-23,Fri,0,2TV,15:00-18:00,생활정보,생활의 발견,30-40대,1.18,103,5,1760000,8800000
2024-08-23,Fri,0,1TV,18:00-21:00,뉴스,메인뉴스 9,전체가구,5.11,593,9,8600000,77400000
2024-08-23,Fri,0,2TV,18:00-21:00,뉴스,메인뉴스 9,전체가구,3.11,343,8,5620000,44960000
2024-08-23,Fri,0,1TV,21:00-24:00,드라마,월화수목 드라마,30-40대,4.15,397,7,7120000,49840000
2024-08-23,Fri,0,2TV,21:00-24:00,드라마,월화수목 드라마,30-40대,3.02,319,7,4810000,33670000
2024-08-24,Sat,1,1TV,06:00-09:00,뉴스,주말 아침뉴스,전체가구,1.79,221,6,2740000,16440000
2024-08-24,Sat,1,2TV,06:00-09:00,뉴스,주말 아침뉴스,전체가구,1.19,127,5,1850000,9250000
2024-08-24,Sat,1,1TV,09:00-12:00,다큐멘터리,세상 이야기,40대 이상,1.24,115,7,1990000,13930000
2024-08-24,Sat,1,2TV,09:00-12:00,다큐멘터리,세상 이야기,40대 이상,1.13,132,5,1420000,7100000
2024-08-24,Sat,1,1TV,12:00-15:00,스포츠,주말 스포츠 중계,전체가구,1.31,162,5,2240000,11200000
2024-08-24,Sat,1,2TV,12:00-15:00,스포츠,주말 스포츠 중계,전체가구,1.17,158,6,1590000,9540000
2024-08-24,Sat,1,1TV,15:00-18:00,예능,주말 예능 스페셜,20-30대,1.46,135,6,2520000,15120000
2024-08-24,Sat,1,2TV,15:00-18:00,예능,주말 예능 스페셜,20-30대,1.09,122,6,1740000,10440000
2024-08-24,Sat,1,1TV,18:00-21:00,예능,주말 버라이어티,20-30대,5.02,676,8,8560000,68480000
2024-08-24,Sat,1,2TV,18:00-21:00,예능,주말 버라이어티,20-30대,3.37,320,7,5690000,33951228
2024-08-24,Sat,1,1TV,21:00-24:00,영화,주말 특선영화,20-30대,4.34,374,7,7200000,50400000
2024-08-24,Sat,1,2TV,21:00-24:00,영화,주말 특선영화,20-30대,2.38,231,6,4620000,27720000
2024-08-25,Sun,1,1TV,06:00-09:00,뉴스,주말 아침뉴스,전체가구,2.07,196,6,2850000,17100000
2024-08-25,Sun,1,2TV,06:00-09:00,뉴스,주말 아침뉴스,전체가구,1.51,155,6,1920000,11520000
2024-08-25,Sun,1,1TV,09:00-12:00,다큐멘터리,세상 이야기,40대 이상,1.48,142,5,2080000,10400000
2024-08-25,Sun,1,2TV,09:00-12:00,다큐멘터리,세상 이야기,40대 이상,1.0,122,7,1390000,9730000
2024-08-25,Sun,1,1TV,12:00-15:00,스포츠,주말 스포츠 중계,전체가구,1.31,170,6,2240000,13440000
2024-08-25,Sun,1,2TV,12:00-15:00,스포츠,주말 스포츠 중계,전체가구,0.97,112,5,1540000,7700000
2024-08-25,Sun,1,1TV,15:00-18:00,예능,주말 예능 스페셜,20-30대,1.74,172,5,2620000,13100000
2024-08-25,Sun,1,2TV,15:00-18:00,예능,주말 예능 스페셜,20-30대,1.3,128,5,1790000,8950000
2024-08-25,Sun,1,1TV,18:00-21:00,예능,주말 버라이어티,20-30대,4.28,511,8,8230000,65840000
2024-08-25,Sun,1,2TV,18:00-21:00,예능,주말 버라이어티,20-30대,3.24,302,8,5660000,45280000
2024-08-25,Sun,1,1TV,21:00-24:00,영화,주말 특선영화,20-30대,3.82,514,8,6970000,55760000
2024-08-25,Sun,1,2TV,21:00-24:00,영화,주말 특선영화,20-30대,2.67,373,8,4710000,37680000
2024-08-26,Mon,0,1TV,06:00-09:00,뉴스,굿모닝 코리아,전체가구,1.84,208,5,2760000,13800000
2024-08-26,Mon,0,2TV,06:00-09:00,뉴스,굿모닝 코리아,전체가구,1.41,115,5,1900000,9500000
2024-08-26,Mon,0,1TV,09:00-12:00,시사교양,정보가 산다,40대 이상,1.37,119,6,2040000,12240000
2024-08-26,Mon,0,2TV,09:00-12:00,시사교양,정보가 산다,40대 이상,1.09,151,5,1410000,7050000
2024-08-26,Mon,0,1TV,12:00-15:00,드라마,오후의 드라마(재방),30-40대,1.4,191,6,2280000,13680000
2024-08-26,Mon,0,2TV,12:00-15:00,드라마,오후의 드라마(재방),30-40대,0.99,116,5,1550000,7750000
2024-08-26,Mon,0,1TV,15:00-18:00,생활정보,생활의 발견,30-40대,1.86,234,4,2670000,10680000
2024-08-26,Mon,0,2TV,15:00-18:00,생활정보,생활의 발견,30-40대,1.13,112,5,1750000,8750000
2024-08-26,Mon,0,1TV,18:00-21:00,뉴스,메인뉴스 9,전체가구,3.96,481,9,8080000,72720000
2024-08-26,Mon,0,2TV,18:00-21:00,뉴스,메인뉴스 9,전체가구,2.82,342,9,5530000,49770000
2024-08-26,Mon,0,1TV,21:00-24:00,드라마,월화수목 드라마,30-40대,3.89,384,8,7000000,56000000
2024-08-26,Mon,0,2TV,21:00-24:00,드라마,월화수목 드라마,30-40대,2.73,298,8,4720000,37760000
2024-08-27,Tue,0,1TV,06:00-09:00,뉴스,굿모닝 코리아,전체가구,2.2,187,5,2890000,14450000
2024-08-27,Tue,0,2TV,06:00-09:00,뉴스,굿모닝 코리아,전체가구,1.21,106,5,1850000,9250000
2024-08-27,Tue,0,1TV,09:00-12:00,시사교양,정보가 산다,40대 이상,1.48,133,6,2080000,12480000
2024-08-27,Tue,0,2TV,09:00-12:00,시사교양,정보가 산다,40대 이상,0.88,117,6,1360000,8160000
2024-08-27,Tue,0,1TV,12:00-15:00,드라마,오후의 드라마(재방),30-40대,1.67,182,6,2380000,14280000
2024-08-27,Tue,0,2TV,12:00-15:00,드라마,오후의 드라마(재방),30-40대,1.08,87,4,1570000,6280000
2024-08-27,Tue,0,1TV,15:00-18:00,생활정보,생활의 발견,30-40대,1.58,214,6,2560000,15360000
2024-08-27,Tue,0,2TV,15:00-18:00,생활정보,생활의 발견,30-40대,1.15,153,6,1750000,10500000
2024-08-27,Tue,0,1TV,18:00-21:00,뉴스,메인뉴스 9,전체가구,4.1,457,7,8140000,56980000
2024-08-27,Tue,0,2TV,18:00-21:00,뉴스,메인뉴스 9,전체가구,3.76,385,9,5810000,52290000
2024-08-27,Tue,0,1TV,21:00-24:00,드라마,월화수목 드라마,30-40대,3.79,516,8,6960000,55680000
2024-08-27,Tue,0,2TV,21:00-24:00,드라마,월화수목 드라마,30-40대,3.05,269,8,4820000,38560000
2024-08-28,Wed,0,1TV,06:00-09:00,뉴스,굿모닝 코리아,전체가구,1.9,188,5,2780000,13900000
2024-08-28,Wed,0,2TV,06:00-09:00,뉴스,굿모닝 코리아,전체가구,1.2,166,6,1850000,11100000
2024-08-28,Wed,0,1TV,09:00-12:00,시사교양,정보가 산다,40대 이상,1.25,107,6,2000000,12000000
2024-08-28,Wed,0,2TV,09:00-12:00,시사교양,정보가 산다,40대 이상,0.86,93,5,1360000,6800000
2024-08-28,Wed,0,1TV,12:00-15:00,드라마,오후의 드라마(재방),30-40대,1.6,213,5,2350000,11750000
2024-08-28,Wed,0,2TV,12:00-15:00,드라마,오후의 드라마(재방),30-40대,1.25,121,5,1610000,8050000
2024-08-28,Wed,0,1TV,15:00-18:00,생활정보,생활의 발견,30-40대,1.59,187,5,2570000,12850000
2024-08-28,Wed,0,2TV,15:00-18:00,생활정보,생활의 발견,30-40대,1.24,147,4,1770000,7080000
2024-08-28,Wed,0,1TV,18:00-21:00,뉴스,메인뉴스 9,전체가구,4.12,510,8,8150000,65200000
2024-08-28,Wed,0,2TV,18:00-21:00,뉴스,메인뉴스 9,전체가구,3.38,296,9,5700000,51300000
2024-08-28,Wed,0,1TV,21:00-24:00,드라마,월화수목 드라마,30-40대,4.14,413,8,7110000,56880000
2024-08-28,Wed,0,2TV,21:00-24:00,드라마,월화수목 드라마,30-40대,3.15,391,8,4850000,38800000
2024-08-29,Thu,0,1TV,06:00-09:00,뉴스,굿모닝 코리아,전체가구,1.9,171,5,2780000,13900000
2024-08-29,Thu,0,2TV,06:00-09:00,뉴스,굿모닝 코리아,전체가구,1.21,155,5,1850000,9250000
2024-08-29,Thu,0,1TV,09:00-12:00,시사교양,정보가 산다,40대 이상,1.37,110,5,2040000,10200000
2024-08-29,Thu,0,2TV,09:00-12:00,시사교양,정보가 산다,40대 이상,0.86,95,6,1360000,8160000
2024-08-29,Thu,0,1TV,12:00-15:00,드라마,오후의 드라마(재방),30-40대,1.52,149,4,2320000,9280000
2024-08-29,Thu,0,2TV,12:00-15:00,드라마,오후의 드라마(재방),30-40대,1.07,135,6,1570000,9420000
2024-08-29,Thu,0,1TV,15:00-18:00,생활정보,생활의 발견,30-40대,1.59,177,6,2570000,15420000
2024-08-29,Thu,0,2TV,15:00-18:00,생활정보,생활의 발견,30-40대,1.25,116,4,1780000,7120000
2024-08-29,Thu,0,1TV,18:00-21:00,뉴스,메인뉴스 9,전체가구,5.05,620,8,8570000,68560000
2024-08-29,Thu,0,2TV,18:00-21:00,뉴스,메인뉴스 9,전체가구,3.31,421,9,5680000,51120000
2024-08-29,Thu,0,1TV,21:00-24:00,드라마,월화수목 드라마,30-40대,4.29,511,6,7180000,38508456
2024-08-29,Thu,0,2TV,21:00-24:00,드라마,월화수목 드라마,30-40대,2.73,328,8,4720000,37760000
2024-08-30,Fri,0,1TV,06:00-09:00,뉴스,굿모닝 코리아,전체가구,1.98,263,5,2810000,14050000
2024-08-30,Fri,0,2TV,06:00-09:00,뉴스,굿모닝 코리아,전체가구,1.25,156,5,1860000,9300000
2024-08-30,Fri,0,1TV,09:00-12:00,시사교양,정보가 산다,40대 이상,1.32,121,7,2020000,14140000
2024-08-30,Fri,0,2TV,09:00-12:00,시사교양,정보가 산다,40대 이상,0.87,89,6,1360000,8160000
2024-08-30,Fri,0,1TV,12:00-15:00,드라마,오후의 드라마(재방),30-40대,1.31,126,6,2240000,13440000
2024-08-30,Fri,0,2TV,12:00-15:00,드라마,오후의 드라마(재방),30-40대,1.1,91,6,1580000,9480000
2024-08-30,Fri,0,1TV,15:00-18:00,생활정보,생활의 발견,30-40대,1.57,131,6,2560000,15360000
2024-08-30,Fri,0,2TV,15:00-18:00,생활정보,생활의 발견,30-40대,1.35,183,6,1800000,10800000
2024-08-30,Fri,0,1TV,18:00-21:00,뉴스,메인뉴스 9,전체가구,4.58,497,9,8360000,75240000
2024-08-30,Fri,0,2TV,18:00-21:00,뉴스,메인뉴스 9,전체가구,3.62,298,7,5770000,40390000
2024-08-30,Fri,0,1TV,21:00-24:00,드라마,월화수목 드라마,30-40대,4.07,498,6,7080000,42480000
2024-08-30,Fri,0,2TV,21:00-24:00,드라마,월화수목 드라마,30-40대,2.46,259,6,4640000,27840000
2024-08-31,Sat,1,1TV,06:00-09:00,뉴스,주말 아침뉴스,전체가구,1.99,167,5,2820000,14100000
2024-08-31,Sat,1,2TV,06:00-09:00,뉴스,주말 아침뉴스,전체가구,1.29,169,7,1870000,13090000
2024-08-31,Sat,1,1TV,09:00-12:00,다큐멘터리,세상 이야기,40대 이상,1.18,154,6,1970000,11820000
2024-08-31,Sat,1,2TV,09:00-12:00,다큐멘터리,세상 이야기,40대 이상,0.9,125,7,1370000,9590000
2024-08-31,Sat,1,1TV,12:00-15:00,스포츠,주말 스포츠 중계,전체가구,1.54,210,5,2330000,11650000
2024-08-31,Sat,1,2TV,12:00-15:00,스포츠,주말 스포츠 중계,전체가구,1.16,97,4,1590000,6360000
2024-08-31,Sat,1,1TV,15:00-18:00,예능,주말 예능 스페셜,20-30대,1.68,208,4,2600000,10400000
2024-08-31,Sat,1,2TV,15:00-18:00,예능,주말 예능 스페셜,20-30대,1.05,122,6,1730000,10380000
2024-08-31,Sat,1,1TV,18:00-21:00,예능,주말 버라이어티,20-30대,4.14,517,7,8160000,57120000
2024-08-31,Sat,1,2TV,18:00-21:00,예능,주말 버라이어티,20-30대,3.38,294,8,5700000,45600000
2024-08-31,Sat,1,1TV,21:00-24:00,영화,주말 특선영화,20-30대,4.05,462,7,7070000,49490000
2024-08-31,Sat,1,2TV,21:00-24:00,영화,주말 특선영화,20-30대,3.11,283,6,4830000,28980000
2024-09-01,Sun,1,1TV,06:00-09:00,뉴스,주말 아침뉴스,전체가구,2.31,319,5,2930000,14650000
2024-09-01,Sun,1,2TV,06:00-09:00,뉴스,주말 아침뉴스,전체가구,1.49,153,5,1920000,9600000
2024-09-01,Sun,1,1TV,09:00-12:00,다큐멘터리,세상 이야기,40대 이상,1.83,180,7,2210000,15470000
2024-09-01,Sun,1,2TV,09:00-12:00,다큐멘터리,세상 이야기,40대 이상,1.31,120,7,1460000,10220000
2024-09-01,Sun,1,1TV,12:00-15:00,스포츠,주말 스포츠 중계,전체가구,1.56,191,4,2340000,9360000
2024-09-01,Sun,1,2TV,12:00-15:00,스포츠,주말 스포츠 중계,전체가구,1.33,139,4,1630000,6520000
2024-09-01,Sun,1,1TV,15:00-18:00,예능,주말 예능 스페셜,20-30대,1.8,250,5,2650000,13250000
2024-09-01,Sun,1,2TV,15:00-18:00,예능,주말 예능 스페셜,20-30대,1.33,145,6,1800000,10800000
2024-09-01,Sun,1,1TV,18:00-21:00,예능,주말 버라이어티,20-30대,5.84,650,9,8930000,80370000
2024-09-01,Sun,1,2TV,18:00-21:00,예능,주말 버라이어티,20-30대,3.51,481,9,5740000,51660000
2024-09-01,Sun,1,1TV,21:00-24:00,영화,주말 특선영화,20-30대,4.55,422,8,7300000,58400000
2024-09-01,Sun,1,2TV,21:00-24:00,영화,주말 특선영화,20-30대,3.39,410,7,4920000,34440000
2024-09-02,Mon,0,1TV,06:00-09:00,뉴스,굿모닝 코리아,전체가구,2.38,262,7,2960000,20720000
2024-09-02,Mon,0,2TV,06:00-09:00,뉴스,굿모닝 코리아,전체가구,1.43,181,6,1900000,11400000
2024-09-02,Mon,0,1TV,09:00-12:00,시사교양,정보가 산다,40대 이상,1.5,203,7,2090000,14630000
2024-09-02,Mon,0,2TV,09:00-12:00,시사교양,정보가 산다,40대 이상,1.06,94,7,1400000,9800000
2024-09-02,Mon,0,1TV,12:00-15:00,드라마,오후의 드라마(재방),30-40대,1.83,219,4,2440000,9760000
2024-09-02,Mon,0,2TV,12:00-15:00,드라마,오후의 드라마(재방),30-40대,1.15,117,4,1590000,6360000
2024-09-02,Mon,0,1TV,15:00-18:00,생활정보,생활의 발견,30-40대,1.96,196,4,2710000,10840000
2024-09-02,Mon,0,2TV,15:00-18:00,생활정보,생활의 발견,30-40대,1.37,123,6,1810000,10860000
2024-09-02,Mon,0,1TV,18:00-21:00,뉴스,메인뉴스 9,전체가구,4.62,594,8,8380000,67040000
2024-09-02,Mon,0,2TV,18:00-21:00,뉴스,메인뉴스 9,전체가구,4.13,512,8,5920000,47360000
2024-09-02,Mon,0,1TV,21:00-24:00,드라마,월화수목 드라마,30-40대,4.16,426,7,7120000,49840000
2024-09-02,Mon,0,2TV,21:00-24:00,드라마,월화수목 드라마,30-40대,3.15,260,6,4850000,29100000
2024-09-03,Tue,0,1TV,06:00-09:00,뉴스,굿모닝 코리아,전체가구,2.52,278,6,3010000,18060000
2024-09-03,Tue,0,2TV,06:00-09:00,뉴스,굿모닝 코리아,전체가구,1.51,173,7,1920000,12250083
2024-09-03,Tue,0,1TV,09:00-12:00,시사교양,정보가 산다,40대 이상,1.82,242,7,2210000,15470000
2024-09-03,Tue,0,2TV,09:00-12:00,시사교양,정보가 산다,40대 이상,1.06,147,5,1400000,7000000
2024-09-03,Tue,0,1TV,12:00-15:00,드라마,오후의 드라마(재방),30-40대,1.71,235,4,2390000,9560000
2024-09-03,Tue,0,2TV,12:00-15:00,드라마,오후의 드라마(재방),30-40대,1.4,179,5,1650000,8250000
2024-09-03,Tue,0,1TV,15:00-18:00,생활정보,생활의 발견,30-40대,1.95,233,4,2700000,10800000
2024-09-03,Tue,0,2TV,15:00-18:00,생활정보,생활의 발견,30-40대,1.34,114,4,1800000,7200000
2024-09-03,Tue,0,1TV,18:00-21:00,뉴스,메인뉴스 9,전체가구,5.29,653,7,8680000,60760000
2024-09-03,Tue,0,2TV,18:00-21:00,뉴스,메인뉴스 9,전체가구,4.3,441,8,5970000,47760000
2024-09-03,Tue,0,1TV,21:00-24:00,드라마,월화수목 드라마,30-40대,3.96,447,7,7030000,49210000
2024-09-03,Tue,0,2TV,21:00-24:00,드라마,월화수목 드라마,30-40대,3.65,438,7,4990000,34930000
2024-09-04,Wed,0,1TV,06:00-09:00,뉴스,굿모닝 코리아,전체가구,2.42,208,5,2970000,14850000
2024-09-04,Wed,0,2TV,06:00-09:00,뉴스,굿모닝 코리아,전체가구,1.84,191,6,2000000,12000000
2024-09-04,Wed,0,1TV,09:00-12:00,시사교양,정보가 산다,40대 이상,1.77,219,6,2190000,13140000
2024-09-04,Wed,0,2TV,09:00-12:00,시사교양,정보가 산다,40대 이상,1.18,119,7,1430000,10010000
2024-09-04,Wed,0,1TV,12:00-15:00,드라마,오후의 드라마(재방),30-40대,1.84,172,6,2440000,14640000
2024-09-04,Wed,0,2TV,12:00-15:00,드라마,오후의 드라마(재방),30-40대,1.2,122,6,1600000,9600000
2024-09-04,Wed,0,1TV,15:00-18:00,생활정보,생활의 발견,30-40대,2.04,255,4,2740000,10960000
2024-09-04,Wed,0,2TV,15:00-18:00,생활정보,생활의 발견,30-40대,1.27,116,4,1780000,7120000
2024-09-04,Wed,0,1TV,18:00-21:00,뉴스,메인뉴스 9,전체가구,4.73,487,7,8430000,59010000
2024-09-04,Wed,0,2TV,18:00-21:00,뉴스,메인뉴스 9,전체가구,3.65,377,8,5780000,44622596
2024-09-04,Wed,0,1TV,21:00-24:00,드라마,월화수목 드라마,30-40대,4.39,394,8,7230000,57840000
2024-09-04,Wed,0,2TV,21:00-24:00,드라마,월화수목 드라마,30-40대,2.87,368,7,4760000,33320000
2024-09-05,Thu,0,1TV,06:00-09:00,뉴스,굿모닝 코리아,전체가구,1.98,261,5,2810000,14050000
2024-09-05,Thu,0,2TV,06:00-09:00,뉴스,굿모닝 코리아,전체가구,1.44,159,7,1910000,13370000
2024-09-05,Thu,0,1TV,09:00-12:00,시사교양,정보가 산다,40대 이상,1.61,222,6,2130000,12780000
2024-09-05,Thu,0,2TV,09:00-12:00,시사교양,정보가 산다,40대 이상,1.01,107,7,1390000,9730000
2024-09-05,Thu,0,1TV,12:00-15:00,드라마,오후의 드라마(재방),30-40대,1.85,237,5,2440000,12200000
2024-09-05,Thu,0,2TV,12:00-15:00,드라마,오후의 드라마(재방),30-40대,1.41,173,6,1650000,9900000
2024-09-05,Thu,0,1TV,15:00-18:00,생활정보,생활의 발견,30-40대,1.75,159,5,2630000,13150000
2024-09-05,Thu,0,2TV,15:00-18:00,생활정보,생활의 발견,30-40대,1.38,166,4,1810000,6977797
2024-09-05,Thu,0,1TV,18:00-21:00,뉴스,메인뉴스 9,전체가구,5.72,546,9,8870000,79830000
2024-09-05,Thu,0,2TV,18:00-21:00,뉴스,메인뉴스 9,전체가구,4.17,447,7,5930000,41510000
2024-09-05,Thu,0,1TV,21:00-24:00,드라마,월화수목 드라마,30-40대,3.87,511,7,6990000,48930000
2024-09-05,Thu,0,2TV,21:00-24:00,드라마,월화수목 드라마,30-40대,3.63,440,7,4990000,34930000
2024-09-06,Fri,0,1TV,06:00-09:00,뉴스,굿모닝 코리아,전체가구,2.36,297,5,2950000,14750000
2024-09-06,Fri,0,2TV,06:00-09:00,뉴스,굿모닝 코리아,전체가구,1.47,149,5,1910000,9550000
2024-09-06,Fri,0,1TV,09:00-12:00,시사교양,정보가 산다,40대 이상,1.52,125,5,2100000,10500000
2024-09-06,Fri,0,2TV,09:00-12:00,시사교양,정보가 산다,40대 이상,1.01,126,5,1390000,6950000
2024-09-06,Fri,0,1TV,12:00-15:00,드라마,오후의 드라마(재방),30-40대,1.81,158,4,2430000,9720000
2024-09-06,Fri,0,2TV,12:00-15:00,드라마,오후의 드라마(재방),30-40대,1.27,123,5,1620000,8100000
2024-09-06,Fri,0,1TV,15:00-18:00,생활정보,생활의 발견,30-40대,1.82,236,6,2650000,15900000
2024-09-06,Fri,0,2TV,15:00-18:00,생활정보,생활의 발견,30-40대,1.46,120,5,1830000,9150000
2024-09-06,Fri,0,1TV,18:00-21:00,뉴스,메인뉴스 9,전체가구,4.82,668,9,8470000,76230000
2024-09-06,Fri,0,2TV,18:00-21:00,뉴스,메인뉴스 9,전체가구,3.43,380,9,5710000,51390000
2024-09-06,Fri,0,1TV,21:00-24:00,드라마,월화수목 드라마,30-40대,5.06,632,7,7530000,52710000
2024-09-06,Fri,0,2TV,21:00-24:00,드라마,월화수목 드라마,30-40대,2.94,367,8,4780000,38240000
2024-09-07,Sat,1,1TV,06:00-09:00,뉴스,주말 아침뉴스,전체가구,2.5,326,6,3000000,18000000
2024-09-07,Sat,1,2TV,06:00-09:00,뉴스,주말 아침뉴스,전체가구,1.77,202,6,1980000,11880000
2024-09-07,Sat,1,1TV,09:00-12:00,다큐멘터리,세상 이야기,40대 이상,1.63,208,7,2140000,14980000
2024-09-07,Sat,1,2TV,09:00-12:00,다큐멘터리,세상 이야기,40대 이상,1.13,122,6,1420000,8520000
2024-09-07,Sat,1,1TV,12:00-15:00,스포츠,주말 스포츠 중계,전체가구,1.9,173,6,2460000,14760000
2024-09-07,Sat,1,2TV,12:00-15:00,스포츠,주말 스포츠 중계,전체가구,1.34,180,6,1630000,9780000
2024-09-07,Sat,1,1TV,15:00-18:00,예능,주말 예능 스페셜,20-30대,1.68,155,5,2600000,13000000
2024-09-07,Sat,1,2TV,15:00-18:00,예능,주말 예능 스페셜,20-30대,1.33,143,6,1800000,10800000
2024-09-07,Sat,1,1TV,18:00-21:00,예능,주말 버라이어티,20-30대,4.93,400,8,8520000,68160000
2024-09-07,Sat,1,2TV,18:00-21:00,예능,주말 버라이어티,20-30대,4.03,498,9,5890000,53010000
2024-09-07,Sat,1,1TV,21:00-24:00,영화,주말 특선영화,20-30대,4.6,543,7,7320000,51240000
2024-09-07,Sat,1,2TV,21:00-24:00,영화,주말 특선영화,20-30대,3.23,366,7,4870000,34090000
2024-09-08,Sun,1,1TV,06:00-09:00,뉴스,주말 아침뉴스,전체가구,2.14,228,6,2870000,17220000
2024-09-08,Sun,1,2TV,06:00-09:00,뉴스,주말 아침뉴스,전체가구,1.62,181,5,1950000,9750000
2024-09-08,Sun,1,1TV,09:00-12:00,다큐멘터리,세상 이야기,40대 이상,1.5,123,7,2090000,14630000
2024-09-08,Sun,1,2TV,09:00-12:00,다큐멘터리,세상 이야기,40대 이상,1.22,139,6,1440000,8640000
2024-09-08,Sun,1,1TV,12:00-15:00,스포츠,주말 스포츠 중계,전체가구,1.93,216,5,2470000,12350000
2024-09-08,Sun,1,2TV,12:00-15:00,스포츠,주말 스포츠 중계,전체가구,1.23,148,4,1610000,6440000
2024-09-08,Sun,1,1TV,15:00-18:00,예능,주말 예능 스페셜,20-30대,2.02,237,6,2730000,16380000
2024-09-08,Sun,1,2TV,15:00-18:00,예능,주말 예능 스페셜,20-30대,1.64,134,5,1870000,9350000
2024-09-08,Sun,1,1TV,18:00-21:00,예능,주말 버라이어티,20-30대,5.37,505,9,8720000,78480000
2024-09-08,Sun,1,2TV,18:00-21:00,예능,주말 버라이어티,20-30대,4.03,528,7,5890000,41230000
2024-09-08,Sun,1,1TV,21:00-24:00,영화,주말 특선영화,20-30대,4.1,355,7,7100000,49700000
2024-09-08,Sun,1,2TV,21:00-24:00,영화,주말 특선영화,20-30대,2.92,370,8,4780000,38240000
2024-09-09,Mon,0,1TV,06:00-09:00,뉴스,굿모닝 코리아,전체가구,2.27,230,5,2920000,14600000
2024-09-09,Mon,0,2TV,06:00-09:00,뉴스,굿모닝 코리아,전체가구,1.67,166,6,1960000,11760000
2024-09-09,Mon,0,1TV,09:00-12:00,시사교양,정보가 산다,40대 이상,1.69,205,7,2160000,15120000
2024-09-09,Mon,0,2TV,09:00-12:00,시사교양,정보가 산다,40대 이상,1.11,124,6,1420000,8520000
2024-09-09,Mon,0,1TV,12:00-15:00,드라마,오후의 드라마(재방),30-40대,1.74,218,5,2400000,12000000
2024-09-09,Mon,0,2TV,12:00-15:00,드라마,오후의 드라마(재방),30-40대,1.28,173,4,1620000,6480000
2024-09-09,Mon,0,1TV,15:00-18:00,생활정보,생활의 발견,30-40대,1.68,218,5,2600000,13000000
2024-09-09,Mon,0,2TV,15:00-18:00,생활정보,생활의 발견,30-40대,1.51,130,6,1840000,11040000
2024-09-09,Mon,0,1TV,18:00-21:00,뉴스,메인뉴스 9,전체가구,6.14,642,9,9060000,71502680
2024-09-09,Mon,0,2TV,18:00-21:00,뉴스,메인뉴스 9,전체가구,4.03,444,7,5890000,41230000
2024-09-09,Mon,0,1TV,21:00-24:00,드라마,월화수목 드라마,30-40대,4.79,655,7,7410000,51870000
2024-09-09,Mon,0,2TV,21:00-24:00,드라마,월화수목 드라마,30-40대,2.92,343,8,4780000,38240000
2024-09-10,Tue,0,1TV,06:00-09:00,뉴스,굿모닝 코리아,전체가구,2.15,268,7,2870000,20090000
2024-09-10,Tue,0,2TV,06:00-09:00,뉴스,굿모닝 코리아,전체가구,1.63,149,5,1950000,9750000
2024-09-10,Tue,0,1TV,09:00-12:00,시사교양,정보가 산다,40대 이상,1.72,162,6,2170000,13020000
2024-09-10,Tue,0,2TV,09:00-12:00,시사교양,정보가 산다,40대 이상,1.32,131,6,1470000,8820000
2024-09-10,Tue,0,1TV,12:00-15:00,드라마,오후의 드라마(재방),30-40대,1.54,177,5,2330000,11650000
2024-09-10,Tue,0,2TV,12:00-15:00,드라마,오후의 드라마(재방),30-40대,1.34,187,4,1630000,6520000
2024-09-10,Tue,0,1TV,15:00-18:00,생활정보,생활의 발견,30-40대,1.97,171,6,2710000,16260000
2024-09-10,Tue,0,2TV,15:00-18:00,생활정보,생활의 발견,30-40대,1.59,214,4,1860000,7440000
2024-09-10,Tue,0,1TV,18:00-21:00,뉴스,메인뉴스 9,전체가구,6.12,492,7,9050000,63350000
2024-09-10,Tue,0,2TV,18:00-21:00,뉴스,메인뉴스 9,전체가구,3.79,421,8,5820000,46560000
2024-09-10,Tue,0,1TV,21:00-24:00,드라마,월화수목 드라마,30-40대,3.9,410,7,7000000,49000000
2024-09-10,Tue,0,2TV,21:00-24:00,드라마,월화수목 드라마,30-40대,3.29,404,8,4890000,39120000
2024-09-11,Wed,0,1TV,06:00-09:00,뉴스,굿모닝 코리아,전체가구,2.26,184,6,2910000,17460000
2024-09-11,Wed,0,2TV,06:00-09:00,뉴스,굿모닝 코리아,전체가구,1.41,181,7,1900000,13300000
2024-09-11,Wed,0,1TV,09:00-12:00,시사교양,정보가 산다,40대 이상,1.55,191,7,2110000,14770000
2024-09-11,Wed,0,2TV,09:00-12:00,시사교양,정보가 산다,40대 이상,1.15,146,5,1430000,7150000
2024-09-11,Wed,0,1TV,12:00-15:00,드라마,오후의 드라마(재방),30-40대,1.66,215,4,2370000,9480000
2024-09-11,Wed,0,2TV,12:00-15:00,드라마,오후의 드라마(재방),30-40대,1.25,149,4,1610000,6440000
2024-09-11,Wed,0,1TV,15:00-18:00,생활정보,생활의 발견,30-40대,2.15,199,4,2780000,11120000
2024-09-11,Wed,0,2TV,15:00-18:00,생활정보,생활의 발견,30-40대,1.51,162,6,1840000,11040000
2024-09-11,Wed,0,1TV,18:00-21:00,뉴스,메인뉴스 9,전체가구,4.96,474,8,8530000,68240000
2024-09-11,Wed,0,2TV,18:00-21:00,뉴스,메인뉴스 9,전체가구,3.7,396,8,5790000,46320000
2024-09-11,Wed,0,1TV,21:00-24:00,드라마,월화수목 드라마,30-40대,4.6,578,6,7320000,43920000
2024-09-11,Wed,0,2TV,21:00-24:00,드라마,월화수목 드라마,30-40대,2.79,371,8,4740000,37920000
2024-09-12,Thu,0,1TV,06:00-09:00,뉴스,굿모닝 코리아,전체가구,2.1,287,5,2860000,14300000
2024-09-12,Thu,0,2TV,06:00-09:00,뉴스,굿모닝 코리아,전체가구,1.53,188,7,1930000,13510000
2024-09-12,Thu,0,1TV,09:00-12:00,시사교양,정보가 산다,40대 이상,1.73,211,5,2170000,10850000
2024-09-12,Thu,0,2TV,09:00-12:00,시사교양,정보가 산다,40대 이상,1.3,124,5,1460000,6390416
2024-09-12,Thu,0,1TV,12:00-15:00,드라마,오후의 드라마(재방),30-40대,1.68,193,5,2380000,11900000
2024-09-12,Thu,0,2TV,12:00-15:00,드라마,오후의 드라마(재방),30-40대,1.3,172,6,1620000,9720000
2024-09-12,Thu,0,1TV,15:00-18:00,생활정보,생활의 발견,30-40대,2.04,184,5,2740000,13700000
2024-09-12,Thu,0,2TV,15:00-18:00,생활정보,생활의 발견,30-40대,1.47,162,6,1830000,10980000
2024-09-12,Thu,0,1TV,18:00-21:00,뉴스,메인뉴스 9,전체가구,5.96,650,7,8980000,62860000
2024-09-12,Thu,0,2TV,18:00-21:00,뉴스,메인뉴스 9,전체가구,3.88,423,8,5840000,45020971
2024-09-12,Thu,0,1TV,21:00-24:00,드라마,월화수목 드라마,30-40대,4.26,420,6,7170000,43020000
2024-09-12,Thu,0,2TV,21:00-24:00,드라마,월화수목 드라마,30-40대,3.36,416,6,4910000,29460000
2024-09-13,Fri,0,1TV,06:00-09:00,뉴스,굿모닝 코리아,전체가구,2.14,230,7,2870000,20090000
2024-09-13,Fri,0,2TV,06:00-09:00,뉴스,굿모닝 코리아,전체가구,1.79,234,7,1990000,13930000
2024-09-13,Fri,0,1TV,09:00-12:00,시사교양,정보가 산다,40대 이상,1.73,176,5,2170000,10850000
2024-09-13,Fri,0,2TV,09:00-12:00,시사교양,정보가 산다,40대 이상,1.03,103,5,1400000,7000000
2024-09-13,Fri,0,1TV,12:00-15:00,드라마,오후의 드라마(재방),30-40대,2.04,267,6,2520000,15120000
2024-09-13,Fri,0,2TV,12:00-15:00,드라마,오후의 드라마(재방),30-40대,1.48,123,6,1670000,10020000
2024-09-13,Fri,0,1TV,15:00-18:00,생활정보,생활의 발견,30-40대,1.82,233,4,2650000,10600000
2024-09-13,Fri,0,2TV,15:00-18:00,생활정보,생활의 발견,30-40대,1.49,141,6,1830000,10980000
2024-09-13,Fri,0,1TV,18:00-21:00,뉴스,메인뉴스 9,전체가구,4.85,673,8,8480000,67840000
2024-09-13,Fri,0,2TV,18:00-21:00,뉴스,메인뉴스 9,전체가구,3.42,313,7,5710000,39970000
2024-09-13,Fri,0,1TV,21:00-24:00,드라마,월화수목 드라마,30-40대,3.98,391,6,7040000,42240000
2024-09-13,Fri,0,2TV,21:00-24:00,드라마,월화수목 드라마,30-40대,3.33,383,7,4900000,34300000
2024-09-14,Sat,1,1TV,06:00-09:00,뉴스,주말 아침뉴스,전체가구,2.49,207,7,3000000,21000000
2024-09-14,Sat,1,2TV,06:00-09:00,뉴스,주말 아침뉴스,전체가구,1.61,171,6,1950000,11700000
2024-09-14,Sat,1,1TV,09:00-12:00,다큐멘터리,세상 이야기,40대 이상,1.63,151,6,2140000,12840000
2024-09-14,Sat,1,2TV,09:00-12:00,다큐멘터리,세상 이야기,40대 이상,1.0,106,5,1390000,6950000
2024-09-14,Sat,1,1TV,12:00-15:00,스포츠,주말 스포츠 중계,전체가구,1.76,209,6,2410000,14460000
2024-09-14,Sat,1,2TV,12:00-15:00,스포츠,주말 스포츠 중계,전체가구,1.34,144,4,1630000,6520000
2024-09-14,Sat,1,1TV,15:00-18:00,예능,주말 예능 스페셜,20-30대,1.91,184,6,2690000,16140000
2024-09-14,Sat,1,2TV,15:00-18:00,예능,주말 예능 스페셜,20-30대,1.43,159,6,1820000,10920000
2024-09-14,Sat,1,1TV,18:00-21:00,예능,주말 버라이어티,20-30대,5.96,566,8,8980000,71840000
2024-09-14,Sat,1,2TV,18:00-21:00,예능,주말 버라이어티,20-30대,3.9,458,7,5850000,40950000
2024-09-14,Sat,1,1TV,21:00-24:00,영화,주말 특선영화,20-30대,5.07,554,7,7530000,52710000
2024-09-14,Sat,1,2TV,21:00-24:00,영화,주말 특선영화,20-30대,3.26,358,6,4880000,29280000
2024-09-15,Sun,1,1TV,06:00-09:00,뉴스,주말 아침뉴스,전체가구,2.19,215,6,2890000,17340000
2024-09-15,Sun,1,2TV,06:00-09:00,뉴스,주말 아침뉴스,전체가구,1.72,222,5,1970000,9850000
2024-09-15,Sun,1,1TV,09:00-12:00,다큐멘터리,세상 이야기,40대 이상,1.74,161,7,2180000,15260000
2024-09-15,Sun,1,2TV,09:00-12:00,다큐멘터리,세상 이야기,40대 이상,1.26,136,7,1450000,10150000
2024-09-15,Sun,1,1TV,12:00-15:00,스포츠,주말 스포츠 중계,전체가구,1.85,211,4,2440000,9760000
2024-09-15,Sun,1,2TV,12:00-15:00,스포츠,주말 스포츠 중계,전체가구,1.18,122,4,1600000,6400000
2024-09-15,Sun,1,1TV,15:00-18:00,예능,주말 예능 스페셜,20-30대,2.03,182,6,2740000,16440000
2024-09-15,Sun,1,2TV,15:00-18:00,예능,주말 예능 스페셜,20-30대,1.5,191,6,1840000,11040000
2024-09-15,Sun,1,1TV,18:00-21:00,예능,주말 버라이어티,20-30대,6.06,656,8,9030000,72240000
2024-09-15,Sun,1,2TV,18:00-21:00,예능,주말 버라이어티,20-30대,3.67,454,9,5780000,52020000
2024-09-15,Sun,1,1TV,21:00-24:00,영화,주말 특선영화,20-30대,4.21,479,7,7140000,48120668
2024-09-15,Sun,1,2TV,21:00-24:00,영화,주말 특선영화,20-30대,2.82,295,8,4750000,38000000
2024-09-16,Mon,0,1TV,06:00-09:00,뉴스,굿모닝 코리아,전체가구,2.55,321,5,3020000,15100000
2024-09-16,Mon,0,2TV,06:00-09:00,뉴스,굿모닝 코리아,전체가구,1.48,177,6,1920000,11520000
2024-09-16,Mon,0,1TV,09:00-12:00,시사교양,정보가 산다,40대 이상,1.55,154,6,2110000,12660000
2024-09-16,Mon,0,2TV,09:00-12:00,시사교양,정보가 산다,40대 이상,1.19,109,5,1430000,7150000
2024-09-16,Mon,0,1TV,12:00-15:00,드라마,오후의 드라마(재방),30-40대,1.76,170,4,2410000,9640000
2024-09-16,Mon,0,2TV,12:00-15:00,드라마,오후의 드라마(재방),30-40대,1.23,134,6,1610000,9660000
2024-09-16,Mon,0,1TV,15:00-18:00,생활정보,생활의 발견,30-40대,2.23,305,6,2810000,16860000
2024-09-16,Mon,0,2TV,15:00-18:00,생활정보,생활의 발견,30-40대,1.63,199,4,1870000,7480000
2024-09-16,Mon,0,1TV,18:00-21:00,뉴스,메인뉴스 9,전체가구,5.53,567,7,8790000,61530000
2024-09-16,Mon,0,2TV,18:00-21:00,뉴스,메인뉴스 9,전체가구,3.72,418,8,5800000,46400000
2024-09-16,Mon,0,1TV,21:00-24:00,드라마,월화수목 드라마,30-40대,3.95,348,8,7030000,56240000
2024-09-16,Mon,0,2TV,21:00-24:00,드라마,월화수목 드라마,30-40대,3.72,461,6,5010000,30060000
2024-09-17,Tue,0,1TV,06:00-09:00,뉴스,굿모닝 코리아,전체가구,2.29,262,7,2920000,20440000
2024-09-17,Tue,0,2TV,06:00-09:00,뉴스,굿모닝 코리아,전체가구,1.5,172,7,1920000,13440000
2024-09-17,Tue,0,1TV,09:00-12:00,시사교양,정보가 산다,40대 이상,1.62,158,5,2130000,10650000
2024-09-17,Tue,0,2TV,09:00-12:00,시사교양,정보가 산다,40대 이상,1.26,167,7,1450000,10150000
2024-09-17,Tue,0,1TV,12:00-15:00,드라마,오후의 드라마(재방),30-40대,1.69,222,5,2380000,11900000
2024-09-17,Tue,0,2TV,12:00-15:00,드라마,오후의 드라마(재방),30-40대,1.19,118,4,1600000,6400000
2024-09-17,Tue,0,1TV,15:00-18:00,생활정보,생활의 발견,30-40대,1.87,226,6,2670000,16020000
2024-09-17,Tue,0,2TV,15:00-18:00,생활정보,생활의 발견,30-40대,1.47,200,4,1830000,7320000
2024-09-17,Tue,0,1TV,18:00-21:00,뉴스,메인뉴스 9,전체가구,5.22,542,8,8650000,69200000
2024-09-17,Tue,0,2TV,18:00-21:00,뉴스,메인뉴스 9,전체가구,4.29,359,9,5960000,53640000
2024-09-17,Tue,0,1TV,21:00-24:00,드라마,월화수목 드라마,30-40대,4.55,636,8,7300000,58400000
2024-09-17,Tue,0,2TV,21:00-24:00,드라마,월화수목 드라마,30-40대,3.08,346,7,4830000,33810000
2024-09-18,Wed,0,1TV,06:00-09:00,뉴스,굿모닝 코리아,전체가구,2.32,288,7,2940000,20580000
2024-09-18,Wed,0,2TV,06:00-09:00,뉴스,굿모닝 코리아,전체가구,1.65,143,5,1960000,9800000
2024-09-18,Wed,0,1TV,09:00-12:00,시사교양,정보가 산다,40대 이상,1.77,151,6,2190000,13140000
2024-09-18,Wed,0,2TV,09:00-12:00,시사교양,정보가 산다,40대 이상,1.34,168,7,1470000,10290000
2024-09-18,Wed,0,1TV,12:00-15:00,드라마,오후의 드라마(재방),30-40대,1.67,179,6,2380000,14280000
2024-09-18,Wed,0,2TV,12:00-15:00,드라마,오후의 드라마(재방),30-40대,1.23,112,6,1610000,9660000
2024-09-18,Wed,0,1TV,15:00-18:00,생활정보,생활의 발견,30-40대,1.98,241,5,2720000,13600000
2024-09-18,Wed,0,2TV,15:00-18:00,생활정보,생활의 발견,30-40대,1.39,136,6,1810000,10860000
2024-09-18,Wed,0,1TV,18:00-21:00,뉴스,메인뉴스 9,전체가구,4.58,428,8,8360000,66880000
2024-09-18,Wed,0,2TV,18:00-21:00,뉴스,메인뉴스 9,전체가구,4.32,497,8,5970000,47760000
2024-09-18,Wed,0,1TV,21:00-24:00,드라마,월화수목 드라마,30-40대,4.67,430,8,7350000,58800000
2024-09-18,Wed,0,2TV,21:00-24:00,드라마,월화수목 드라마,30-40대,3.63,446,8,4990000,39920000
2024-09-19,Thu,0,1TV,06:00-09:00,뉴스,굿모닝 코리아,전체가구,2.41,223,5,2970000,14850000
2024-09-19,Thu,0,2TV,06:00-09:00,뉴스,굿모닝 코리아,전체가구,1.64,224,5,1950000,9750000
2024-09-19,Thu,0,1TV,09:00-12:00,시사교양,정보가 산다,40대 이상,1.63,224,6,2140000,12840000
2024-09-19,Thu,0,2TV,09:00-12:00,시사교양,정보가 산다,40대 이상,1.32,158,5,1470000,7350000
2024-09-19,Thu,0,1TV,12:00-15:00,드라마,오후의 드라마(재방),30-40대,1.74,168,4,2400000,9600000
2024-09-19,Thu,0,2TV,12:00-15:00,드라마,오후의 드라마(재방),30-40대,1.12,149,5,1580000,7900000
2024-09-19,Thu,0,1TV,15:00-18:00,생활정보,생활의 발견,30-40대,2.23,182,6,2810000,16860000
2024-09-19,Thu,0,2TV,15:00-18:00,생활정보,생활의 발견,30-40대,1.3,108,5,1790000,8950000
2024-09-19,Thu,0,1TV,18:00-21:00,뉴스,메인뉴스 9,전체가구,4.88,502,7,8500000,59500000
2024-09-19,Thu,0,2TV,18:00-21:00,뉴스,메인뉴스 9,전체가구,3.52,474,9,5740000,51660000
2024-09-19,Thu,0,1TV,21:00-24:00,드라마,월화수목 드라마,30-40대,4.01,371,7,7050000,49350000
2024-09-19,Thu,0,2TV,21:00-24:00,드라마,월화수목 드라마,30-40대,3.11,435,7,4830000,33810000
2024-09-20,Fri,0,1TV,06:00-09:00,뉴스,굿모닝 코리아,전체가구,2.55,326,6,3020000,18120000
2024-09-20,Fri,0,2TV,06:00-09:00,뉴스,굿모닝 코리아,전체가구,1.63,223,5,1950000,9227492
2024-09-20,Fri,0,1TV,09:00-12:00,시사교양,정보가 산다,40대 이상,1.56,205,6,2110000,12660000
2024-09-20,Fri,0,2TV,09:00-12:00,시사교양,정보가 산다,40대 이상,1.1,92,7,1410000,9870000
2024-09-20,Fri,0,1TV,12:00-15:00,드라마,오후의 드라마(재방),30-40대,2.05,174,6,2520000,15120000
2024-09-20,Fri,0,2TV,12:00-15:00,드라마,오후의 드라마(재방),30-40대,1.45,117,5,1660000,8300000
2024-09-20,Fri,0,1TV,15:00-18:00,생활정보,생활의 발견,30-40대,2.2,182,4,2800000,11200000
2024-09-20,Fri,0,2TV,15:00-18:00,생활정보,생활의 발견,30-40대,1.22,136,4,1770000,7080000
2024-09-20,Fri,0,1TV,18:00-21:00,뉴스,메인뉴스 9,전체가구,5.77,483,7,8900000,62300000
2024-09-20,Fri,0,2TV,18:00-21:00,뉴스,메인뉴스 9,전체가구,4.09,418,8,5910000,47280000
2024-09-20,Fri,0,1TV,21:00-24:00,드라마,월화수목 드라마,30-40대,4.35,394,8,7210000,57680000
2024-09-20,Fri,0,2TV,21:00-24:00,드라마,월화수목 드라마,30-40대,3.49,449,6,4950000,29700000
2024-09-21,Sat,1,1TV,06:00-09:00,뉴스,주말 아침뉴스,전체가구,2.51,319,5,3000000,15000000
2024-09-21,Sat,1,2TV,06:00-09:00,뉴스,주말 아침뉴스,전체가구,1.53,180,6,1930000,11580000
2024-09-21,Sat,1,1TV,09:00-12:00,다큐멘터리,세상 이야기,40대 이상,1.38,113,5,2050000,10250000
2024-09-21,Sat,1,2TV,09:00-12:00,다큐멘터리,세상 이야기,40대 이상,1.01,134,6,1390000,7466338
2024-09-21,Sat,1,1TV,12:00-15:00,스포츠,주말 스포츠 중계,전체가구,1.84,205,4,2440000,9760000
2024-09-21,Sat,1,2TV,12:00-15:00,스포츠,주말 스포츠 중계,전체가구,1.24,116,5,1610000,8050000
2024-09-21,Sat,1,1TV,15:00-18:00,예능,주말 예능 스페셜,20-30대,1.73,188,5,2620000,13100000
2024-09-21,Sat,1,2TV,15:00-18:00,예능,주말 예능 스페셜,20-30대,1.45,128,6,1820000,10920000
2024-09-21,Sat,1,1TV,18:00-21:00,예능,주말 버라이어티,20-30대,4.55,494,8,8350000,66800000
2024-09-21,Sat,1,2TV,18:00-21:00,예능,주말 버라이어티,20-30대,4.08,416,9,5900000,53100000
2024-09-21,Sat,1,1TV,21:00-24:00,영화,주말 특선영화,20-30대,3.92,430,8,7010000,56080000
2024-09-21,Sat,1,2TV,21:00-24:00,영화,주말 특선영화,20-30대,2.98,262,6,4800000,28800000
2024-09-22,Sun,1,1TV,06:00-09:00,뉴스,주말 아침뉴스,전체가구,1.95,167,6,2800000,16800000
2024-09-22,Sun,1,2TV,06:00-09:00,뉴스,주말 아침뉴스,전체가구,1.68,160,6,1960000,11760000
2024-09-22,Sun,1,1TV,09:00-12:00,다큐멘터리,세상 이야기,40대 이상,1.68,168,6,2160000,12960000
2024-09-22,Sun,1,2TV,09:00-12:00,다큐멘터리,세상 이야기,40대 이상,1.18,135,6,1430000,8580000
2024-09-22,Sun,1,1TV,12:00-15:00,스포츠,주말 스포츠 중계,전체가구,1.59,167,6,2350000,14100000
2024-09-22,Sun,1,2TV,12:00-15:00,스포츠,주말 스포츠 중계,전체가구,1.39,182,6,1650000,9900000
2024-09-22,Sun,1,1TV,15:00-18:00,예능,주말 예능 스페셜,20-30대,1.89,157,4,2680000,10720000
2024-09-22,Sun,1,2TV,15:00-18:00,예능,주말 예능 스페셜,20-30대,1.22,144,4,1770000,7080000
2024-09-22,Sun,1,1TV,18:00-21:00,예능,주말 버라이어티,20-30대,5.06,578,8,8580000,68640000
2024-09-22,Sun,1,2TV,18:00-21:00,예능,주말 버라이어티,20-30대,3.53,467,9,5740000,51660000
2024-09-22,Sun,1,1TV,21:00-24:00,영화,주말 특선영화,20-30대,5.11,548,7,7550000,52850000
2024-09-22,Sun,1,2TV,21:00-24:00,영화,주말 특선영화,20-30대,2.88,279,8,4770000,38160000
2024-09-23,Mon,0,1TV,06:00-09:00,뉴스,굿모닝 코리아,전체가구,2.12,283,6,2860000,17160000
2024-09-23,Mon,0,2TV,06:00-09:00,뉴스,굿모닝 코리아,전체가구,1.81,229,6,1990000,11940000
2024-09-23,Mon,0,1TV,09:00-12:00,시사교양,정보가 산다,40대 이상,1.68,169,7,2160000,15120000
2024-09-23,Mon,0,2TV,09:00-12:00,시사교양,정보가 산다,40대 이상,1.27,134,5,1450000,7250000
2024-09-23,Mon,0,1TV,12:00-15:00,드라마,오후의 드라마(재방),30-40대,1.58,148,5,2340000,11700000
2024-09-23,Mon,0,2TV,12:00-15:00,드라마,오후의 드라마(재방),30-40대,1.15,141,4,1590000,6360000
2024-09-23,Mon,0,1TV,15:00-18:00,생활정보,생활의 발견,30-40대,1.85,196,4,2670000,10680000
2024-09-23,Mon,0,2TV,15:00-18:00,생활정보,생활의 발견,30-40대,1.63,148,6,1870000,11220000
2024-09-23,Mon,0,1TV,18:00-21:00,뉴스,메인뉴스 9,전체가구,5.89,550,7,8950000,62650000
2024-09-23,Mon,0,2TV,18:00-21:00,뉴스,메인뉴스 9,전체가구,4.19,467,7,5930000,41510000
2024-09-23,Mon,0,1TV,21:00-24:00,드라마,월화수목 드라마,30-40대,4.49,372,8,7270000,58160000
2024-09-23,Mon,0,2TV,21:00-24:00,드라마,월화수목 드라마,30-40대,2.99,409,8,4800000,38400000
2024-09-24,Tue,0,1TV,06:00-09:00,뉴스,굿모닝 코리아,전체가구,2.0,242,7,2820000,19740000
2024-09-24,Tue,0,2TV,06:00-09:00,뉴스,굿모닝 코리아,전체가구,1.68,219,7,1960000,13720000
2024-09-24,Tue,0,1TV,09:00-12:00,시사교양,정보가 산다,40대 이상,1.82,212,5,2210000,11050000
2024-09-24,Tue,0,2TV,09:00-12:00,시사교양,정보가 산다,40대 이상,1.33,182,6,1470000,8820000
2024-09-24,Tue,0,1TV,12:00-15:00,드라마,오후의 드라마(재방),30-40대,1.79,188,5,2420000,12100000
2024-09-24,Tue,0,2TV,12:00-15:00,드라마,오후의 드라마(재방),30-40대,1.16,158,4,1590000,6360000
2024-09-24,Tue,0,1TV,15:00-18:00,생활정보,생활의 발견,30-40대,2.08,250,4,2750000,11000000
2024-09-24,Tue,0,2TV,15:00-18:00,생활정보,생활의 발견,30-40대,1.48,204,4,1830000,7320000
2024-09-24,Tue,0,1TV,18:00-21:00,뉴스,메인뉴스 9,전체가구,4.77,519,7,8450000,59150000
2024-09-24,Tue,0,2TV,18:00-21:00,뉴스,메인뉴스 9,전체가구,4.26,584,7,5960000,41720000
2024-09-24,Tue,0,1TV,21:00-24:00,드라마,월화수목 드라마,30-40대,4.0,421,8,7050000,56400000
2024-09-24,Tue,0,2TV,21:00-24:00,드라마,월화수목 드라마,30-40대,3.58,302,7,4970000,34790000
2024-09-25,Wed,0,1TV,06:00-09:00,뉴스,굿모닝 코리아,전체가구,2.16,267,7,2880000,20160000
2024-09-25,Wed,0,2TV,06:00-09:00,뉴스,굿모닝 코리아,전체가구,1.46,156,7,1910000,13370000
2024-09-25,Wed,0,1TV,09:00-12:00,시사교양,정보가 산다,40대 이상,1.52,180,7,2100000,14700000
2024-09-25,Wed,0,2TV,09:00-12:00,시사교양,정보가 산다,40대 이상,1.03,121,6,1400000,8400000
2024-09-25,Wed,0,1TV,12:00-15:00,드라마,오후의 드라마(재방),30-40대,1.75,226,6,2410000,14460000
2024-09-25,Wed,0,2TV,12:00-15:00,드라마,오후의 드라마(재방),30-40대,1.28,108,6,1620000,9720000
2024-09-25,Wed,0,1TV,15:00-18:00,생활정보,생활의 발견,30-40대,1.82,253,5,2650000,13250000
2024-09-25,Wed,0,2TV,15:00-18:00,생활정보,생활의 발견,30-40대,1.33,156,5,1800000,9000000
2024-09-25,Wed,0,1TV,18:00-21:00,뉴스,메인뉴스 9,전체가구,5.94,722,8,8970000,71760000
2024-09-25,Wed,0,2TV,18:00-21:00,뉴스,메인뉴스 9,전체가구,3.58,309,9,5760000,51840000
2024-09-25,Wed,0,1TV,21:00-24:00,드라마,월화수목 드라마,30-40대,4.58,466,8,7310000,58480000
2024-09-25,Wed,0,2TV,21:00-24:00,드라마,월화수목 드라마,30-40대,3.45,366,6,4930000,29580000
2024-09-26,Thu,0,1TV,06:00-09:00,뉴스,굿모닝 코리아,전체가구,2.47,239,7,2990000,20930000
2024-09-26,Thu,0,2TV,06:00-09:00,뉴스,굿모닝 코리아,전체가구,1.82,216,6,2000000,12000000
2024-09-26,Thu,0,1TV,09:00-12:00,시사교양,정보가 산다,40대 이상,1.76,245,5,2190000,10244508
2024-09-26,Thu,0,2TV,09:00-12:00,시사교양,정보가 산다,40대 이상,1.16,134,5,1430000,7150000
2024-09-26,Thu,0,1TV,12:00-15:00,드라마,오후의 드라마(재방),30-40대,1.87,161,6,2450000,14700000
2024-09-26,Thu,0,2TV,12:00-15:00,드라마,오후의 드라마(재방),30-40대,1.34,153,6,1630000,9780000
2024-09-26,Thu,0,1TV,15:00-18:00,생활정보,생활의 발견,30-40대,2.21,228,6,2800000,16800000
2024-09-26,Thu,0,2TV,15:00-18:00,생활정보,생활의 발견,30-40대,1.58,187,4,1860000,7440000
2024-09-26,Thu,0,1TV,18:00-21:00,뉴스,메인뉴스 9,전체가구,4.72,594,8,8420000,67360000
2024-09-26,Thu,0,2TV,18:00-21:00,뉴스,메인뉴스 9,전체가구,4.14,481,8,5920000,47360000
2024-09-26,Thu,0,1TV,21:00-24:00,드라마,월화수목 드라마,30-40대,3.83,455,7,6970000,48790000
2024-09-26,Thu,0,2TV,21:00-24:00,드라마,월화수목 드라마,30-40대,3.32,370,7,4900000,34300000
2024-09-27,Fri,0,1TV,06:00-09:00,뉴스,굿모닝 코리아,전체가구,2.31,293,7,2930000,20510000
2024-09-27,Fri,0,2TV,06:00-09:00,뉴스,굿모닝 코리아,전체가구,1.49,135,7,1920000,13440000
2024-09-27,Fri,0,1TV,09:00-12:00,시사교양,정보가 산다,40대 이상,1.41,191,5,2060000,10300000
2024-09-27,Fri,0,2TV,09:00-12:00,시사교양,정보가 산다,40대 이상,1.29,123,7,1460000,10220000
2024-09-27,Fri,0,1TV,12:00-15:00,드라마,오후의 드라마(재방),30-40대,2.03,193,5,2510000,12550000
2024-09-27,Fri,0,2TV,12:00-15:00,드라마,오후의 드라마(재방),30-40대,1.23,150,6,1610000,9660000
2024-09-27,Fri,0,1TV,15:00-18:00,생활정보,생활의 발견,30-40대,2.13,197,6,2770000,16620000
2024-09-27,Fri,0,2TV,15:00-18:00,생활정보,생활의 발견,30-40대,1.53,192,4,1840000,7360000
2024-09-27,Fri,0,1TV,18:00-21:00,뉴스,메인뉴스 9,전체가구,5.9,590,9,8960000,80640000
2024-09-27,Fri,0,2TV,18:00-21:00,뉴스,메인뉴스 9,전체가구,4.26,588,8,5960000,47680000
2024-09-27,Fri,0,1TV,21:00-24:00,드라마,월화수목 드라마,30-40대,3.91,482,8,7010000,56080000
2024-09-27,Fri,0,2TV,21:00-24:00,드라마,월화수목 드라마,30-40대,3.37,399,7,4910000,34370000
2024-09-28,Sat,1,1TV,06:00-09:00,뉴스,주말 아침뉴스,전체가구,2.46,268,6,2990000,17940000
2024-09-28,Sat,1,2TV,06:00-09:00,뉴스,주말 아침뉴스,전체가구,1.82,228,5,2000000,10000000
2024-09-28,Sat,1,1TV,09:00-12:00,다큐멘터리,세상 이야기,40대 이상,1.41,162,7,2060000,14420000
2024-09-28,Sat,1,2TV,09:00-12:00,다큐멘터리,세상 이야기,40대 이상,1.19,149,7,1430000,10010000
2024-09-28,Sat,1,1TV,12:00-15:00,스포츠,주말 스포츠 중계,전체가구,1.84,156,4,2440000,9760000
2024-09-28,Sat,1,2TV,12:00-15:00,스포츠,주말 스포츠 중계,전체가구,1.34,178,5,1630000,8150000
2024-09-28,Sat,1,1TV,15:00-18:00,예능,주말 예능 스페셜,20-30대,1.75,176,5,2630000,13150000
2024-09-28,Sat,1,2TV,15:00-18:00,예능,주말 예능 스페셜,20-30대,1.61,139,6,1860000,11160000
2024-09-28,Sat,1,1TV,18:00-21:00,예능,주말 버라이어티,20-30대,5.95,581,9,8980000,80820000
2024-09-28,Sat,1,2TV,18:00-21:00,예능,주말 버라이어티,20-30대,3.69,345,7,5790000,40530000
2024-09-28,Sat,1,1TV,21:00-24:00,영화,주말 특선영화,20-30대,11.13,2576,8,10260000,82080000
2024-09-28,Sat,1,2TV,21:00-24:00,영화,주말 특선영화,20-30대,3.0,281,8,4800000,38400000
2024-09-29,Sun,1,1TV,06:00-09:00,뉴스,주말 아침뉴스,전체가구,1.98,194,5,2810000,14050000
2024-09-29,Sun,1,2TV,06:00-09:00,뉴스,주말 아침뉴스,전체가구,1.62,172,7,1950000,13650000
2024-09-29,Sun,1,1TV,09:00-12:00,다큐멘터리,세상 이야기,40대 이상,1.63,171,7,2140000,14980000
2024-09-29,Sun,1,2TV,09:00-12:00,다큐멘터리,세상 이야기,40대 이상,1.21,161,6,1440000,8640000
2024-09-29,Sun,1,1TV,12:00-15:00,스포츠,주말 스포츠 중계,전체가구,1.89,263,5,2460000,12300000
2024-09-29,Sun,1,2TV,12:00-15:00,스포츠,주말 스포츠 중계,전체가구,1.25,169,4,1610000,6440000
2024-09-29,Sun,1,1TV,15:00-18:00,예능,주말 예능 스페셜,20-30대,1.87,257,4,2670000,10680000
2024-09-29,Sun,1,2TV,15:00-18:00,예능,주말 예능 스페셜,20-30대,1.57,192,6,1850000,11100000
2024-09-29,Sun,1,1TV,18:00-21:00,예능,주말 버라이어티,20-30대,4.68,632,9,8410000,75690000
2024-09-29,Sun,1,2TV,18:00-21:00,예능,주말 버라이어티,20-30대,3.94,340,9,5860000,52740000
2024-09-29,Sun,1,1TV,21:00-24:00,영화,주말 특선영화,20-30대,4.24,518,8,7160000,57280000
2024-09-29,Sun,1,2TV,21:00-24:00,영화,주말 특선영화,20-30대,2.98,287,6,4800000,28800000
2024-09-30,Mon,0,1TV,06:00-09:00,뉴스,굿모닝 코리아,전체가구,2.18,252,5,2880000,14400000
2024-09-30,Mon,0,2TV,06:00-09:00,뉴스,굿모닝 코리아,전체가구,1.46,166,7,1910000,13370000
2024-09-30,Mon,0,1TV,09:00-12:00,시사교양,정보가 산다,40대 이상,1.79,194,7,2200000,15400000
2024-09-30,Mon,0,2TV,09:00-12:00,시사교양,정보가 산다,40대 이상,1.23,103,7,1440000,10080000
2024-09-30,Mon,0,1TV,12:00-15:00,드라마,오후의 드라마(재방),30-40대,1.64,219,4,2360000,9440000
2024-09-30,Mon,0,2TV,12:00-15:00,드라마,오후의 드라마(재방),30-40대,1.3,159,4,1620000,6480000
2024-09-30,Mon,0,1TV,15:00-18:00,생활정보,생활의 발견,30-40대,1.79,192,6,2640000,15840000
2024-09-30,Mon,0,2TV,15:00-18:00,생활정보,생활의 발견,30-40대,1.35,127,6,1800000,10800000
2024-09-30,Mon,0,1TV,18:00-21:00,뉴스,메인뉴스 9,전체가구,4.76,535,9,8440000,75960000
2024-09-30,Mon,0,2TV,18:00-21:00,뉴스,메인뉴스 9,전체가구,4.32,597,7,5970000,41790000
2024-09-30,Mon,0,1TV,21:00-24:00,드라마,월화수목 드라마,30-40대,4.25,371,6,7160000,42960000
2024-09-30,Mon,0,2TV,21:00-24:00,드라마,월화수목 드라마,30-40대,3.28,406,8,4880000,39040000
2024-10-01,Tue,0,1TV,06:00-09:00,뉴스,굿모닝 코리아,전체가구,2.54,321,5,3010000,15050000
2024-10-01,Tue,0,2TV,06:00-09:00,뉴스,굿모닝 코리아,전체가구,1.4,190,7,1900000,13300000
2024-10-01,Tue,0,1TV,09:00-12:00,시사교양,정보가 산다,40대 이상,1.4,191,7,2050000,14350000
2024-10-01,Tue,0,2TV,09:00-12:00,시사교양,정보가 산다,40대 이상,1.24,159,6,1450000,8700000
2024-10-01,Tue,0,1TV,12:00-15:00,드라마,오후의 드라마(재방),30-40대,1.58,159,4,2340000,9360000
2024-10-01,Tue,0,2TV,12:00-15:00,드라마,오후의 드라마(재방),30-40대,1.17,124,5,1590000,7950000
2024-10-01,Tue,0,1TV,15:00-18:00,생활정보,생활의 발견,30-40대,1.77,184,4,2640000,10560000
2024-10-01,Tue,0,2TV,15:00-18:00,생활정보,생활의 발견,30-40대,1.49,126,5,1830000,9150000
2024-10-01,Tue,0,1TV,18:00-21:00,뉴스,메인뉴스 9,전체가구,5.36,435,9,8710000,78390000
2024-10-01,Tue,0,2TV,18:00-21:00,뉴스,메인뉴스 9,전체가구,3.97,480,7,5870000,41090000
2024-10-01,Tue,0,1TV,21:00-24:00,드라마,월화수목 드라마,30-40대,5.05,564,6,7520000,45120000
2024-10-01,Tue,0,2TV,21:00-24:00,드라마,월화수목 드라마,30-40대,3.06,392,8,4820000,38560000
2024-10-02,Wed,0,1TV,06:00-09:00,뉴스,굿모닝 코리아,전체가구,2.46,338,5,2990000,14950000
2024-10-02,Wed,0,2TV,06:00-09:00,뉴스,굿모닝 코리아,전체가구,1.62,182,6,1950000,11700000
2024-10-02,Wed,0,1TV,09:00-12:00,시사교양,정보가 산다,40대 이상,1.68,150,6,2160000,12960000
2024-10-02,Wed,0,2TV,09:00-12:00,시사교양,정보가 산다,40대 이상,1.31,160,5,1460000,7300000
2024-10-02,Wed,0,1TV,12:00-15:00,드라마,오후의 드라마(재방),30-40대,1.94,207,6,2480000,13607920
2024-10-02,Wed,0,2TV,12:00-15:00,드라마,오후의 드라마(재방),30-40대,1.48,202,5,1670000,8350000
2024-10-02,Wed,0,1TV,15:00-18:00,생활정보,생활의 발견,30-40대,1.72,208,6,2620000,15720000
2024-10-02,Wed,0,2TV,15:00-18:00,생활정보,생활의 발견,30-40대,1.6,176,6,1860000,11160000
2024-10-02,Wed,0,1TV,18:00-21:00,뉴스,메인뉴스 9,전체가구,5.5,551,8,8780000,70240000
2024-10-02,Wed,0,2TV,18:00-21:00,뉴스,메인뉴스 9,전체가구,3.96,409,8,5870000,46960000
2024-10-02,Wed,0,1TV,21:00-24:00,드라마,월화수목 드라마,30-40대,4.66,391,6,7350000,44100000
2024-10-02,Wed,0,2TV,21:00-24:00,드라마,월화수목 드라마,30-40대,3.0,387,6,4800000,28800000
2024-10-03,Thu,0,1TV,06:00-09:00,뉴스,굿모닝 코리아,전체가구,1.91,160,6,2790000,16740000
2024-10-03,Thu,0,2TV,06:00-09:00,뉴스,굿모닝 코리아,전체가구,1.82,223,7,2000000,14000000
2024-10-03,Thu,0,1TV,09:00-12:00,시사교양,정보가 산다,40대 이상,1.61,193,6,2130000,12780000
2024-10-03,Thu,0,2TV,09:00-12:00,시사교양,정보가 산다,40대 이상,1.19,145,7,1430000,10010000
2024-10-03,Thu,0,1TV,12:00-15:00,드라마,오후의 드라마(재방),30-40대,1.8,166,5,2420000,12100000
2024-10-03,Thu,0,2TV,12:00-15:00,드라마,오후의 드라마(재방),30-40대,1.4,137,6,1650000,9900000
2024-10-03,Thu,0,1TV,15:00-18:00,생활정보,생활의 발견,30-40대,1.91,162,4,2690000,10760000
2024-10-03,Thu,0,2TV,15:00-18:00,생활정보,생활의 발견,30-40대,1.35,147,5,1800000,9000000
2024-10-03,Thu,0,1TV,18:00-21:00,뉴스,메인뉴스 9,전체가구,6.11,771,9,9050000,81450000
2024-10-03,Thu,0,2TV,18:00-21:00,뉴스,메인뉴스 9,전체가구,3.93,324,7,5860000,41020000
2024-10-03,Thu,0,1TV,21:00-24:00,드라마,월화수목 드라마,30-40대,4.55,610,8,7300000,58400000
2024-10-03,Thu,0,2TV,21:00-24:00,드라마,월화수목 드라마,30-40대,3.07,254,6,4820000,25633344
2024-10-04,Fri,0,1TV,06:00-09:00,뉴스,굿모닝 코리아,전체가구,2.01,277,5,2820000,14100000
2024-10-04,Fri,0,2TV,06:00-09:00,뉴스,굿모닝 코리아,전체가구,1.71,181,7,1970000,13790000
2024-10-04,Fri,0,1TV,09:00-12:00,시사교양,정보가 산다,40대 이상,1.44,147,7,2070000,12689461
2024-10-04,Fri,0,2TV,09:00-12:00,시사교양,정보가 산다,40대 이상,1.15,105,5,1430000,7150000
2024-10-04,Fri,0,1TV,12:00-15:00,드라마,오후의 드라마(재방),30-40대,1.55,143,4,2330000,9320000
2024-10-04,Fri,0,2TV,12:00-15:00,드라마,오후의 드라마(재방),30-40대,1.34,111,5,1630000,8150000
2024-10-04,Fri,0,1TV,15:00-18:00,생활정보,생활의 발견,30-40대,2.06,279,4,2750000,11000000
2024-10-04,Fri,0,2TV,15:00-18:00,생활정보,생활의 발견,30-40대,1.5,202,5,1840000,9200000
2024-10-04,Fri,0,1TV,18:00-21:00,뉴스,메인뉴스 9,전체가구,6.09,789,8,9040000,72320000
2024-10-04,Fri,0,2TV,18:00-21:00,뉴스,메인뉴스 9,전체가구,3.79,339,9,5820000,52380000
2024-10-04,Fri,0,1TV,21:00-24:00,드라마,월화수목 드라마,30-40대,4.65,618,7,7340000,51380000
2024-10-04,Fri,0,2TV,21:00-24:00,드라마,월화수목 드라마,30-40대,3.45,463,7,4930000,34510000
2024-10-05,Sat,1,1TV,06:00-09:00,뉴스,주말 아침뉴스,전체가구,2.47,307,6,2990000,17940000
2024-10-05,Sat,1,2TV,06:00-09:00,뉴스,주말 아침뉴스,전체가구,1.39,180,6,1900000,11400000
2024-10-05,Sat,1,1TV,09:00-12:00,다큐멘터리,세상 이야기,40대 이상,1.79,231,6,2200000,13200000
2024-10-05,Sat,1,2TV,09:00-12:00,다큐멘터리,세상 이야기,40대 이상,1.0,122,5,1390000,6950000
2024-10-05,Sat,1,1TV,12:00-15:00,스포츠,주말 스포츠 중계,전체가구,1.74,208,4,2400000,9600000
2024-10-05,Sat,1,2TV,12:00-15:00,스포츠,주말 스포츠 중계,전체가구,1.15,103,5,1590000,7950000
2024-10-05,Sat,1,1TV,15:00-18:00,예능,주말 예능 스페셜,20-30대,1.97,177,6,2710000,16260000
2024-10-05,Sat,1,2TV,15:00-18:00,예능,주말 예능 스페셜,20-30대,1.51,205,5,1840000,9200000
2024-10-05,Sat,1,1TV,18:00-21:00,예능,주말 버라이어티,20-30대,4.97,653,8,8540000,68320000
2024-10-05,Sat,1,2TV,18:00-21:00,예능,주말 버라이어티,20-30대,3.45,446,7,5720000,40040000
2024-10-05,Sat,1,1TV,21:00-24:00,영화,주말 특선영화,20-30대,4.5,494,6,7280000,43680000
2024-10-05,Sat,1,2TV,21:00-24:00,영화,주말 특선영화,20-30대,2.8,304,6,4740000,28440000
2024-10-06,Sun,1,1TV,06:00-09:00,뉴스,주말 아침뉴스,전체가구,2.43,221,7,2970000,20790000
2024-10-06,Sun,1,2TV,06:00-09:00,뉴스,주말 아침뉴스,전체가구,1.5,175,6,1920000,11520000
2024-10-06,Sun,1,1TV,09:00-12:00,다큐멘터리,세상 이야기,40대 이상,1.57,198,7,2120000,14840000
2024-10-06,Sun,1,2TV,09:00-12:00,다큐멘터리,세상 이야기,40대 이상,1.26,115,5,1450000,7250000
2024-10-06,Sun,1,1TV,12:00-15:00,스포츠,주말 스포츠 중계,전체가구,1.53,124,4,2320000,9280000
2024-10-06,Sun,1,2TV,12:00-15:00,스포츠,주말 스포츠 중계,전체가구,1.48,200,5,1670000,8350000
2024-10-06,Sun,1,1TV,15:00-18:00,예능,주말 예능 스페셜,20-30대,2.18,182,5,2790000,13950000
2024-10-06,Sun,1,2TV,15:00-18:00,예능,주말 예능 스페셜,20-30대,1.34,112,4,1800000,7200000
2024-10-06,Sun,1,1TV,18:00-21:00,예능,주말 버라이어티,20-30대,5.05,623,7,8570000,59990000
2024-10-06,Sun,1,2TV,18:00-21:00,예능,주말 버라이어티,20-30대,3.4,322,9,5700000,51300000
2024-10-06,Sun,1,1TV,21:00-24:00,영화,주말 특선영화,20-30대,3.98,449,7,7040000,49280000
2024-10-06,Sun,1,2TV,21:00-24:00,영화,주말 특선영화,20-30대,3.43,359,8,4930000,36933899
2024-10-07,Mon,0,1TV,06:00-09:00,뉴스,굿모닝 코리아,전체가구,2.36,234,5,2950000,14750000
2024-10-07,Mon,0,2TV,06:00-09:00,뉴스,굿모닝 코리아,전체가구,1.43,134,6,1900000,9769915
2024-10-07,Mon,0,1TV,09:00-12:00,시사교양,정보가 산다,40대 이상,1.54,176,5,2100000,10500000
2024-10-07,Mon,0,2TV,09:00-12:00,시사교양,정보가 산다,40대 이상,1.01,114,5,1390000,6950000
2024-10-07,Mon,0,1TV,12:00-15:00,드라마,오후의 드라마(재방),30-40대,1.99,271,6,2500000,15000000
2024-10-07,Mon,0,2TV,12:00-15:00,드라마,오후의 드라마(재방),30-40대,1.37,141,6,1640000,9840000
2024-10-07,Mon,0,1TV,15:00-18:00,생활정보,생활의 발견,30-40대,1.94,184,6,2700000,16200000
2024-10-07,Mon,0,2TV,15:00-18:00,생활정보,생활의 발견,30-40대,1.61,144,6,1860000,11160000
2024-10-07,Mon,0,1TV,18:00-21:00,뉴스,메인뉴스 9,전체가구,4.87,473,9,8490000,76410000
2024-10-07,Mon,0,2TV,18:00-21:00,뉴스,메인뉴스 9,전체가구,4.45,623,7,6010000,42070000
2024-10-07,Mon,0,1TV,21:00-24:00,드라마,월화수목 드라마,30-40대,3.79,486,6,6960000,37552453
2024-10-07,Mon,0,2TV,21:00-24:00,드라마,월화수목 드라마,30-40대,3.62,475,7,4980000,34860000
2024-10-08,Tue,0,1TV,06:00-09:00,뉴스,굿모닝 코리아,전체가구,2.3,213,6,2930000,17580000
2024-10-08,Tue,0,2TV,06:00-09:00,뉴스,굿모닝 코리아,전체가구,1.58,196,6,1940000,11640000
2024-10-08,Tue,0,1TV,09:00-12:00,시사교양,정보가 산다,40대 이상,1.57,157,7,2120000,14840000
2024-10-08,Tue,0,2TV,09:00-12:00,시사교양,정보가 산다,40대 이상,1.25,115,5,1450000,7250000
2024-10-08,Tue,0,1TV,12:00-15:00,드라마,오후의 드라마(재방),30-40대,1.81,248,6,2430000,14580000
2024-10-08,Tue,0,2TV,12:00-15:00,드라마,오후의 드라마(재방),30-40대,1.35,181,6,1640000,9840000
2024-10-08,Tue,0,1TV,15:00-18:00,생활정보,생활의 발견,30-40대,2.12,217,5,2770000,13850000
2024-10-08,Tue,0,2TV,15:00-18:00,생활정보,생활의 발견,30-40대,1.28,111,6,1780000,10680000
2024-10-08,Tue,0,1TV,18:00-21:00,뉴스,메인뉴스 9,전체가구,5.95,817,9,8980000,80820000
2024-10-08,Tue,0,2TV,18:00-21:00,뉴스,메인뉴스 9,전체가구,3.55,356,7,5750000,40250000
2024-10-08,Tue,0,1TV,21:00-24:00,드라마,월화수목 드라마,30-40대,5.0,530,7,7500000,45925656
2024-10-08,Tue,0,2TV,21:00-24:00,드라마,월화수목 드라마,30-40대,3.32,300,8,4900000,39200000
2024-10-09,Wed,0,1TV,06:00-09:00,뉴스,굿모닝 코리아,전체가구,2.39,283,7,2960000,20720000
2024-10-09,Wed,0,2TV,06:00-09:00,뉴스,굿모닝 코리아,전체가구,1.48,155,6,1920000,11520000
2024-10-09,Wed,0,1TV,09:00-12:00,시사교양,정보가 산다,40대 이상,1.71,215,6,2170000,13020000
2024-10-09,Wed,0,2TV,09:00-12:00,시사교양,정보가 산다,40대 이상,1.32,154,7,1470000,10290000
2024-10-09,Wed,0,1TV,12:00-15:00,드라마,오후의 드라마(재방),30-40대,1.52,130,4,2320000,9280000
2024-10-09,Wed,0,2TV,12:00-15:00,드라마,오후의 드라마(재방),30-40대,1.11,146,4,1580000,6320000
2024-10-09,Wed,0,1TV,15:00-18:00,생활정보,생활의 발견,30-40대,1.71,232,5,2610000,13050000
2024-10-09,Wed,0,2TV,15:00-18:00,생활정보,생활의 발견,30-40대,1.28,119,4,1780000,7120000
2024-10-09,Wed,0,1TV,18:00-21:00,뉴스,메인뉴스 9,전체가구,5.96,685,8,8980000,71840000
2024-10-09,Wed,0,2TV,18:00-21:00,뉴스,메인뉴스 9,전체가구,4.14,403,7,5920000,41440000
2024-10-09,Wed,0,1TV,21:00-24:00,드라마,월화수목 드라마,30-40대,3.97,527,6,7040000,42240000
2024-10-09,Wed,0,2TV,21:00-24:00,드라마,월화수목 드라마,30-40대,3.28,384,6,4880000,29280000
2024-10-10,Thu,0,1TV,06:00-09:00,뉴스,굿모닝 코리아,전체가구,2.29,279,6,2920000,17520000
2024-10-10,Thu,0,2TV,06:00-09:00,뉴스,굿모닝 코리아,전체가구,1.82,252,7,2000000,14000000
2024-10-10,Thu,0,1TV,09:00-12:00,시사교양,정보가 산다,40대 이상,1.79,154,5,2200000,11000000
2024-10-10,Thu,0,2TV,09:00-12:00,시사교양,정보가 산다,40대 이상,1.13,116,5,1420000,7100000
2024-10-10,Thu,0,1TV,12:00-15:00,드라마,오후의 드라마(재방),30-40대,1.81,252,5,2430000,12150000
2024-10-10,Thu,0,2TV,12:00-15:00,드라마,오후의 드라마(재방),30-40대,1.33,121,4,1630000,6520000
2024-10-10,Thu,0,1TV,15:00-18:00,생활정보,생활의 발견,30-40대,2.2,251,5,2800000,14000000
2024-10-10,Thu,0,2TV,15:00-18:00,생활정보,생활의 발견,30-40대,1.6,135,4,1860000,7440000
2024-10-10,Thu,0,1TV,18:00-21:00,뉴스,메인뉴스 9,전체가구,5.58,753,7,8810000,61670000
2024-10-10,Thu,0,2TV,18:00-21:00,뉴스,메인뉴스 9,전체가구,4.24,509,9,5950000,53550000
2024-10-10,Thu,0,1TV,21:00-24:00,드라마,월화수목 드라마,30-40대,4.7,644,6,7360000,44160000
2024-10-10,Thu,0,2TV,21:00-24:00,드라마,월화수목 드라마,30-40대,3.72,408,8,5010000,40080000
2024-10-11,Fri,0,1TV,06:00-09:00,뉴스,굿모닝 코리아,전체가구,2.15,194,6,2870000,17220000
2024-10-11,Fri,0,2TV,06:00-09:00,뉴스,굿모닝 코리아,전체가구,1.52,169,5,1930000,9650000
2024-10-11,Fri,0,1TV,09:00-12:00,시사교양,정보가 산다,40대 이상,1.78,148,5,2190000,10950000
2024-10-11,Fri,0,2TV,09:00-12:00,시사교양,정보가 산다,40대 이상,1.09,152,6,1410000,7952398
2024-10-11,Fri,0,1TV,12:00-15:00,드라마,오후의 드라마(재방),30-40대,1.9,204,4,2460000,9840000
2024-10-11,Fri,0,2TV,12:00-15:00,드라마,오후의 드라마(재방),30-40대,1.12,148,6,1580000,8710587
2024-10-11,Fri,0,1TV,15:00-18:00,생활정보,생활의 발견,30-40대,1.83,168,5,2660000,13300000
2024-10-11,Fri,0,2TV,15:00-18:00,생활정보,생활의 발견,30-40대,1.23,148,6,1770000,10620000
2024-10-11,Fri,0,1TV,18:00-21:00,뉴스,메인뉴스 9,전체가구,5.09,564,8,8590000,68720000
2024-10-11,Fri,0,2TV,18:00-21:00,뉴스,메인뉴스 9,전체가구,3.72,508,9,5800000,52200000
2024-10-11,Fri,0,1TV,21:00-24:00,드라마,월화수목 드라마,30-40대,4.01,389,6,7050000,42300000
2024-10-11,Fri,0,2TV,21:00-24:00,드라마,월화수목 드라마,30-40대,3.66,311,8,4990000,39920000
2024-10-12,Sat,1,1TV,06:00-09:00,뉴스,주말 아침뉴스,전체가구,2.45,328,5,2980000,14900000
2024-10-12,Sat,1,2TV,06:00-09:00,뉴스,주말 아침뉴스,전체가구,1.77,153,5,1980000,9900000
2024-10-12,Sat,1,1TV,09:00-12:00,다큐멘터리,세상 이야기,40대 이상,1.38,158,5,2050000,10250000
2024-10-12,Sat,1,2TV,09:00-12:00,다큐멘터리,세상 이야기,40대 이상,1.3,105,5,1460000,7300000
2024-10-12,Sat,1,1TV,12:00-15:00,스포츠,주말 스포츠 중계,전체가구,1.68,226,4,2380000,9520000
2024-10-12,Sat,1,2TV,12:00-15:00,스포츠,주말 스포츠 중계,전체가구,1.35,179,5,1640000,8200000
2024-10-12,Sat,1,1TV,15:00-18:00,예능,주말 예능 스페셜,20-30대,1.84,221,6,2660000,15960000
2024-10-12,Sat,1,2TV,15:00-18:00,예능,주말 예능 스페셜,20-30대,1.52,140,6,1840000,11040000
2024-10-12,Sat,1,1TV,18:00-21:00,예능,주말 버라이어티,20-30대,4.8,591,7,8460000,55962375
2024-10-12,Sat,1,2TV,18:00-21:00,예능,주말 버라이어티,20-30대,3.59,298,7,5760000,40320000
2024-10-12,Sat,1,1TV,21:00-24:00,영화,주말 특선영화,20-30대,4.58,419,6,7310000,43860000
2024-10-12,Sat,1,2TV,21:00-24:00,영화,주말 특선영화,20-30대,3.25,398,7,4880000,34160000
2024-10-13,Sun,1,1TV,06:00-09:00,뉴스,주말 아침뉴스,전체가구,2.32,306,5,2940000,14700000
2024-10-13,Sun,1,2TV,06:00-09:00,뉴스,주말 아침뉴스,전체가구,1.63,138,5,1950000,9750000
2024-10-13,Sun,1,1TV,09:00-12:00,다큐멘터리,세상 이야기,40대 이상,1.77,203,5,2190000,10950000
2024-10-13,Sun,1,2TV,09:00-12:00,다큐멘터리,세상 이야기,40대 이상,1.24,105,5,1450000,7250000
2024-10-13,Sun,1,1TV,12:00-15:00,스포츠,주말 스포츠 중계,전체가구,1.9,178,5,2460000,12300000
2024-10-13,Sun,1,2TV,12:00-15:00,스포츠,주말 스포츠 중계,전체가구,1.34,156,6,1630000,9780000
2024-10-13,Sun,1,1TV,15:00-18:00,예능,주말 예능 스페셜,20-30대,1.78,169,5,2640000,13200000
2024-10-13,Sun,1,2TV,15:00-18:00,예능,주말 예능 스페셜,20-30대,1.44,172,6,1820000,10920000
2024-10-13,Sun,1,1TV,18:00-21:00,예능,주말 버라이어티,20-30대,5.7,478,7,8860000,62020000
2024-10-13,Sun,1,2TV,18:00-21:00,예능,주말 버라이어티,20-30대,4.37,365,8,5990000,47920000
2024-10-13,Sun,1,1TV,21:00-24:00,영화,주말 특선영화,20-30대,4.76,585,6,7390000,44340000
2024-10-13,Sun,1,2TV,21:00-24:00,영화,주말 특선영화,20-30대,3.42,339,7,4920000,34440000
2024-10-14,Mon,0,1TV,06:00-09:00,뉴스,굿모닝 코리아,전체가구,2.27,312,7,2920000,20440000
2024-10-14,Mon,0,2TV,06:00-09:00,뉴스,굿모닝 코리아,전체가구,1.79,192,7,1990000,13930000
2024-10-14,Mon,0,1TV,09:00-12:00,시사교양,정보가 산다,40대 이상,1.53,150,6,2100000,12600000
2024-10-14,Mon,0,2TV,09:00-12:00,시사교양,정보가 산다,40대 이상,1.35,123,7,1470000,10290000
2024-10-14,Mon,0,1TV,12:00-15:00,드라마,오후의 드라마(재방),30-40대,1.87,196,5,2450000,12250000
2024-10-14,Mon,0,2TV,12:00-15:00,드라마,오후의 드라마(재방),30-40대,1.42,194,5,1650000,8250000
2024-10-14,Mon,0,1TV,15:00-18:00,생활정보,생활의 발견,30-40대,2.17,232,4,2790000,11160000
2024-10-14,Mon,0,2TV,15:00-18:00,생활정보,생활의 발견,30-40대,1.38,189,4,1810000,7240000
2024-10-14,Mon,0,1TV,18:00-21:00,뉴스,메인뉴스 9,전체가구,5.1,674,7,8600000,60200000
2024-10-14,Mon,0,2TV,18:00-21:00,뉴스,메인뉴스 9,전체가구,3.33,425,9,5680000,51120000
2024-10-14,Mon,0,1TV,21:00-24:00,드라마,월화수목 드라마,30-40대,3.95,540,6,7030000,42180000
2024-10-14,Mon,0,2TV,21:00-24:00,드라마,월화수목 드라마,30-40대,3.14,279,7,4840000,33880000
2024-10-15,Tue,0,1TV,06:00-09:00,뉴스,굿모닝 코리아,전체가구,2.2,197,7,2890000,20230000
2024-10-15,Tue,0,2TV,06:00-09:00,뉴스,굿모닝 코리아,전체가구,1.47,171,6,1910000,11460000
2024-10-15,Tue,0,1TV,09:00-12:00,시사교양,정보가 산다,40대 이상,1.8,161,7,2200000,15400000
2024-10-15,Tue,0,2TV,09:00-12:00,시사교양,정보가 산다,40대 이상,1.33,112,6,1470000,8820000
2024-10-15,Tue,0,1TV,12:00-15:00,드라마,오후의 드라마(재방),30-40대,1.82,161,6,2430000,14580000
2024-10-15,Tue,0,2TV,12:00-15:00,드라마,오후의 드라마(재방),30-40대,1.42,149,4,1650000,6600000
2024-10-15,Tue,0,1TV,15:00-18:00,생활정보,생활의 발견,30-40대,2.02,203,5,2730000,13650000
2024-10-15,Tue,0,2TV,15:00-18:00,생활정보,생활의 발견,30-40대,1.4,122,4,1810000,7240000
2024-10-15,Tue,0,1TV,18:00-21:00,뉴스,메인뉴스 9,전체가구,5.04,516,9,8570000,77130000
2024-10-15,Tue,0,2TV,18:00-21:00,뉴스,메인뉴스 9,전체가구,3.75,518,7,5810000,36375290
2024-10-15,Tue,0,1TV,21:00-24:00,드라마,월화수목 드라마,30-40대,4.07,556,8,7080000,56640000
2024-10-15,Tue,0,2TV,21:00-24:00,드라마,월화수목 드라마,30-40대,3.61,356,7,4980000,34860000
2024-10-16,Wed,0,1TV,06:00-09:00,뉴스,굿모닝 코리아,전체가구,2.24,257,6,2910000,17460000
2024-10-16,Wed,0,2TV,06:00-09:00,뉴스,굿모닝 코리아,전체가구,1.82,251,7,2000000,14000000
2024-10-16,Wed,0,1TV,09:00-12:00,시사교양,정보가 산다,40대 이상,1.78,218,7,2190000,15330000
2024-10-16,Wed,0,2TV,09:00-12:00,시사교양,정보가 산다,40대 이상,1.28,140,6,1460000,8760000
2024-10-16,Wed,0,1TV,12:00-15:00,드라마,오후의 드라마(재방),30-40대,1.66,221,5,2370000,11850000
2024-10-16,Wed,0,2TV,12:00-15:00,드라마,오후의 드라마(재방),30-40대,1.35,115,5,1640000,8200000
2024-10-16,Wed,0,1TV,15:00-18:00,생활정보,생활의 발견,30-40대,2.17,297,6,2790000,16740000
2024-10-16,Wed,0,2TV,15:00-18:00,생활정보,생활의 발견,30-40대,1.41,179,5,1820000,9100000
2024-10-16,Wed,0,1TV,18:00-21:00,뉴스,메인뉴스 9,전체가구,5.07,642,8,8580000,68640000
2024-10-16,Wed,0,2TV,18:00-21:00,뉴스,메인뉴스 9,전체가구,4.06,405,9,5900000,53100000
2024-10-16,Wed,0,1TV,21:00-24:00,드라마,월화수목 드라마,30-40대,3.94,380,7,7020000,49140000
2024-10-16,Wed,0,2TV,21:00-24:00,드라마,월화수목 드라마,30-40대,3.07,408,6,4820000,28920000
2024-10-17,Thu,0,1TV,06:00-09:00,뉴스,굿모닝 코리아,전체가구,2.3,316,7,2930000,20510000
2024-10-17,Thu,0,2TV,06:00-09:00,뉴스,굿모닝 코리아,전체가구,1.53,128,5,1930000,9650000
2024-10-17,Thu,0,1TV,09:00-12:00,시사교양,정보가 산다,40대 이상,1.59,151,6,2120000,12720000
2024-10-17,Thu,0,2TV,09:00-12:00,시사교양,정보가 산다,40대 이상,1.28,103,6,1460000,8760000
2024-10-17,Thu,0,1TV,12:00-15:00,드라마,오후의 드라마(재방),30-40대,1.65,135,6,2370000,14220000
2024-10-17,Thu,0,2TV,12:00-15:00,드라마,오후의 드라마(재방),30-40대,1.14,123,4,1590000,6360000
2024-10-17,Thu,0,1TV,15:00-18:00,생활정보,생활의 발견,30-40대,1.87,167,5,2670000,13350000
2024-10-17,Thu,0,2TV,15:00-18:00,생활정보,생활의 발견,30-40대,1.26,121,5,1780000,8900000
2024-10-17,Thu,0,1TV,18:00-21:00,뉴스,메인뉴스 9,전체가구,5.45,529,9,8750000,78750000
2024-10-17,Thu,0,2TV,18:00-21:00,뉴스,메인뉴스 9,전체가구,4.43,387,8,6010000,48080000
2024-10-17,Thu,0,1TV,21:00-24:00,드라마,월화수목 드라마,30-40대,4.23,418,8,7150000,57200000
2024-10-17,Thu,0,2TV,21:00-24:00,드라마,월화수목 드라마,30-40대,2.79,296,7,4740000,33180000
2024-10-18,Fri,0,1TV,06:00-09:00,뉴스,굿모닝 코리아,전체가구,2.09,272,5,2850000,14250000
2024-10-18,Fri,0,2TV,06:00-09:00,뉴스,굿모닝 코리아,전체가구,1.54,193,5,1930000,9650000
2024-10-18,Fri,0,1TV,09:00-12:00,시사교양,정보가 산다,40대 이상,1.37,169,5,2040000,10200000
2024-10-18,Fri,0,2TV,09:00-12:00,시사교양,정보가 산다,40대 이상,1.32,117,5,1470000,7350000
2024-10-18,Fri,0,1TV,12:00-15:00,드라마,오후의 드라마(재방),30-40대,1.99,187,5,2500000,12500000
2024-10-18,Fri,0,2TV,12:00-15:00,드라마,오후의 드라마(재방),30-40대,1.24,130,4,1610000,6440000
2024-10-18,Fri,0,1TV,15:00-18:00,생활정보,생활의 발견,30-40대,1.96,219,6,2710000,16260000
2024-10-18,Fri,0,2TV,15:00-18:00,생활정보,생활의 발견,30-40대,1.51,170,4,1840000,7360000
2024-10-18,Fri,0,1TV,18:00-21:00,뉴스,메인뉴스 9,전체가구,5.2,452,8,8640000,69120000
2024-10-18,Fri,0,2TV,18:00-21:00,뉴스,메인뉴스 9,전체가구,3.38,409,7,5700000,39900000
2024-10-18,Fri,0,1TV,21:00-24:00,드라마,월화수목 드라마,30-40대,4.85,454,6,7430000,41950820
2024-10-18,Fri,0,2TV,21:00-24:00,드라마,월화수목 드라마,30-40대,3.69,507,6,5000000,30000000
2024-10-19,Sat,1,1TV,06:00-09:00,뉴스,주말 아침뉴스,전체가구,2.08,261,7,2850000,19950000
2024-10-19,Sat,1,2TV,06:00-09:00,뉴스,주말 아침뉴스,전체가구,1.63,159,5,1950000,9750000
2024-10-19,Sat,1,1TV,09:00-12:00,다큐멘터리,세상 이야기,40대 이상,1.68,190,5,2160000,10800000
2024-10-19,Sat,1,2TV,09:00-12:00,다큐멘터리,세상 이야기,40대 이상,1.01,95,6,1390000,7791386
2024-10-19,Sat,1,1TV,12:00-15:00,스포츠,주말 스포츠 중계,전체가구,1.8,184,4,2420000,9680000
2024-10-19,Sat,1,2TV,12:00-15:00,스포츠,주말 스포츠 중계,전체가구,1.16,93,6,1590000,9540000
2024-10-19,Sat,1,1TV,15:00-18:00,예능,주말 예능 스페셜,20-30대,1.81,205,6,2650000,15900000
2024-10-19,Sat,1,2TV,15:00-18:00,예능,주말 예능 스페셜,20-30대,1.57,197,5,1850000,9250000
2024-10-19,Sat,1,1TV,18:00-21:00,예능,주말 버라이어티,20-30대,5.01,479,7,8550000,59850000
2024-10-19,Sat,1,2TV,18:00-21:00,예능,주말 버라이어티,20-30대,3.84,410,9,5830000,52470000
2024-10-19,Sat,1,1TV,21:00-24:00,영화,주말 특선영화,20-30대,4.76,439,6,7390000,41970306
2024-10-19,Sat,1,2TV,21:00-24:00,영화,주말 특선영화,20-30대,3.49,462,6,4950000,29700000
2024-10-20,Sun,1,1TV,06:00-09:00,뉴스,주말 아침뉴스,전체가구,2.35,230,7,2950000,20650000
2024-10-20,Sun,1,2TV,06:00-09:00,뉴스,주말 아침뉴스,전체가구,1.81,234,6,1990000,11940000
2024-10-20,Sun,1,1TV,09:00-12:00,다큐멘터리,세상 이야기,40대 이상,1.65,155,6,2140000,12840000
2024-10-20,Sun,1,2TV,09:00-12:00,다큐멘터리,세상 이야기,40대 이상,1.0,81,5,1390000,6950000
2024-10-20,Sun,1,1TV,12:00-15:00,스포츠,주말 스포츠 중계,전체가구,1.6,219,5,2350000,11750000
2024-10-20,Sun,1,2TV,12:00-15:00,스포츠,주말 스포츠 중계,전체가구,1.28,132,4,1620000,6480000
2024-10-20,Sun,1,1TV,15:00-18:00,예능,주말 예능 스페셜,20-30대,1.92,222,6,2690000,16140000
2024-10-20,Sun,1,2TV,15:00-18:00,예능,주말 예능 스페셜,20-30대,1.32,154,4,1790000,7160000
2024-10-20,Sun,1,1TV,18:00-21:00,예능,주말 버라이어티,20-30대,5.47,719,8,8760000,70080000
2024-10-20,Sun,1,2TV,18:00-21:00,예능,주말 버라이어티,20-30대,3.67,378,9,5780000,52020000
2024-10-20,Sun,1,1TV,21:00-24:00,영화,주말 특선영화,20-30대,3.87,395,8,6990000,55920000
2024-10-20,Sun,1,2TV,21:00-24:00,영화,주말 특선영화,20-30대,3.18,422,6,4850000,29100000
2024-10-21,Mon,0,1TV,06:00-09:00,뉴스,굿모닝 코리아,전체가구,2.3,225,5,2930000,14650000
2024-10-21,Mon,0,2TV,06:00-09:00,뉴스,굿모닝 코리아,전체가구,1.53,147,5,1930000,9650000
2024-10-21,Mon,0,1TV,09:00-12:00,시사교양,정보가 산다,40대 이상,1.65,226,5,2140000,10700000
2024-10-21,Mon,0,2TV,09:00-12:00,시사교양,정보가 산다,40대 이상,1.32,119,5,1470000,7350000
2024-10-21,Mon,0,1TV,12:00-15:00,드라마,오후의 드라마(재방),30-40대,1.62,214,6,2360000,14160000
2024-10-21,Mon,0,2TV,12:00-15:00,드라마,오후의 드라마(재방),30-40대,1.21,98,6,1600000,9600000
2024-10-21,Mon,0,1TV,15:00-18:00,생활정보,생활의 발견,30-40대,2.07,185,4,2750000,11000000
2024-10-21,Mon,0,2TV,15:00-18:00,생활정보,생활의 발견,30-40대,1.38,113,5,1810000,9050000
2024-10-21,Mon,0,1TV,18:00-21:00,뉴스,메인뉴스 9,전체가구,5.14,711,9,8610000,77490000
2024-10-21,Mon,0,2TV,18:00-21:00,뉴스,메인뉴스 9,전체가구,4.08,561,8,5900000,47200000
2024-10-21,Mon,0,1TV,21:00-24:00,드라마,월화수목 드라마,30-40대,4.68,431,7,7360000,45473381
2024-10-21,Mon,0,2TV,21:00-24:00,드라마,월화수목 드라마,30-40대,3.61,340,7,4980000,34860000
2024-10-22,Tue,0,1TV,06:00-09:00,뉴스,굿모닝 코리아,전체가구,2.52,208,7,3010000,21070000
2024-10-22,Tue,0,2TV,06:00-09:00,뉴스,굿모닝 코리아,전체가구,1.59,218,6,1940000,11640000
2024-10-22,Tue,0,1TV,09:00-12:00,시사교양,정보가 산다,40대 이상,1.68,209,6,2160000,12960000
2024-10-22,Tue,0,2TV,09:00-12:00,시사교양,정보가 산다,40대 이상,1.2,129,6,1440000,8640000
2024-10-22,Tue,0,1TV,12:00-15:00,드라마,오후의 드라마(재방),30-40대,1.69,227,6,2380000,14280000
2024-10-22,Tue,0,2TV,12:00-15:00,드라마,오후의 드라마(재방),30-40대,1.16,144,5,1590000,7950000
2024-10-22,Tue,0,1TV,15:00-18:00,생활정보,생활의 발견,30-40대,1.98,203,5,2720000,13600000
2024-10-22,Tue,0,2TV,15:00-18:00,생활정보,생활의 발견,30-40대,1.28,154,5,1780000,8900000
2024-10-22,Tue,0,1TV,18:00-21:00,뉴스,메인뉴스 9,전체가구,5.13,706,7,8610000,60270000
2024-10-22,Tue,0,2TV,18:00-21:00,뉴스,메인뉴스 9,전체가구,4.35,435,8,5980000,47840000
2024-10-22,Tue,0,1TV,21:00-24:00,드라마,월화수목 드라마,30-40대,4.33,486,8,7200000,57600000
2024-10-22,Tue,0,2TV,21:00-24:00,드라마,월화수목 드라마,30-40대,2.8,309,8,4740000,37920000
2024-10-23,Wed,0,1TV,06:00-09:00,뉴스,굿모닝 코리아,전체가구,2.09,247,7,2850000,19950000
2024-10-23,Wed,0,2TV,06:00-09:00,뉴스,굿모닝 코리아,전체가구,1.77,156,5,1980000,9900000
2024-10-23,Wed,0,1TV,09:00-12:00,시사교양,정보가 산다,40대 이상,1.53,198,5,2100000,10500000
2024-10-23,Wed,0,2TV,09:00-12:00,시사교양,정보가 산다,40대 이상,1.19,132,7,1430000,9631028
2024-10-23,Wed,0,1TV,12:00-15:00,드라마,오후의 드라마(재방),30-40대,1.84,165,4,2440000,9760000
2024-10-23,Wed,0,2TV,12:00-15:00,드라마,오후의 드라마(재방),30-40대,1.41,154,5,1650000,8250000
2024-10-23,Wed,0,1TV,15:00-18:00,생활정보,생활의 발견,30-40대,2.1,237,5,2760000,13800000
2024-10-23,Wed,0,2TV,15:00-18:00,생활정보,생활의 발견,30-40대,1.57,146,5,1850000,9250000
2024-10-23,Wed,0,1TV,18:00-21:00,뉴스,메인뉴스 9,전체가구,5.57,776,7,8810000,61670000
2024-10-23,Wed,0,2TV,18:00-21:00,뉴스,메인뉴스 9,전체가구,3.85,501,7,5840000,40880000
2024-10-23,Wed,0,1TV,21:00-24:00,드라마,월화수목 드라마,30-40대,4.91,678,6,7460000,44760000
2024-10-23,Wed,0,2TV,21:00-24:00,드라마,월화수목 드라마,30-40대,3.66,445,7,4990000,34930000
2024-10-24,Thu,0,1TV,06:00-09:00,뉴스,굿모닝 코리아,전체가구,2.13,276,7,2870000,20090000
2024-10-24,Thu,0,2TV,06:00-09:00,뉴스,굿모닝 코리아,전체가구,1.85,169,5,2000000,8645291
2024-10-24,Thu,0,1TV,09:00-12:00,시사교양,정보가 산다,40대 이상,1.43,181,5,2060000,10300000
2024-10-24,Thu,0,2TV,09:00-12:00,시사교양,정보가 산다,40대 이상,1.15,100,6,1430000,8580000
2024-10-24,Thu,0,1TV,12:00-15:00,드라마,오후의 드라마(재방),30-40대,1.5,174,5,2310000,11550000
2024-10-24,Thu,0,2TV,12:00-15:00,드라마,오후의 드라마(재방),30-40대,1.19,126,6,1600000,9600000
2024-10-24,Thu,0,1TV,15:00-18:00,생활정보,생활의 발견,30-40대,2.01,232,6,2730000,16380000
2024-10-24,Thu,0,2TV,15:00-18:00,생활정보,생활의 발견,30-40대,1.23,122,4,1770000,7080000
2024-10-24,Thu,0,1TV,18:00-21:00,뉴스,메인뉴스 9,전체가구,5.23,669,9,8650000,77850000
2024-10-24,Thu,0,2TV,18:00-21:00,뉴스,메인뉴스 9,전체가구,3.81,439,8,5820000,46560000
2024-10-24,Thu,0,1TV,21:00-24:00,드라마,월화수목 드라마,30-40대,4.63,647,7,7330000,46614817
2024-10-24,Thu,0,2TV,21:00-24:00,드라마,월화수목 드라마,30-40대,3.65,396,8,4990000,39920000
2024-10-25,Fri,0,1TV,06:00-09:00,뉴스,굿모닝 코리아,전체가구,2.03,264,7,2830000,19810000
2024-10-25,Fri,0,2TV,06:00-09:00,뉴스,굿모닝 코리아,전체가구,1.6,200,5,1940000,9700000
2024-10-25,Fri,0,1TV,09:00-12:00,시사교양,정보가 산다,40대 이상,1.57,156,7,2120000,14840000
2024-10-25,Fri,0,2TV,09:00-12:00,시사교양,정보가 산다,40대 이상,1.29,120,6,1460000,8760000
2024-10-25,Fri,0,1TV,12:00-15:00,드라마,오후의 드라마(재방),30-40대,1.85,214,6,2440000,14640000
2024-10-25,Fri,0,2TV,12:00-15:00,드라마,오후의 드라마(재방),30-40대,1.47,157,6,1670000,10020000
2024-10-25,Fri,0,1TV,15:00-18:00,생활정보,생활의 발견,30-40대,1.8,205,6,2650000,15900000
2024-10-25,Fri,0,2TV,15:00-18:00,생활정보,생활의 발견,30-40대,1.24,143,6,1770000,10620000
2024-10-25,Fri,0,1TV,18:00-21:00,뉴스,메인뉴스 9,전체가구,4.75,509,7,8440000,54479703
2024-10-25,Fri,0,2TV,18:00-21:00,뉴스,메인뉴스 9,전체가구,3.81,462,7,5820000,40740000
2024-10-25,Fri,0,1TV,21:00-24:00,드라마,월화수목 드라마,30-40대,4.37,351,8,7220000,57760000
2024-10-25,Fri,0,2TV,21:00-24:00,드라마,월화수목 드라마,30-40대,3.65,461,6,4990000,29940000
2024-10-26,Sat,1,1TV,06:00-09:00,뉴스,주말 아침뉴스,전체가구,2.01,265,7,2820000,19740000
2024-10-26,Sat,1,2TV,06:00-09:00,뉴스,주말 아침뉴스,전체가구,1.49,159,7,1920000,13440000
2024-10-26,Sat,1,1TV,09:00-12:00,다큐멘터리,세상 이야기,40대 이상,1.4,126,5,2050000,10250000
2024-10-26,Sat,1,2TV,09:00-12:00,다큐멘터리,세상 이야기,40대 이상,1.33,151,6,1470000,8820000
2024-10-26,Sat,1,1TV,12:00-15:00,스포츠,주말 스포츠 중계,전체가구,1.91,202,6,2470000,14820000
2024-10-26,Sat,1,2TV,12:00-15:00,스포츠,주말 스포츠 중계,전체가구,1.38,163,4,1640000,6560000
2024-10-26,Sat,1,1TV,15:00-18:00,예능,주말 예능 스페셜,20-30대,1.66,176,6,2590000,15540000
2024-10-26,Sat,1,2TV,15:00-18:00,예능,주말 예능 스페셜,20-30대,1.24,119,6,1770000,10620000
2024-10-26,Sat,1,1TV,18:00-21:00,예능,주말 버라이어티,20-30대,5.11,691,7,8600000,60200000
2024-10-26,Sat,1,2TV,18:00-21:00,예능,주말 버라이어티,20-30대,3.5,400,9,5730000,51570000
2024-10-26,Sat,1,1TV,21:00-24:00,영화,주말 특선영화,20-30대,4.6,519,8,7320000,58560000
2024-10-26,Sat,1,2TV,21:00-24:00,영화,주말 특선영화,20-30대,2.83,361,6,4750000,28500000
2024-10-27,Sun,1,1TV,06:00-09:00,뉴스,주말 아침뉴스,전체가구,1.94,160,5,2800000,14000000
2024-10-27,Sun,1,2TV,06:00-09:00,뉴스,주말 아침뉴스,전체가구,1.45,177,5,1910000,9550000
2024-10-27,Sun,1,1TV,09:00-12:00,다큐멘터리,세상 이야기,40대 이상,1.58,128,7,2120000,14840000
2024-10-27,Sun,1,2TV,09:00-12:00,다큐멘터리,세상 이야기,40대 이상,1.2,97,5,1440000,7200000
2024-10-27,Sun,1,1TV,12:00-15:00,스포츠,주말 스포츠 중계,전체가구,1.62,176,4,2360000,9440000
2024-10-27,Sun,1,2TV,12:00-15:00,스포츠,주말 스포츠 중계,전체가구,1.29,140,4,1620000,6480000
2024-10-27,Sun,1,1TV,15:00-18:00,예능,주말 예능 스페셜,20-30대,1.96,231,4,2710000,10840000
2024-10-27,Sun,1,2TV,15:00-18:00,예능,주말 예능 스페셜,20-30대,1.27,140,4,1780000,7120000
2024-10-27,Sun,1,1TV,18:00-21:00,예능,주말 버라이어티,20-30대,6.03,509,7,9010000,63070000
2024-10-27,Sun,1,2TV,18:00-21:00,예능,주말 버라이어티,20-30대,4.2,548,8,5940000,47520000
2024-10-27,Sun,1,1TV,21:00-24:00,영화,주말 특선영화,20-30대,4.81,502,7,7410000,46084343
2024-10-27,Sun,1,2TV,21:00-24:00,영화,주말 특선영화,20-30대,3.15,288,8,4850000,38800000
2024-10-28,Mon,0,1TV,06:00-09:00,뉴스,굿모닝 코리아,전체가구,2.12,247,5,2860000,14300000
2024-10-28,Mon,0,2TV,06:00-09:00,뉴스,굿모닝 코리아,전체가구,1.44,168,7,1910000,13370000
2024-10-28,Mon,0,1TV,09:00-12:00,시사교양,정보가 산다,40대 이상,1.65,207,5,2140000,10700000
2024-10-28,Mon,0,2TV,09:00-12:00,시사교양,정보가 산다,40대 이상,1.18,130,5,1430000,7150000
2024-10-28,Mon,0,1TV,12:00-15:00,드라마,오후의 드라마(재방),30-40대,1.51,127,4,2320000,9280000
2024-10-28,Mon,0,2TV,12:00-15:00,드라마,오후의 드라마(재방),30-40대,1.41,178,4,1650000,6600000
2024-10-28,Mon,0,1TV,15:00-18:00,생활정보,생활의 발견,30-40대,1.87,202,5,2670000,13350000
2024-10-28,Mon,0,2TV,15:00-18:00,생활정보,생활의 발견,30-40대,1.45,144,5,1820000,9100000
2024-10-28,Mon,0,1TV,18:00-21:00,뉴스,메인뉴스 9,전체가구,5.21,569,9,8640000,77760000
2024-10-28,Mon,0,2TV,18:00-21:00,뉴스,메인뉴스 9,전체가구,3.97,480,9,5870000,52830000
2024-10-28,Mon,0,1TV,21:00-24:00,드라마,월화수목 드라마,30-40대,4.48,485,6,7270000,43620000
2024-10-28,Mon,0,2TV,21:00-24:00,드라마,월화수목 드라마,30-40대,3.71,415,8,5010000,40080000
2024-10-29,Tue,0,1TV,06:00-09:00,뉴스,굿모닝 코리아,전체가구,2.03,195,6,2830000,16980000
2024-10-29,Tue,0,2TV,06:00-09:00,뉴스,굿모닝 코리아,전체가구,1.67,156,6,1960000,11760000
2024-10-29,Tue,0,1TV,09:00-12:00,시사교양,정보가 산다,40대 이상,1.61,162,6,2130000,12780000
2024-10-29,Tue,0,2TV,09:00-12:00,시사교양,정보가 산다,40대 이상,1.11,134,6,1420000,8520000
2024-10-29,Tue,0,1TV,12:00-15:00,드라마,오후의 드라마(재방),30-40대,1.71,204,6,2390000,14340000
2024-10-29,Tue,0,2TV,12:00-15:00,드라마,오후의 드라마(재방),30-40대,1.16,146,5,1590000,7950000
2024-10-29,Tue,0,1TV,15:00-18:00,생활정보,생활의 발견,30-40대,2.03,249,6,2740000,16440000
2024-10-29,Tue,0,2TV,15:00-18:00,생활정보,생활의 발견,30-40대,1.56,179,4,1850000,7400000
2024-10-29,Tue,0,1TV,18:00-21:00,뉴스,메인뉴스 9,전체가구,5.61,547,7,8820000,61740000
2024-10-29,Tue,0,2TV,18:00-21:00,뉴스,메인뉴스 9,전체가구,4.24,550,7,5950000,41650000
2024-10-29,Tue,0,1TV,21:00-24:00,드라마,월화수목 드라마,30-40대,4.79,491,7,7410000,51870000
2024-10-29,Tue,0,2TV,21:00-24:00,드라마,월화수목 드라마,30-40대,3.03,346,8,4810000,38480000
2024-10-30,Wed,0,1TV,06:00-09:00,뉴스,굿모닝 코리아,전체가구,2.03,171,5,2830000,14150000
2024-10-30,Wed,0,2TV,06:00-09:00,뉴스,굿모닝 코리아,전체가구,1.78,247,5,1990000,9950000
2024-10-30,Wed,0,1TV,09:00-12:00,시사교양,정보가 산다,40대 이상,1.72,164,6,2170000,13020000
2024-10-30,Wed,0,2TV,09:00-12:00,시사교양,정보가 산다,40대 이상,1.34,154,6,1470000,8820000
2024-10-30,Wed,0,1TV,12:00-15:00,드라마,오후의 드라마(재방),30-40대,1.71,164,5,2390000,11950000
2024-10-30,Wed,0,2TV,12:00-15:00,드라마,오후의 드라마(재방),30-40대,1.3,112,5,1620000,8100000
2024-10-30,Wed,0,1TV,15:00-18:00,생활정보,생활의 발견,30-40대,1.71,155,5,2610000,13050000
2024-10-30,Wed,0,2TV,15:00-18:00,생활정보,생활의 발견,30-40대,1.64,135,4,1870000,7480000
2024-10-30,Wed,0,1TV,18:00-21:00,뉴스,메인뉴스 9,전체가구,5.33,512,7,8700000,60900000
2024-10-30,Wed,0,2TV,18:00-21:00,뉴스,메인뉴스 9,전체가구,4.12,380,9,5910000,53190000
2024-10-30,Wed,0,1TV,21:00-24:00,드라마,월화수목 드라마,30-40대,3.73,374,8,6930000,55440000
2024-10-30,Wed,0,2TV,21:00-24:00,드라마,월화수목 드라마,30-40대,3.04,287,6,4810000,28860000
2024-10-31,Thu,0,1TV,06:00-09:00,뉴스,굿모닝 코리아,전체가구,2.23,214,7,2900000,20300000
2024-10-31,Thu,0,2TV,06:00-09:00,뉴스,굿모닝 코리아,전체가구,1.5,122,7,1920000,13440000
2024-10-31,Thu,0,1TV,09:00-12:00,시사교양,정보가 산다,40대 이상,1.44,185,6,2070000,12420000
2024-10-31,Thu,0,2TV,09:00-12:00,시사교양,정보가 산다,40대 이상,1.21,166,5,1440000,7200000
2024-10-31,Thu,0,1TV,12:00-15:00,드라마,오후의 드라마(재방),30-40대,1.81,251,5,2430000,12150000
2024-10-31,Thu,0,2TV,12:00-15:00,드라마,오후의 드라마(재방),30-40대,1.2,125,4,1600000,6400000
2024-10-31,Thu,0,1TV,15:00-18:00,생활정보,생활의 발견,30-40대,1.73,156,4,2620000,10480000
2024-10-31,Thu,0,2TV,15:00-18:00,생활정보,생활의 발견,30-40대,1.22,147,5,1770000,8850000
2024-10-31,Thu,0,1TV,18:00-21:00,뉴스,메인뉴스 9,전체가구,5.41,558,7,8730000,61110000
2024-10-31,Thu,0,2TV,18:00-21:00,뉴스,메인뉴스 9,전체가구,4.31,450,8,5970000,47760000
2024-10-31,Thu,0,1TV,21:00-24:00,드라마,월화수목 드라마,30-40대,4.69,483,8,7360000,58880000
2024-10-31,Thu,0,2TV,21:00-24:00,드라마,월화수목 드라마,30-40대,2.78,350,6,4740000,28440000
2024-11-01,Fri,0,1TV,06:00-09:00,뉴스,굿모닝 코리아,전체가구,2.18,278,7,2880000,20160000
2024-11-01,Fri,0,2TV,06:00-09:00,뉴스,굿모닝 코리아,전체가구,1.39,154,6,1900000,11400000
2024-11-01,Fri,0,1TV,09:00-12:00,시사교양,정보가 산다,40대 이상,1.62,166,7,2130000,14910000
2024-11-01,Fri,0,2TV,09:00-12:00,시사교양,정보가 산다,40대 이상,1.29,156,5,1460000,7300000
2024-11-01,Fri,0,1TV,12:00-15:00,드라마,오후의 드라마(재방),30-40대,1.6,158,5,2350000,11750000
2024-11-01,Fri,0,2TV,12:00-15:00,드라마,오후의 드라마(재방),30-40대,1.38,185,5,1640000,8200000
2024-11-01,Fri,0,1TV,15:00-18:00,생활정보,생활의 발견,30-40대,1.91,156,6,2690000,16140000
2024-11-01,Fri,0,2TV,15:00-18:00,생활정보,생활의 발견,30-40대,1.51,162,4,1840000,7360000
2024-11-01,Fri,0,1TV,18:00-21:00,뉴스,메인뉴스 9,전체가구,5.0,514,8,8550000,68400000
2024-11-01,Fri,0,2TV,18:00-21:00,뉴스,메인뉴스 9,전체가구,3.84,405,8,5830000,46640000
2024-11-01,Fri,0,1TV,21:00-24:00,드라마,월화수목 드라마,30-40대,4.02,410,7,7060000,49420000
2024-11-01,Fri,0,2TV,21:00-24:00,드라마,월화수목 드라마,30-40대,2.93,384,8,4780000,38240000
2024-11-02,Sat,1,1TV,06:00-09:00,뉴스,주말 아침뉴스,전체가구,2.21,203,5,2900000,14500000
2024-11-02,Sat,1,2TV,06:00-09:00,뉴스,주말 아침뉴스,전체가구,1.56,196,5,1930000,9650000
2024-11-02,Sat,1,1TV,09:00-12:00,다큐멘터리,세상 이야기,40대 이상,1.41,165,7,2060000,14420000
2024-11-02,Sat,1,2TV,09:00-12:00,다큐멘터리,세상 이야기,40대 이상,1.02,139,6,1390000,8340000
2024-11-02,Sat,1,1TV,12:00-15:00,스포츠,주말 스포츠 중계,전체가구,1.56,166,4,2340000,9360000
2024-11-02,Sat,1,2TV,12:00-15:00,스포츠,주말 스포츠 중계,전체가구,1.23,137,4,1610000,6440000
2024-11-02,Sat,1,1TV,15:00-18:00,예능,주말 예능 스페셜,20-30대,1.99,228,6,2720000,16320000
2024-11-02,Sat,1,2TV,15:00-18:00,예능,주말 예능 스페셜,20-30대,1.45,198,4,1820000,7280000
2024-11-02,Sat,1,1TV,18:00-21:00,예능,주말 버라이어티,20-30대,5.73,526,9,8880000,79920000
2024-11-02,Sat,1,2TV,18:00-21:00,예능,주말 버라이어티,20-30대,4.22,406,7,5940000,41580000
2024-11-02,Sat,1,1TV,21:00-24:00,영화,주말 특선영화,20-30대,4.74,537,7,7380000,51660000
2024-11-02,Sat,1,2TV,21:00-24:00,영화,주말 특선영화,20-30대,2.91,396,6,4780000,28680000
2024-11-03,Sun,1,1TV,06:00-09:00,뉴스,주말 아침뉴스,전체가구,2.07,187,6,2850000,17100000
2024-11-03,Sun,1,2TV,06:00-09:00,뉴스,주말 아침뉴스,전체가구,1.39,153,5,1900000,9500000
2024-11-03,Sun,1,1TV,09:00-12:00,다큐멘터리,세상 이야기,40대 이상,1.42,154,5,2060000,10300000
2024-11-03,Sun,1,2TV,09:00-12:00,다큐멘터리,세상 이야기,40대 이상,1.21,123,6,1440000,8640000
2024-11-03,Sun,1,1TV,12:00-15:00,스포츠,주말 스포츠 중계,전체가구,1.72,211,6,2400000,14400000
2024-11-03,Sun,1,2TV,12:00-15:00,스포츠,주말 스포츠 중계,전체가구,1.35,169,4,1640000,6560000
2024-11-03,Sun,1,1TV,15:00-18:00,예능,주말 예능 스페셜,20-30대,1.71,166,6,2610000,15660000
2024-11-03,Sun,1,2TV,15:00-18:00,예능,주말 예능 스페셜,20-30대,1.51,157,6,1840000,11040000
2024-11-03,Sun,1,1TV,18:00-21:00,예능,주말 버라이어티,20-30대,5.85,632,9,8930000,80370000
2024-11-03,Sun,1,2TV,18:00-21:00,예능,주말 버라이어티,20-30대,3.73,434,9,5800000,52200000
2024-11-03,Sun,1,1TV,21:00-24:00,영화,주말 특선영화,20-30대,4.24,403,7,7160000,50120000
2024-11-03,Sun,1,2TV,21:00-24:00,영화,주말 특선영화,20-30대,3.6,315,6,4980000,29880000
2024-11-04,Mon,0,1TV,06:00-09:00,뉴스,굿모닝 코리아,전체가구,2.25,230,6,2910000,17460000
2024-11-04,Mon,0,2TV,06:00-09:00,뉴스,굿모닝 코리아,전체가구,1.82,187,6,2000000,12000000
2024-11-04,Mon,0,1TV,09:00-12:00,시사교양,정보가 산다,40대 이상,1.48,136,5,2080000,10400000
2024-11-04,Mon,0,2TV,09:00-12:00,시사교양,정보가 산다,40대 이상,1.27,159,6,1450000,8700000
2024-11-04,Mon,0,1TV,12:00-15:00,드라마,오후의 드라마(재방),30-40대,1.9,237,6,2460000,14760000
2024-11-04,Mon,0,2TV,12:00-15:00,드라마,오후의 드라마(재방),30-40대,1.26,112,4,1620000,6480000
2024-11-04,Mon,0,1TV,15:00-18:00,생활정보,생활의 발견,30-40대,1.78,185,6,2640000,15840000
2024-11-04,Mon,0,2TV,15:00-18:00,생활정보,생활의 발견,30-40대,1.59,171,5,1860000,9300000
2024-11-04,Mon,0,1TV,18:00-21:00,뉴스,메인뉴스 9,전체가구,4.84,429,9,8480000,76320000
2024-11-04,Mon,0,2TV,18:00-21:00,뉴스,메인뉴스 9,전체가구,3.66,304,8,5780000,46240000
2024-11-04,Mon,0,1TV,21:00-24:00,드라마,월화수목 드라마,30-40대,4.87,644,6,7440000,44640000
2024-11-04,Mon,0,2TV,21:00-24:00,드라마,월화수목 드라마,30-40대,3.11,344,7,4830000,32720063
2024-11-05,Tue,0,1TV,06:00-09:00,뉴스,굿모닝 코리아,전체가구,2.41,203,6,2970000,17820000
2024-11-05,Tue,0,2TV,06:00-09:00,뉴스,굿모닝 코리아,전체가구,1.83,165,5,2000000,10000000
2024-11-05,Tue,0,1TV,09:00-12:00,시사교양,정보가 산다,40대 이상,1.67,161,5,2150000,10750000
2024-11-05,Tue,0,2TV,09:00-12:00,시사교양,정보가 산다,40대 이상,1.22,125,6,1440000,8640000
2024-11-05,Tue,0,1TV,12:00-15:00,드라마,오후의 드라마(재방),30-40대,1.9,204,6,2460000,14760000
2024-11-05,Tue,0,2TV,12:00-15:00,드라마,오후의 드라마(재방),30-40대,1.25,160,6,1610000,9660000
2024-11-05,Tue,0,1TV,15:00-18:00,생활정보,생활의 발견,30-40대,1.89,206,6,2680000,15171752
2024-11-05,Tue,0,2TV,15:00-18:00,생활정보,생활의 발견,30-40대,1.53,174,4,1840000,7360000
2024-11-05,Tue,0,1TV,18:00-21:00,뉴스,메인뉴스 9,전체가구,4.69,607,8,8410000,67280000
2024-11-05,Tue,0,2TV,18:00-21:00,뉴스,메인뉴스 9,전체가구,3.83,472,8,5830000,46640000
2024-11-05,Tue,0,1TV,21:00-24:00,드라마,월화수목 드라마,30-40대,4.71,432,8,7370000,58960000
2024-11-05,Tue,0,2TV,21:00-24:00,드라마,월화수목 드라마,30-40대,3.15,260,7,4850000,29399106
2024-11-06,Wed,0,1TV,06:00-09:00,뉴스,굿모닝 코리아,전체가구,2.13,195,5,2870000,14350000
2024-11-06,Wed,0,2TV,06:00-09:00,뉴스,굿모닝 코리아,전체가구,1.66,231,5,1960000,8407884
2024-11-06,Wed,0,1TV,09:00-12:00,시사교양,정보가 산다,40대 이상,1.74,167,6,2180000,13080000
2024-11-06,Wed,0,2TV,09:00-12:00,시사교양,정보가 산다,40대 이상,1.07,144,5,1410000,7050000
2024-11-06,Wed,0,1TV,12:00-15:00,드라마,오후의 드라마(재방),30-40대,1.74,148,5,2400000,12000000
2024-11-06,Wed,0,2TV,12:00-15:00,드라마,오후의 드라마(재방),30-40대,1.24,153,5,1610000,8050000
2024-11-06,Wed,0,1TV,15:00-18:00,생활정보,생활의 발견,30-40대,2.18,208,6,2790000,16740000
2024-11-06,Wed,0,2TV,15:00-18:00,생활정보,생활의 발견,30-40대,1.6,199,6,1860000,11160000
2024-11-06,Wed,0,1TV,18:00-21:00,뉴스,메인뉴스 9,전체가구,5.28,634,9,8680000,78120000
2024-11-06,Wed,0,2TV,18:00-21:00,뉴스,메인뉴스 9,전체가구,4.11,528,7,5910000,41370000
2024-11-06,Wed,0,1TV,21:00-24:00,드라마,월화수목 드라마,30-40대,3.74,408,7,6930000,48510000
2024-11-06,Wed,0,2TV,21:00-24:00,드라마,월화수목 드라마,30-40대,3.06,423,7,4820000,33740000
2024-11-07,Thu,0,1TV,06:00-09:00,뉴스,굿모닝 코리아,전체가구,2.24,287,6,2910000,17460000
2024-11-07,Thu,0,2TV,06:00-09:00,뉴스,굿모닝 코리아,전체가구,1.45,135,5,1910000,9550000
2024-11-07,Thu,0,1TV,09:00-12:00,시사교양,정보가 산다,40대 이상,1.45,195,5,2070000,10350000
2024-11-07,Thu,0,2TV,09:00-12:00,시사교양,정보가 산다,40대 이상,1.17,123,6,1430000,8580000
2024-11-07,Thu,0,1TV,12:00-15:00,드라마,오후의 드라마(재방),30-40대,1.66,141,4,2370000,9480000
2024-11-07,Thu,0,2TV,12:00-15:00,드라마,오후의 드라마(재방),30-40대,1.47,176,5,1670000,8350000
2024-11-07,Thu,0,1TV,15:00-18:00,생활정보,생활의 발견,30-40대,1.66,173,5,2590000,12950000
2024-11-07,Thu,0,2TV,15:00-18:00,생활정보,생활의 발견,30-40대,1.42,116,5,1820000,9100000
2024-11-07,Thu,0,1TV,18:00-21:00,뉴스,메인뉴스 9,전체가구,4.82,640,8,8470000,67760000
2024-11-07,Thu,0,2TV,18:00-21:00,뉴스,메인뉴스 9,전체가구,3.78,351,8,5810000,46480000
2024-11-07,Thu,0,1TV,21:00-24:00,드라마,월화수목 드라마,30-40대,4.08,476,6,7090000,42540000
2024-11-07,Thu,0,2TV,21:00-24:00,드라마,월화수목 드라마,30-40대,3.35,387,6,4900000,29400000
2024-11-08,Fri,0,1TV,06:00-09:00,뉴스,굿모닝 코리아,전체가구,1.91,237,5,2790000,13950000
2024-11-08,Fri,0,2TV,06:00-09:00,뉴스,굿모닝 코리아,전체가구,1.62,139,7,1950000,13650000
2024-11-08,Fri,0,1TV,09:00-12:00,시사교양,정보가 산다,40대 이상,1.8,144,5,2200000,9734678
2024-11-08,Fri,0,2TV,09:00-12:00,시사교양,정보가 산다,40대 이상,1.29,156,7,1460000,10220000
2024-11-08,Fri,0,1TV,12:00-15:00,드라마,오후의 드라마(재방),30-40대,1.78,147,5,2420000,12100000
2024-11-08,Fri,0,2TV,12:00-15:00,드라마,오후의 드라마(재방),30-40대,1.12,129,4,1580000,6320000
2024-11-08,Fri,0,1TV,15:00-18:00,생활정보,생활의 발견,30-40대,2.1,192,4,2760000,11040000
2024-11-08,Fri,0,2TV,15:00-18:00,생활정보,생활의 발견,30-40대,1.57,172,5,1850000,9250000
2024-11-08,Fri,0,1TV,18:00-21:00,뉴스,메인뉴스 9,전체가구,5.41,604,9,8730000,78570000
2024-11-08,Fri,0,2TV,18:00-21:00,뉴스,메인뉴스 9,전체가구,3.39,394,8,5700000,45600000
2024-11-08,Fri,0,1TV,21:00-24:00,드라마,월화수목 드라마,30-40대,4.72,523,7,7370000,51590000
2024-11-08,Fri,0,2TV,21:00-24:00,드라마,월화수목 드라마,30-40대,3.43,281,7,4930000,34510000
2024-11-09,Sat,1,1TV,06:00-09:00,뉴스,주말 아침뉴스,전체가구,2.31,297,6,2930000,17580000
2024-11-09,Sat,1,2TV,06:00-09:00,뉴스,주말 아침뉴스,전체가구,1.53,182,6,1930000,11580000
2024-11-09,Sat,1,1TV,09:00-12:00,다큐멘터리,세상 이야기,40대 이상,1.77,226,6,2190000,13140000
2024-11-09,Sat,1,2TV,09:00-12:00,다큐멘터리,세상 이야기,40대 이상,1.07,115,7,1410000,9870000
2024-11-09,Sat,1,1TV,12:00-15:00,스포츠,주말 스포츠 중계,전체가구,1.52,175,4,2320000,9280000
2024-11-09,Sat,1,2TV,12:00-15:00,스포츠,주말 스포츠 중계,전체가구,1.49,130,6,1670000,10020000
2024-11-09,Sat,1,1TV,15:00-18:00,예능,주말 예능 스페셜,20-30대,2.07,251,6,2750000,16500000
2024-11-09,Sat,1,2TV,15:00-18:00,예능,주말 예능 스페셜,20-30대,1.42,149,6,1820000,10920000
2024-11-09,Sat,1,1TV,18:00-21:00,예능,주말 버라이어티,20-30대,5.5,681,8,8780000,70240000
2024-11-09,Sat,1,2TV,18:00-21:00,예능,주말 버라이어티,20-30대,3.56,386,7,5750000,40250000
2024-11-09,Sat,1,1TV,21:00-24:00,영화,주말 특선영화,20-30대,4.21,424,6,7140000,40799450
2024-11-09,Sat,1,2TV,21:00-24:00,영화,주말 특선영화,20-30대,3.01,274,7,4800000,33600000
2024-11-10,Sun,1,1TV,06:00-09:00,뉴스,주말 아침뉴스,전체가구,2.48,315,6,2990000,17940000
2024-11-10,Sun,1,2TV,06:00-09:00,뉴스,주말 아침뉴스,전체가구,1.78,222,7,1990000,13930000
2024-11-10,Sun,1,1TV,09:00-12:00,다큐멘터리,세상 이야기,40대 이상,1.48,200,7,2080000,14560000
2024-11-10,Sun,1,2TV,09:00-12:00,다큐멘터리,세상 이야기,40대 이상,1.06,140,5,1400000,7000000
2024-11-10,Sun,1,1TV,12:00-15:00,스포츠,주말 스포츠 중계,전체가구,1.7,186,5,2390000,11950000
2024-11-10,Sun,1,2TV,12:00-15:00,스포츠,주말 스포츠 중계,전체가구,1.45,137,6,1660000,9960000
2024-11-10,Sun,1,1TV,15:00-18:00,예능,주말 예능 스페셜,20-30대,1.79,165,4,2640000,10560000
2024-11-10,Sun,1,2TV,15:00-18:00,예능,주말 예능 스페셜,20-30대,1.55,183,6,1850000,11100000
2024-11-10,Sun,1,1TV,18:00-21:00,예능,주말 버라이어티,20-30대,5.41,542,7,8730000,61110000
2024-11-10,Sun,1,2TV,18:00-21:00,예능,주말 버라이어티,20-30대,4.28,471,7,5960000,41720000
2024-11-10,Sun,1,1TV,21:00-24:00,영화,주말 특선영화,20-30대,4.59,603,8,7320000,58560000
2024-11-10,Sun,1,2TV,21:00-24:00,영화,주말 특선영화,20-30대,3.28,437,8,4880000,39040000
2024-11-11,Mon,0,1TV,06:00-09:00,뉴스,굿모닝 코리아,전체가구,2.25,239,7,2910000,20370000
2024-11-11,Mon,0,2TV,06:00-09:00,뉴스,굿모닝 코리아,전체가구,1.6,197,7,1940000,13580000
2024-11-11,Mon,0,1TV,09:00-12:00,시사교양,정보가 산다,40대 이상,1.8,193,6,2200000,13200000
2024-11-11,Mon,0,2TV,09:00-12:00,시사교양,정보가 산다,40대 이상,1.14,134,5,1420000,7100000
2024-11-11,Mon,0,1TV,12:00-15:00,드라마,오후의 드라마(재방),30-40대,1.94,263,6,2480000,14880000
2024-11-11,Mon,0,2TV,12:00-15:00,드라마,오후의 드라마(재방),30-40대,1.47,191,4,1670000,6680000
2024-11-11,Mon,0,1TV,15:00-18:00,생활정보,생활의 발견,30-40대,1.8,214,4,2650000,10600000
2024-11-11,Mon,0,2TV,15:00-18:00,생활정보,생활의 발견,30-40대,1.5,172,5,1840000,9200000
2024-11-11,Mon,0,1TV,18:00-21:00,뉴스,메인뉴스 9,전체가구,5.27,434,8,8670000,69360000
2024-11-11,Mon,0,2TV,18:00-21:00,뉴스,메인뉴스 9,전체가구,3.32,275,7,5680000,39760000
2024-11-11,Mon,0,1TV,21:00-24:00,드라마,월화수목 드라마,30-40대,4.06,523,8,7080000,56640000
2024-11-11,Mon,0,2TV,21:00-24:00,드라마,월화수목 드라마,30-40대,2.78,367,8,4740000,37920000
2024-11-12,Tue,0,1TV,06:00-09:00,뉴스,굿모닝 코리아,전체가구,2.27,223,7,2920000,20440000
2024-11-12,Tue,0,2TV,06:00-09:00,뉴스,굿모닝 코리아,전체가구,1.62,186,7,1950000,13650000
2024-11-12,Tue,0,1TV,09:00-12:00,시사교양,정보가 산다,40대 이상,1.47,128,5,2080000,10400000
2024-11-12,Tue,0,2TV,09:00-12:00,시사교양,정보가 산다,40대 이상,1.13,140,5,1420000,7100000
2024-11-12,Tue,0,1TV,12:00-15:00,드라마,오후의 드라마(재방),30-40대,1.58,191,4,2340000,9360000
2024-11-12,Tue,0,2TV,12:00-15:00,드라마,오후의 드라마(재방),30-40대,1.2,131,4,1600000,6400000
2024-11-12,Tue,0,1TV,15:00-18:00,생활정보,생활의 발견,30-40대,2.06,197,6,2750000,16500000
2024-11-12,Tue,0,2TV,15:00-18:00,생활정보,생활의 발견,30-40대,1.33,119,5,1800000,9000000
2024-11-12,Tue,0,1TV,18:00-21:00,뉴스,메인뉴스 9,전체가구,4.69,403,8,8410000,67280000
2024-11-12,Tue,0,2TV,18:00-21:00,뉴스,메인뉴스 9,전체가구,3.95,446,7,5860000,41020000
2024-11-12,Tue,0,1TV,21:00-24:00,드라마,월화수목 드라마,30-40대,3.9,340,6,7000000,42000000
2024-11-12,Tue,0,2TV,21:00-24:00,드라마,월화수목 드라마,30-40대,2.83,357,7,4750000,33250000
2024-11-13,Wed,0,1TV,06:00-09:00,뉴스,굿모닝 코리아,전체가구,1.92,206,5,2790000,13950000
2024-11-13,Wed,0,2TV,06:00-09:00,뉴스,굿모닝 코리아,전체가구,1.79,201,7,1990000,13930000
2024-11-13,Wed,0,1TV,09:00-12:00,시사교양,정보가 산다,40대 이상,1.64,159,5,2140000,10700000
2024-11-13,Wed,0,2TV,09:00-12:00,시사교양,정보가 산다,40대 이상,1.03,93,5,1400000,7000000
2024-11-13,Wed,0,1TV,12:00-15:00,드라마,오후의 드라마(재방),30-40대,1.61,131,6,2350000,14100000
2024-11-13,Wed,0,2TV,12:00-15:00,드라마,오후의 드라마(재방),30-40대,1.41,120,4,1650000,6600000
2024-11-13,Wed,0,1TV,15:00-18:00,생활정보,생활의 발견,30-40대,1.82,203,6,2650000,15900000
2024-11-13,Wed,0,2TV,15:00-18:00,생활정보,생활의 발견,30-40대,1.42,192,6,1820000,10920000
2024-11-13,Wed,0,1TV,18:00-21:00,뉴스,메인뉴스 9,전체가구,4.97,514,8,8540000,68320000
2024-11-13,Wed,0,2TV,18:00-21:00,뉴스,메인뉴스 9,전체가구,3.91,503,7,5850000,40950000
2024-11-13,Wed,0,1TV,21:00-24:00,드라마,월화수목 드라마,30-40대,4.51,492,8,7280000,58240000
2024-11-13,Wed,0,2TV,21:00-24:00,드라마,월화수목 드라마,30-40대,2.83,395,6,4750000,28500000
2024-11-14,Thu,0,1TV,06:00-09:00,뉴스,굿모닝 코리아,전체가구,2.46,312,7,2990000,20930000
2024-11-14,Thu,0,2TV,06:00-09:00,뉴스,굿모닝 코리아,전체가구,1.57,186,5,1940000,9700000
2024-11-14,Thu,0,1TV,09:00-12:00,시사교양,정보가 산다,40대 이상,1.35,123,7,2040000,14280000
2024-11-14,Thu,0,2TV,09:00-12:00,시사교양,정보가 산다,40대 이상,1.34,182,7,1470000,10290000
2024-11-14,Thu,0,1TV,12:00-15:00,드라마,오후의 드라마(재방),30-40대,1.87,150,5,2450000,12250000
2024-11-14,Thu,0,2TV,12:00-15:00,드라마,오후의 드라마(재방),30-40대,1.14,149,6,1590000,9540000
2024-11-14,Thu,0,1TV,15:00-18:00,생활정보,생활의 발견,30-40대,2.07,239,5,2750000,13750000
2024-11-14,Thu,0,2TV,15:00-18:00,생활정보,생활의 발견,30-40대,1.64,203,5,1870000,9350000
2024-11-14,Thu,0,1TV,18:00-21:00,뉴스,메인뉴스 9,전체가구,5.7,725,9,8860000,79740000
2024-11-14,Thu,0,2TV,18:00-21:00,뉴스,메인뉴스 9,전체가구,3.68,476,8,5790000,39964382
2024-11-14,Thu,0,1TV,21:00-24:00,드라마,월화수목 드라마,30-40대,4.92,590,6,7460000,44760000
2024-11-14,Thu,0,2TV,21:00-24:00,드라마,월화수목 드라마,30-40대,3.56,498,7,4970000,34790000
2024-11-15,Fri,0,1TV,06:00-09:00,뉴스,굿모닝 코리아,전체가구,2.11,178,7,2860000,20020000
2024-11-15,Fri,0,2TV,06:00-09:00,뉴스,굿모닝 코리아,전체가구,1.62,201,6,1950000,11322680
2024-11-15,Fri,0,1TV,09:00-12:00,시사교양,정보가 산다,40대 이상,1.48,182,5,2080000,10400000
2024-11-15,Fri,0,2TV,09:00-12:00,시사교양,정보가 산다,40대 이상,1.21,159,6,1440000,8640000
2024-11-15,Fri,0,1TV,12:00-15:00,드라마,오후의 드라마(재방),30-40대,1.99,251,5,2500000,12500000
2024-11-15,Fri,0,2TV,12:00-15:00,드라마,오후의 드라마(재방),30-40대,1.18,109,4,1600000,6400000
2024-11-15,Fri,0,1TV,15:00-18:00,생활정보,생활의 발견,30-40대,1.78,232,6,2640000,15840000
2024-11-15,Fri,0,2TV,15:00-18:00,생활정보,생활의 발견,30-40대,1.61,136,6,1860000,11160000
2024-11-15,Fri,0,1TV,18:00-21:00,뉴스,메인뉴스 9,전체가구,5.33,647,8,8700000,69600000
2024-11-15,Fri,0,2TV,18:00-21:00,뉴스,메인뉴스 9,전체가구,4.08,351,8,5900000,47200000
2024-11-15,Fri,0,1TV,21:00-24:00,드라마,월화수목 드라마,30-40대,3.75,507,7,6940000,48580000
2024-11-15,Fri,0,2TV,21:00-24:00,드라마,월화수목 드라마,30-40대,3.09,385,6,4830000,28980000
2024-11-16,Sat,1,1TV,06:00-09:00,뉴스,주말 아침뉴스,전체가구,2.46,284,5,2990000,14950000
2024-11-16,Sat,1,2TV,06:00-09:00,뉴스,주말 아침뉴스,전체가구,1.4,180,6,1900000,11400000
2024-11-16,Sat,1,1TV,09:00-12:00,다큐멘터리,세상 이야기,40대 이상,1.45,167,7,2070000,14490000
2024-11-16,Sat,1,2TV,09:00-12:00,다큐멘터리,세상 이야기,40대 이상,1.08,108,5,1410000,7050000
2024-11-16,Sat,1,1TV,12:00-15:00,스포츠,주말 스포츠 중계,전체가구,1.77,234,6,2410000,14460000
2024-11-16,Sat,1,2TV,12:00-15:00,스포츠,주말 스포츠 중계,전체가구,1.29,160,4,1620000,6480000
2024-11-16,Sat,1,1TV,15:00-18:00,예능,주말 예능 스페셜,20-30대,2.17,286,6,2790000,16740000
2024-11-16,Sat,1,2TV,15:00-18:00,예능,주말 예능 스페셜,20-30대,1.39,168,5,1810000,9050000
2024-11-16,Sat,1,1TV,18:00-21:00,예능,주말 버라이어티,20-30대,5.57,727,8,8810000,70480000
2024-11-16,Sat,1,2TV,18:00-21:00,예능,주말 버라이어티,20-30대,3.38,313,9,5700000,51300000
2024-11-16,Sat,1,1TV,21:00-24:00,영화,주말 특선영화,20-30대,4.77,465,6,7400000,44400000
2024-11-16,Sat,1,2TV,21:00-24:00,영화,주말 특선영화,20-30대,3.34,450,7,4900000,34300000
2024-11-17,Sun,1,1TV,06:00-09:00,뉴스,주말 아침뉴스,전체가구,2.25,300,7,2910000,20370000
2024-11-17,Sun,1,2TV,06:00-09:00,뉴스,주말 아침뉴스,전체가구,1.7,187,5,1970000,9850000
2024-11-17,Sun,1,1TV,09:00-12:00,다큐멘터리,세상 이야기,40대 이상,1.42,135,5,2060000,10300000
2024-11-17,Sun,1,2TV,09:00-12:00,다큐멘터리,세상 이야기,40대 이상,1.28,147,7,1460000,10220000
2024-11-17,Sun,1,1TV,12:00-15:00,스포츠,주말 스포츠 중계,전체가구,1.85,174,4,2440000,9760000
2024-11-17,Sun,1,2TV,12:00-15:00,스포츠,주말 스포츠 중계,전체가구,1.39,168,4,1650000,6600000
2024-11-17,Sun,1,1TV,15:00-18:00,예능,주말 예능 스페셜,20-30대,1.78,154,4,2640000,10560000
2024-11-17,Sun,1,2TV,15:00-18:00,예능,주말 예능 스페셜,20-30대,1.52,197,4,1840000,7360000
2024-11-17,Sun,1,1TV,18:00-21:00,예능,주말 버라이어티,20-30대,4.96,530,7,8530000,59710000
2024-11-17,Sun,1,2TV,18:00-21:00,예능,주말 버라이어티,20-30대,4.23,559,8,5950000,47600000
2024-11-17,Sun,1,1TV,21:00-24:00,영화,주말 특선영화,20-30대,4.18,465,7,7130000,49910000
2024-11-17,Sun,1,2TV,21:00-24:00,영화,주말 특선영화,20-30대,2.96,350,6,4790000,28740000
2024-11-18,Mon,0,1TV,06:00-09:00,뉴스,굿모닝 코리아,전체가구,1.97,236,7,2810000,19670000
2024-11-18,Mon,0,2TV,06:00-09:00,뉴스,굿모닝 코리아,전체가구,1.62,156,5,1950000,9750000
2024-11-18,Mon,0,1TV,09:00-12:00,시사교양,정보가 산다,40대 이상,1.53,137,5,2100000,10500000
2024-11-18,Mon,0,2TV,09:00-12:00,시사교양,정보가 산다,40대 이상,1.18,109,5,1430000,7150000
2024-11-18,Mon,0,1TV,12:00-15:00,드라마,오후의 드라마(재방),30-40대,1.55,150,5,2330000,11650000
2024-11-18,Mon,0,2TV,12:00-15:00,드라마,오후의 드라마(재방),30-40대,1.29,162,4,1620000,6480000
2024-11-18,Mon,0,1TV,15:00-18:00,생활정보,생활의 발견,30-40대,1.82,216,5,2650000,13250000
2024-11-18,Mon,0,2TV,15:00-18:00,생활정보,생활의 발견,30-40대,1.59,207,5,1860000,9300000
2024-11-18,Mon,0,1TV,18:00-21:00,뉴스,메인뉴스 9,전체가구,5.18,551,7,8630000,53047864
2024-11-18,Mon,0,2TV,18:00-21:00,뉴스,메인뉴스 9,전체가구,3.88,361,9,5840000,52560000
2024-11-18,Mon,0,1TV,21:00-24:00,드라마,월화수목 드라마,30-40대,4.9,424,8,7460000,59680000
2024-11-18,Mon,0,2TV,21:00-24:00,드라마,월화수목 드라마,30-40대,3.01,259,8,4800000,38400000
2024-11-19,Tue,0,1TV,06:00-09:00,뉴스,굿모닝 코리아,전체가구,2.04,213,5,2830000,14150000
2024-11-19,Tue,0,2TV,06:00-09:00,뉴스,굿모닝 코리아,전체가구,1.81,171,6,1990000,11940000
2024-11-19,Tue,0,1TV,09:00-12:00,시사교양,정보가 산다,40대 이상,1.44,198,7,2070000,14490000
2024-11-19,Tue,0,2TV,09:00-12:00,시사교양,정보가 산다,40대 이상,1.2,163,5,1440000,7200000
2024-11-19,Tue,0,1TV,12:00-15:00,드라마,오후의 드라마(재방),30-40대,1.98,159,4,2490000,9960000
2024-11-19,Tue,0,2TV,12:00-15:00,드라마,오후의 드라마(재방),30-40대,1.37,155,6,1640000,9840000
2024-11-19,Tue,0,1TV,15:00-18:00,생활정보,생활의 발견,30-40대,1.9,173,6,2690000,16140000
2024-11-19,Tue,0,2TV,15:00-18:00,생활정보,생활의 발견,30-40대,1.54,146,5,1850000,9250000
2024-11-19,Tue,0,1TV,18:00-21:00,뉴스,메인뉴스 9,전체가구,5.4,649,9,8730000,78570000
2024-11-19,Tue,0,2TV,18:00-21:00,뉴스,메인뉴스 9,전체가구,3.73,383,9,5800000,52200000
2024-11-19,Tue,0,1TV,21:00-24:00,드라마,월화수목 드라마,30-40대,4.0,331,7,7050000,49350000
2024-11-19,Tue,0,2TV,21:00-24:00,드라마,월화수목 드라마,30-40대,3.5,392,7,4950000,34650000
2024-11-20,Wed,0,1TV,06:00-09:00,뉴스,굿모닝 코리아,전체가구,2.46,199,5,2990000,14950000
2024-11-20,Wed,0,2TV,06:00-09:00,뉴스,굿모닝 코리아,전체가구,1.82,171,5,2000000,10000000
2024-11-20,Wed,0,1TV,09:00-12:00,시사교양,정보가 산다,40대 이상,1.52,212,5,2100000,10500000
2024-11-20,Wed,0,2TV,09:00-12:00,시사교양,정보가 산다,40대 이상,1.34,151,7,1470000,10290000
2024-11-20,Wed,0,1TV,12:00-15:00,드라마,오후의 드라마(재방),30-40대,1.86,173,4,2450000,8343757
2024-11-20,Wed,0,2TV,12:00-15:00,드라마,오후의 드라마(재방),30-40대,1.33,116,5,1630000,8150000
2024-11-20,Wed,0,1TV,15:00-18:00,생활정보,생활의 발견,30-40대,2.13,285,4,2770000,11080000
2024-11-20,Wed,0,2TV,15:00-18:00,생활정보,생활의 발견,30-40대,1.32,115,5,1790000,8950000
2024-11-20,Wed,0,1TV,18:00-21:00,뉴스,메인뉴스 9,전체가구,5.26,619,7,8670000,56604325
2024-11-20,Wed,0,2TV,18:00-21:00,뉴스,메인뉴스 9,전체가구,3.95,472,9,5860000,52740000
2024-11-20,Wed,0,1TV,21:00-24:00,드라마,월화수목 드라마,30-40대,4.89,535,6,7450000,44700000
2024-11-20,Wed,0,2TV,21:00-24:00,드라마,월화수목 드라마,30-40대,3.63,312,8,4990000,39920000
2024-11-21,Thu,0,1TV,06:00-09:00,뉴스,굿모닝 코리아,전체가구,2.44,236,6,2980000,17880000
2024-11-21,Thu,0,2TV,06:00-09:00,뉴스,굿모닝 코리아,전체가구,1.84,230,7,2000000,14000000
2024-11-21,Thu,0,1TV,09:00-12:00,시사교양,정보가 산다,40대 이상,1.34,115,7,2030000,14210000
2024-11-21,Thu,0,2TV,09:00-12:00,시사교양,정보가 산다,40대 이상,1.23,113,5,1440000,7200000
2024-11-21,Thu,0,1TV,12:00-15:00,드라마,오후의 드라마(재방),30-40대,1.5,136,4,2310000,9240000
2024-11-21,Thu,0,2TV,12:00-15:00,드라마,오후의 드라마(재방),30-40대,1.22,102,5,1610000,8050000
2024-11-21,Thu,0,1TV,15:00-18:00,생활정보,생활의 발견,30-40대,1.7,148,6,2610000,15660000
2024-11-21,Thu,0,2TV,15:00-18:00,생활정보,생활의 발견,30-40대,1.48,197,5,1830000,9150000
2024-11-21,Thu,0,1TV,18:00-21:00,뉴스,메인뉴스 9,전체가구,5.09,617,7,8590000,60130000
2024-11-21,Thu,0,2TV,18:00-21:00,뉴스,메인뉴스 9,전체가구,3.32,340,9,5680000,51120000
2024-11-21,Thu,0,1TV,21:00-24:00,드라마,월화수목 드라마,30-40대,4.78,503,6,7400000,44400000
2024-11-21,Thu,0,2TV,21:00-24:00,드라마,월화수목 드라마,30-40대,2.97,265,6,4790000,28740000
2024-11-22,Fri,0,1TV,06:00-09:00,뉴스,굿모닝 코리아,전체가구,2.29,206,7,2920000,20440000
2024-11-22,Fri,0,2TV,06:00-09:00,뉴스,굿모닝 코리아,전체가구,1.65,199,7,1960000,13720000
2024-11-22,Fri,0,1TV,09:00-12:00,시사교양,정보가 산다,40대 이상,1.75,243,6,2180000,13080000
2024-11-22,Fri,0,2TV,09:00-12:00,시사교양,정보가 산다,40대 이상,1.34,150,7,1470000,10290000
2024-11-22,Fri,0,1TV,12:00-15:00,드라마,오후의 드라마(재방),30-40대,1.71,154,5,2390000,11950000
2024-11-22,Fri,0,2TV,12:00-15:00,드라마,오후의 드라마(재방),30-40대,1.21,112,6,1600000,9600000
2024-11-22,Fri,0,1TV,15:00-18:00,생활정보,생활의 발견,30-40대,2.1,193,5,2760000,13800000
2024-11-22,Fri,0,2TV,15:00-18:00,생활정보,생활의 발견,30-40대,1.45,197,6,1820000,10920000
2024-11-22,Fri,0,1TV,18:00-21:00,뉴스,메인뉴스 9,전체가구,5.5,737,7,8780000,61460000
2024-11-22,Fri,0,2TV,18:00-21:00,뉴스,메인뉴스 9,전체가구,3.94,518,9,5860000,52740000
2024-11-22,Fri,0,1TV,21:00-24:00,드라마,월화수목 드라마,30-40대,4.86,558,8,7440000,59520000
2024-11-22,Fri,0,2TV,21:00-24:00,드라마,월화수목 드라마,30-40대,2.81,255,6,4750000,28500000
2024-11-23,Sat,1,1TV,06:00-09:00,뉴스,주말 아침뉴스,전체가구,2.0,166,7,2820000,19740000
2024-11-23,Sat,1,2TV,06:00-09:00,뉴스,주말 아침뉴스,전체가구,1.42,160,5,1900000,9500000
2024-11-23,Sat,1,1TV,09:00-12:00,다큐멘터리,세상 이야기,40대 이상,1.58,151,6,2120000,12720000
2024-11-23,Sat,1,2TV,09:00-12:00,다큐멘터리,세상 이야기,40대 이상,1.29,107,6,1460000,8760000
2024-11-23,Sat,1,1TV,12:00-15:00,스포츠,주말 스포츠 중계,전체가구,1.58,203,4,2340000,9360000
2024-11-23,Sat,1,2TV,12:00-15:00,스포츠,주말 스포츠 중계,전체가구,1.14,101,5,1590000,7950000
2024-11-23,Sat,1,1TV,15:00-18:00,예능,주말 예능 스페셜,20-30대,2.03,229,6,2740000,16440000
2024-11-23,Sat,1,2TV,15:00-18:00,예능,주말 예능 스페셜,20-30대,1.41,170,5,1820000,8570904
2024-11-23,Sat,1,1TV,18:00-21:00,예능,주말 버라이어티,20-30대,5.63,712,9,8830000,75270145
2024-11-23,Sat,1,2TV,18:00-21:00,예능,주말 버라이어티,20-30대,3.35,333,9,5690000,51210000
2024-11-23,Sat,1,1TV,21:00-24:00,영화,주말 특선영화,20-30대,4.44,377,6,7250000,43500000
2024-11-23,Sat,1,2TV,21:00-24:00,영화,주말 특선영화,20-30대,3.55,378,8,4960000,39680000
2024-11-24,Sun,1,1TV,06:00-09:00,뉴스,주말 아침뉴스,전체가구,1.88,222,7,2780000,16890755
2024-11-24,Sun,1,2TV,06:00-09:00,뉴스,주말 아침뉴스,전체가구,1.55,159,5,1930000,9650000
2024-11-24,Sun,1,1TV,09:00-12:00,다큐멘터리,세상 이야기,40대 이상,1.56,152,6,2110000,12660000
2024-11-24,Sun,1,2TV,09:00-12:00,다큐멘터리,세상 이야기,40대 이상,1.02,131,7,1390000,9730000
2024-11-24,Sun,1,1TV,12:00-15:00,스포츠,주말 스포츠 중계,전체가구,1.75,170,6,2410000,14460000
2024-11-24,Sun,1,2TV,12:00-15:00,스포츠,주말 스포츠 중계,전체가구,1.13,102,5,1580000,7900000
2024-11-24,Sun,1,1TV,15:00-18:00,예능,주말 예능 스페셜,20-30대,2.07,205,5,2750000,12404738
2024-11-24,Sun,1,2TV,15:00-18:00,예능,주말 예능 스페셜,20-30대,1.23,143,4,1770000,7080000
2024-11-24,Sun,1,1TV,18:00-21:00,예능,주말 버라이어티,20-30대,5.79,594,9,8910000,80190000
2024-11-24,Sun,1,2TV,18:00-21:00,예능,주말 버라이어티,20-30대,3.74,415,9,5800000,52200000
2024-11-24,Sun,1,1TV,21:00-24:00,영화,주말 특선영화,20-30대,4.17,364,7,7130000,49910000
2024-11-24,Sun,1,2TV,21:00-24:00,영화,주말 특선영화,20-30대,3.03,284,7,4810000,33670000
2024-11-25,Mon,0,1TV,06:00-09:00,뉴스,굿모닝 코리아,전체가구,1.87,184,5,2770000,13850000
2024-11-25,Mon,0,2TV,06:00-09:00,뉴스,굿모닝 코리아,전체가구,1.56,129,7,1930000,12245090
2024-11-25,Mon,0,1TV,09:00-12:00,시사교양,정보가 산다,40대 이상,1.51,143,7,2090000,14630000
2024-11-25,Mon,0,2TV,09:00-12:00,시사교양,정보가 산다,40대 이상,1.19,139,5,1430000,7150000
2024-11-25,Mon,0,1TV,12:00-15:00,드라마,오후의 드라마(재방),30-40대,1.87,257,6,2450000,14700000
2024-11-25,Mon,0,2TV,12:00-15:00,드라마,오후의 드라마(재방),30-40대,1.13,109,4,1580000,6320000
2024-11-25,Mon,0,1TV,15:00-18:00,생활정보,생활의 발견,30-40대,2.11,201,6,2770000,16620000
2024-11-25,Mon,0,2TV,15:00-18:00,생활정보,생활의 발견,30-40대,1.45,162,4,1820000,7280000
2024-11-25,Mon,0,1TV,18:00-21:00,뉴스,메인뉴스 9,전체가구,5.55,764,9,8800000,79200000
2024-11-25,Mon,0,2TV,18:00-21:00,뉴스,메인뉴스 9,전체가구,4.42,486,7,6000000,42000000
2024-11-25,Mon,0,1TV,21:00-24:00,드라마,월화수목 드라마,30-40대,4.17,525,8,7130000,57040000
2024-11-25,Mon,0,2TV,21:00-24:00,드라마,월화수목 드라마,30-40대,3.15,298,8,4850000,38800000
2024-11-26,Tue,0,1TV,06:00-09:00,뉴스,굿모닝 코리아,전체가구,2.29,268,6,2920000,17520000
2024-11-26,Tue,0,2TV,06:00-09:00,뉴스,굿모닝 코리아,전체가구,1.64,195,7,1950000,13650000
2024-11-26,Tue,0,1TV,09:00-12:00,시사교양,정보가 산다,40대 이상,1.51,135,5,2090000,10450000
2024-11-26,Tue,0,2TV,09:00-12:00,시사교양,정보가 산다,40대 이상,1.26,111,7,1450000,10150000
2024-11-26,Tue,0,1TV,12:00-15:00,드라마,오후의 드라마(재방),30-40대,1.74,162,5,2400000,12000000
2024-11-26,Tue,0,2TV,12:00-15:00,드라마,오후의 드라마(재방),30-40대,1.2,129,4,1600000,6400000
2024-11-26,Tue,0,1TV,15:00-18:00,생활정보,생활의 발견,30-40대,1.78,247,5,2640000,13200000
2024-11-26,Tue,0,2TV,15:00-18:00,생활정보,생활의 발견,30-40대,1.62,166,5,1870000,9350000
2024-11-26,Tue,0,1TV,18:00-21:00,뉴스,메인뉴스 9,전체가구,4.47,466,7,8310000,58170000
2024-11-26,Tue,0,2TV,18:00-21:00,뉴스,메인뉴스 9,전체가구,3.75,422,7,5810000,40670000
2024-11-26,Tue,0,1TV,21:00-24:00,드라마,월화수목 드라마,30-40대,4.92,663,6,7460000,44760000
2024-11-26,Tue,0,2TV,21:00-24:00,드라마,월화수목 드라마,30-40대,3.22,317,7,4870000,34090000
2024-11-27,Wed,0,1TV,06:00-09:00,뉴스,굿모닝 코리아,전체가구,2.17,299,7,2880000,20160000
2024-11-27,Wed,0,2TV,06:00-09:00,뉴스,굿모닝 코리아,전체가구,1.83,231,7,2000000,14000000
2024-11-27,Wed,0,1TV,09:00-12:00,시사교양,정보가 산다,40대 이상,1.43,174,7,2060000,14420000
2024-11-27,Wed,0,2TV,09:00-12:00,시사교양,정보가 산다,40대 이상,1.34,134,5,1470000,7350000
2024-11-27,Wed,0,1TV,12:00-15:00,드라마,오후의 드라마(재방),30-40대,1.9,159,6,2460000,14760000
2024-11-27,Wed,0,2TV,12:00-15:00,드라마,오후의 드라마(재방),30-40대,1.22,144,5,1610000,8050000
2024-11-27,Wed,0,1TV,15:00-18:00,생활정보,생활의 발견,30-40대,2.14,198,5,2780000,13900000
2024-11-27,Wed,0,2TV,15:00-18:00,생활정보,생활의 발견,30-40대,1.44,166,6,1820000,10920000
2024-11-27,Wed,0,1TV,18:00-21:00,뉴스,메인뉴스 9,전체가구,5.54,711,7,8790000,61530000
2024-11-27,Wed,0,2TV,18:00-21:00,뉴스,메인뉴스 9,전체가구,4.15,445,8,5920000,47360000
2024-11-27,Wed,0,1TV,21:00-24:00,드라마,월화수목 드라마,30-40대,4.69,528,8,7360000,58880000
2024-11-27,Wed,0,2TV,21:00-24:00,드라마,월화수목 드라마,30-40대,3.0,256,8,4800000,38400000
2024-11-28,Thu,0,1TV,06:00-09:00,뉴스,굿모닝 코리아,전체가구,1.98,207,6,2810000,16860000
2024-11-28,Thu,0,2TV,06:00-09:00,뉴스,굿모닝 코리아,전체가구,1.4,146,5,1900000,9500000
2024-11-28,Thu,0,1TV,09:00-12:00,시사교양,정보가 산다,40대 이상,1.77,239,7,2190000,15330000
2024-11-28,Thu,0,2TV,09:00-12:00,시사교양,정보가 산다,40대 이상,1.17,161,6,1430000,8580000
2024-11-28,Thu,0,1TV,12:00-15:00,드라마,오후의 드라마(재방),30-40대,1.97,259,6,2490000,14940000
2024-11-28,Thu,0,2TV,12:00-15:00,드라마,오후의 드라마(재방),30-40대,1.31,105,4,1630000,6520000
2024-11-28,Thu,0,1TV,15:00-18:00,생활정보,생활의 발견,30-40대,1.63,210,6,2580000,15480000
2024-11-28,Thu,0,2TV,15:00-18:00,생활정보,생활의 발견,30-40대,1.55,134,4,1850000,7400000
2024-11-28,Thu,0,1TV,18:00-21:00,뉴스,메인뉴스 9,전체가구,5.22,422,9,8650000,77850000
2024-11-28,Thu,0,2TV,18:00-21:00,뉴스,메인뉴스 9,전체가구,3.87,473,8,5840000,46720000
2024-11-28,Thu,0,1TV,21:00-24:00,드라마,월화수목 드라마,30-40대,4.74,549,8,7380000,59040000
2024-11-28,Thu,0,2TV,21:00-24:00,드라마,월화수목 드라마,30-40대,3.66,487,8,4990000,39920000
2024-11-29,Fri,0,1TV,06:00-09:00,뉴스,굿모닝 코리아,전체가구,2.07,264,5,2850000,14250000
2024-11-29,Fri,0,2TV,06:00-09:00,뉴스,굿모닝 코리아,전체가구,1.42,165,5,1900000,9500000
2024-11-29,Fri,0,1TV,09:00-12:00,시사교양,정보가 산다,40대 이상,1.62,185,5,2130000,10650000
2024-11-29,Fri,0,2TV,09:00-12:00,시사교양,정보가 산다,40대 이상,1.07,111,6,1410000,8460000
2024-11-29,Fri,0,1TV,12:00-15:00,드라마,오후의 드라마(재방),30-40대,1.48,131,5,2300000,11500000
2024-11-29,Fri,0,2TV,12:00-15:00,드라마,오후의 드라마(재방),30-40대,1.42,127,4,1650000,6600000
2024-11-29,Fri,0,1TV,15:00-18:00,생활정보,생활의 발견,30-40대,1.9,160,5,2690000,13450000
2024-11-29,Fri,0,2TV,15:00-18:00,생활정보,생활의 발견,30-40대,1.36,115,5,1800000,9000000
2024-11-29,Fri,0,1TV,18:00-21:00,뉴스,메인뉴스 9,전체가구,5.48,720,8,8770000,70160000
2024-11-29,Fri,0,2TV,18:00-21:00,뉴스,메인뉴스 9,전체가구,3.94,538,7,5860000,41020000
2024-11-29,Fri,0,1TV,21:00-24:00,드라마,월화수목 드라마,30-40대,4.48,568,7,7270000,50890000
2024-11-29,Fri,0,2TV,21:00-24:00,드라마,월화수목 드라마,30-40대,3.67,388,8,5000000,37329694
2024-11-30,Sat,1,1TV,06:00-09:00,뉴스,주말 아침뉴스,전체가구,1.91,168,5,2790000,13950000
2024-11-30,Sat,1,2TV,06:00-09:00,뉴스,주말 아침뉴스,전체가구,1.84,244,5,2000000,10000000
2024-11-30,Sat,1,1TV,09:00-12:00,다큐멘터리,세상 이야기,40대 이상,1.41,146,7,2060000,14420000
2024-11-30,Sat,1,2TV,09:00-12:00,다큐멘터리,세상 이야기,40대 이상,1.3,106,5,1460000,7300000
2024-11-30,Sat,1,1TV,12:00-15:00,스포츠,주말 스포츠 중계,전체가구,1.5,205,4,2310000,9240000
2024-11-30,Sat,1,2TV,12:00-15:00,스포츠,주말 스포츠 중계,전체가구,1.17,109,5,1590000,7950000
2024-11-30,Sat,1,1TV,15:00-18:00,예능,주말 예능 스페셜,20-30대,2.08,230,4,2750000,11000000
2024-11-30,Sat,1,2TV,15:00-18:00,예능,주말 예능 스페셜,20-30대,1.26,148,5,1780000,8900000
2024-11-30,Sat,1,1TV,18:00-21:00,예능,주말 버라이어티,20-30대,5.27,707,9,8670000,78030000
2024-11-30,Sat,1,2TV,18:00-21:00,예능,주말 버라이어티,20-30대,3.93,377,9,5860000,52740000
2024-11-30,Sat,1,1TV,21:00-24:00,영화,주말 특선영화,20-30대,3.82,375,8,6970000,50927681
2024-11-30,Sat,1,2TV,21:00-24:00,영화,주말 특선영화,20-30대,3.2,293,7,4860000,34020000
2024-12-01,Sun,1,1TV,06:00-09:00,뉴스,주말 아침뉴스,전체가구,2.39,322,7,2960000,20720000
2024-12-01,Sun,1,2TV,06:00-09:00,뉴스,주말 아침뉴스,전체가구,1.45,120,5,1910000,9550000
2024-12-01,Sun,1,1TV,09:00-12:00,다큐멘터리,세상 이야기,40대 이상,1.61,141,5,2130000,10650000
2024-12-01,Sun,1,2TV,09:00-12:00,다큐멘터리,세상 이야기,40대 이상,1.15,140,7,1430000,10010000
2024-12-01,Sun,1,1TV,12:00-15:00,스포츠,주말 스포츠 중계,전체가구,1.73,241,6,2400000,14400000
2024-12-01,Sun,1,2TV,12:00-15:00,스포츠,주말 스포츠 중계,전체가구,1.42,138,4,1650000,6600000
2024-12-01,Sun,1,1TV,15:00-18:00,예능,주말 예능 스페셜,20-30대,2.02,217,5,2730000,13650000
2024-12-01,Sun,1,2TV,15:00-18:00,예능,주말 예능 스페셜,20-30대,1.29,162,6,1790000,10740000
2024-12-01,Sun,1,1TV,18:00-21:00,예능,주말 버라이어티,20-30대,5.86,617,9,8940000,80460000
2024-12-01,Sun,1,2TV,18:00-21:00,예능,주말 버라이어티,20-30대,3.75,476,8,5810000,46480000
2024-12-01,Sun,1,1TV,21:00-24:00,영화,주말 특선영화,20-30대,4.49,564,8,7270000,58160000
2024-12-01,Sun,1,2TV,21:00-24:00,영화,주말 특선영화,20-30대,3.42,475,7,4920000,34440000
2024-12-02,Mon,0,1TV,06:00-09:00,뉴스,굿모닝 코리아,전체가구,2.17,193,6,2880000,17280000
2024-12-02,Mon,0,2TV,06:00-09:00,뉴스,굿모닝 코리아,전체가구,1.69,193,5,1970000,9850000
2024-12-02,Mon,0,1TV,09:00-12:00,시사교양,정보가 산다,40대 이상,1.37,111,7,2040000,14280000
2024-12-02,Mon,0,2TV,09:00-12:00,시사교양,정보가 산다,40대 이상,1.19,152,5,1430000,7150000
2024-12-02,Mon,0,1TV,12:00-15:00,드라마,오후의 드라마(재방),30-40대,1.93,167,4,2470000,9880000
2024-12-02,Mon,0,2TV,12:00-15:00,드라마,오후의 드라마(재방),30-40대,1.16,160,5,1590000,7950000
2024-12-02,Mon,0,1TV,15:00-18:00,생활정보,생활의 발견,30-40대,2.16,180,6,2780000,16680000
2024-12-02,Mon,0,2TV,15:00-18:00,생활정보,생활의 발견,30-40대,1.64,178,5,1870000,9350000
2024-12-02,Mon,0,1TV,18:00-21:00,뉴스,메인뉴스 9,전체가구,5.11,537,7,8600000,60200000
2024-12-02,Mon,0,2TV,18:00-21:00,뉴스,메인뉴스 9,전체가구,3.52,327,9,5740000,51660000
2024-12-02,Mon,0,1TV,21:00-24:00,드라마,월화수목 드라마,30-40대,4.6,512,6,7320000,43920000
2024-12-02,Mon,0,2TV,21:00-24:00,드라마,월화수목 드라마,30-40대,3.41,459,8,4920000,39360000
2024-12-03,Tue,0,1TV,06:00-09:00,뉴스,굿모닝 코리아,전체가구,2.44,215,7,2980000,20860000
2024-12-03,Tue,0,2TV,06:00-09:00,뉴스,굿모닝 코리아,전체가구,1.79,249,5,1990000,9950000
2024-12-03,Tue,0,1TV,09:00-12:00,시사교양,정보가 산다,40대 이상,1.76,234,5,2190000,10950000
2024-12-03,Tue,0,2TV,09:00-12:00,시사교양,정보가 산다,40대 이상,1.31,149,6,1460000,8760000
2024-12-03,Tue,0,1TV,12:00-15:00,드라마,오후의 드라마(재방),30-40대,1.75,229,4,2410000,9640000
2024-12-03,Tue,0,2TV,12:00-15:00,드라마,오후의 드라마(재방),30-40대,1.4,158,4,1650000,6600000
2024-12-03,Tue,0,1TV,15:00-18:00,생활정보,생활의 발견,30-40대,1.76,224,5,2630000,13150000
2024-12-03,Tue,0,2TV,15:00-18:00,생활정보,생활의 발견,30-40대,1.36,160,4,1800000,6536387
2024-12-03,Tue,0,1TV,18:00-21:00,뉴스,메인뉴스 9,전체가구,5.05,608,9,8570000,77130000
2024-12-03,Tue,0,2TV,18:00-21:00,뉴스,메인뉴스 9,전체가구,4.21,541,8,5940000,47520000
2024-12-03,Tue,0,1TV,21:00-24:00,드라마,월화수목 드라마,30-40대,4.93,616,7,7470000,52290000
2024-12-03,Tue,0,2TV,21:00-24:00,드라마,월화수목 드라마,30-40대,3.52,366,6,4950000,29700000
2024-12-04,Wed,0,1TV,06:00-09:00,뉴스,굿모닝 코리아,전체가구,2.34,231,7,2940000,20580000
2024-12-04,Wed,0,2TV,06:00-09:00,뉴스,굿모닝 코리아,전체가구,1.82,239,5,2000000,10000000
2024-12-04,Wed,0,1TV,09:00-12:00,시사교양,정보가 산다,40대 이상,1.42,114,7,2060000,14420000
2024-12-04,Wed,0,2TV,09:00-12:00,시사교양,정보가 산다,40대 이상,1.13,150,5,1420000,7100000
2024-12-04,Wed,0,1TV,12:00-15:00,드라마,오후의 드라마(재방),30-40대,1.52,211,5,2320000,11600000
2024-12-04,Wed,0,2TV,12:00-15:00,드라마,오후의 드라마(재방),30-40대,1.13,136,6,1580000,9480000
2024-12-04,Wed,0,1TV,15:00-18:00,생활정보,생활의 발견,30-40대,2.16,284,4,2780000,11120000
2024-12-04,Wed,0,2TV,15:00-18:00,생활정보,생활의 발견,30-40대,1.38,115,6,1810000,10860000
2024-12-04,Wed,0,1TV,18:00-21:00,뉴스,메인뉴스 9,전체가구,4.85,565,9,8480000,76320000
2024-12-04,Wed,0,2TV,18:00-21:00,뉴스,메인뉴스 9,전체가구,3.85,487,9,5840000,52560000
2024-12-04,Wed,0,1TV,21:00-24:00,드라마,월화수목 드라마,30-40대,4.79,656,8,7410000,59280000
2024-12-04,Wed,0,2TV,21:00-24:00,드라마,월화수목 드라마,30-40대,2.9,359,6,4770000,28620000
2024-12-05,Thu,0,1TV,06:00-09:00,뉴스,굿모닝 코리아,전체가구,2.0,267,6,2820000,16920000
2024-12-05,Thu,0,2TV,06:00-09:00,뉴스,굿모닝 코리아,전체가구,1.52,136,7,1930000,13510000
2024-12-05,Thu,0,1TV,09:00-12:00,시사교양,정보가 산다,40대 이상,1.73,214,6,2170000,13020000
2024-12-05,Thu,0,2TV,09:00-12:00,시사교양,정보가 산다,40대 이상,1.2,121,7,1440000,10080000
2024-12-05,Thu,0,1TV,12:00-15:00,드라마,오후의 드라마(재방),30-40대,1.85,203,6,2440000,14640000
2024-12-05,Thu,0,2TV,12:00-15:00,드라마,오후의 드라마(재방),30-40대,1.46,198,4,1660000,6640000
2024-12-05,Thu,0,1TV,15:00-18:00,생활정보,생활의 발견,30-40대,2.14,180,5,2780000,13377206
2024-12-05,Thu,0,2TV,15:00-18:00,생활정보,생활의 발견,30-40대,1.5,144,4,1840000,7360000
2024-12-05,Thu,0,1TV,18:00-21:00,뉴스,메인뉴스 9,전체가구,5.09,434,7,8590000,60130000
2024-12-05,Thu,0,2TV,18:00-21:00,뉴스,메인뉴스 9,전체가구,3.68,452,7,5790000,40530000
2024-12-05,Thu,0,1TV,21:00-24:00,드라마,월화수목 드라마,30-40대,4.84,504,7,7430000,52010000
2024-12-05,Thu,0,2TV,21:00-24:00,드라마,월화수목 드라마,30-40대,2.84,229,6,4760000,28560000
2024-12-06,Fri,0,1TV,06:00-09:00,뉴스,굿모닝 코리아,전체가구,1.88,169,6,2780000,16680000
2024-12-06,Fri,0,2TV,06:00-09:00,뉴스,굿모닝 코리아,전체가구,1.75,165,7,1980000,13860000
2024-12-06,Fri,0,1TV,09:00-12:00,시사교양,정보가 산다,40대 이상,1.46,158,7,2080000,14560000
2024-12-06,Fri,0,2TV,09:00-12:00,시사교양,정보가 산다,40대 이상,1.12,98,5,1420000,7100000
2024-12-06,Fri,0,1TV,12:00-15:00,드라마,오후의 드라마(재방),30-40대,1.92,216,5,2470000,12350000
2024-12-06,Fri,0,2TV,12:00-15:00,드라마,오후의 드라마(재방),30-40대,1.12,154,6,1580000,9480000
2024-12-06,Fri,0,1TV,15:00-18:00,생활정보,생활의 발견,30-40대,1.69,175,6,2610000,14847173
2024-12-06,Fri,0,2TV,15:00-18:00,생활정보,생활의 발견,30-40대,1.4,136,4,1810000,7240000
2024-12-06,Fri,0,1TV,18:00-21:00,뉴스,메인뉴스 9,전체가구,4.7,447,7,8420000,58940000
2024-12-06,Fri,0,2TV,18:00-21:00,뉴스,메인뉴스 9,전체가구,3.94,535,8,5860000,46880000
2024-12-06,Fri,0,1TV,21:00-24:00,드라마,월화수목 드라마,30-40대,4.3,476,6,7180000,43080000
2024-12-06,Fri,0,2TV,21:00-24:00,드라마,월화수목 드라마,30-40대,3.58,424,7,4970000,34790000
2024-12-07,Sat,1,1TV,06:00-09:00,뉴스,주말 아침뉴스,전체가구,2.21,287,5,2900000,14500000
2024-12-07,Sat,1,2TV,06:00-09:00,뉴스,주말 아침뉴스,전체가구,1.51,205,6,1920000,11520000
2024-12-07,Sat,1,1TV,09:00-12:00,다큐멘터리,세상 이야기,40대 이상,1.57,195,6,2120000,12720000
2024-12-07,Sat,1,2TV,09:00-12:00,다큐멘터리,세상 이야기,40대 이상,1.24,132,6,1450000,8700000
2024-12-07,Sat,1,1TV,12:00-15:00,스포츠,주말 스포츠 중계,전체가구,1.58,204,4,2340000,9360000
2024-12-07,Sat,1,2TV,12:00-15:00,스포츠,주말 스포츠 중계,전체가구,1.44,131,6,1660000,9960000
2024-12-07,Sat,1,1TV,15:00-18:00,예능,주말 예능 스페셜,20-30대,1.84,185,6,2660000,15960000
2024-12-07,Sat,1,2TV,15:00-18:00,예능,주말 예능 스페셜,20-30대,1.63,133,6,1870000,11220000
2024-12-07,Sat,1,1TV,18:00-21:00,예능,주말 버라이어티,20-30대,5.5,581,9,8780000,79020000
2024-12-07,Sat,1,2TV,18:00-21:00,예능,주말 버라이어티,20-30대,3.45,375,7,5720000,40040000
2024-12-07,Sat,1,1TV,21:00-24:00,영화,주말 특선영화,20-30대,4.86,458,7,7440000,52080000
2024-12-07,Sat,1,2TV,21:00-24:00,영화,주말 특선영화,20-30대,3.55,467,6,4960000,29760000
2024-12-08,Sun,1,1TV,06:00-09:00,뉴스,주말 아침뉴스,전체가구,1.83,206,5,2760000,13800000
2024-12-08,Sun,1,2TV,06:00-09:00,뉴스,주말 아침뉴스,전체가구,1.46,136,6,1910000,11460000
2024-12-08,Sun,1,1TV,09:00-12:00,다큐멘터리,세상 이야기,40대 이상,1.39,194,7,2050000,14350000
2024-12-08,Sun,1,2TV,09:00-12:00,다큐멘터리,세상 이야기,40대 이상,1.12,142,7,1420000,9940000
2024-12-08,Sun,1,1TV,12:00-15:00,스포츠,주말 스포츠 중계,전체가구,1.94,235,5,2480000,12400000
2024-12-08,Sun,1,2TV,12:00-15:00,스포츠,주말 스포츠 중계,전체가구,1.39,155,4,1650000,6600000
2024-12-08,Sun,1,1TV,15:00-18:00,예능,주말 예능 스페셜,20-30대,1.93,192,5,2700000,13500000
2024-12-08,Sun,1,2TV,15:00-18:00,예능,주말 예능 스페셜,20-30대,1.54,211,6,1850000,11100000
2024-12-08,Sun,1,1TV,18:00-21:00,예능,주말 버라이어티,20-30대,5.58,536,8,8810000,70480000
2024-12-08,Sun,1,2TV,18:00-21:00,예능,주말 버라이어티,20-30대,3.95,502,7,5860000,41020000
2024-12-08,Sun,1,1TV,21:00-24:00,영화,주말 특선영화,20-30대,3.82,516,7,6970000,48790000
2024-12-08,Sun,1,2TV,21:00-24:00,영화,주말 특선영화,20-30대,3.69,448,6,5000000,30000000
2024-12-09,Mon,0,1TV,06:00-09:00,뉴스,굿모닝 코리아,전체가구,2.17,301,7,2880000,20160000
2024-12-09,Mon,0,2TV,06:00-09:00,뉴스,굿모닝 코리아,전체가구,1.5,207,7,1920000,13440000
2024-12-09,Mon,0,1TV,09:00-12:00,시사교양,정보가 산다,40대 이상,1.72,172,7,2170000,15190000
2024-12-09,Mon,0,2TV,09:00-12:00,시사교양,정보가 산다,40대 이상,1.19,100,5,1430000,7150000
2024-12-09,Mon,0,1TV,12:00-15:00,드라마,오후의 드라마(재방),30-40대,1.69,191,5,2380000,11900000
2024-12-09,Mon,0,2TV,12:00-15:00,드라마,오후의 드라마(재방),30-40대,1.4,115,6,1650000,9900000
2024-12-09,Mon,0,1TV,15:00-18:00,생활정보,생활의 발견,30-40대,1.81,164,6,2650000,15900000
2024-12-09,Mon,0,2TV,15:00-18:00,생활정보,생활의 발견,30-40대,1.38,127,6,1810000,10860000
2024-12-09,Mon,0,1TV,18:00-21:00,뉴스,메인뉴스 9,전체가구,5.83,625,8,8920000,71360000
2024-12-09,Mon,0,2TV,18:00-21:00,뉴스,메인뉴스 9,전체가구,4.44,372,9,6010000,54090000
2024-12-09,Mon,0,1TV,21:00-24:00,드라마,월화수목 드라마,30-40대,4.25,496,7,7160000,50120000
2024-12-09,Mon,0,2TV,21:00-24:00,드라마,월화수목 드라마,30-40대,2.91,342,7,4780000,33460000
2024-12-10,Tue,0,1TV,06:00-09:00,뉴스,굿모닝 코리아,전체가구,2.29,204,5,2920000,14600000
2024-12-10,Tue,0,2TV,06:00-09:00,뉴스,굿모닝 코리아,전체가구,1.66,182,7,1960000,12721138
2024-12-10,Tue,0,1TV,09:00-12:00,시사교양,정보가 산다,40대 이상,1.46,163,6,2080000,12480000
2024-12-10,Tue,0,2TV,09:00-12:00,시사교양,정보가 산다,40대 이상,1.23,157,6,1440000,8640000
2024-12-10,Tue,0,1TV,12:00-15:00,드라마,오후의 드라마(재방),30-40대,1.6,131,5,2350000,11750000
2024-12-10,Tue,0,2TV,12:00-15:00,드라마,오후의 드라마(재방),30-40대,1.26,156,5,1620000,8100000
2024-12-10,Tue,0,1TV,15:00-18:00,생활정보,생활의 발견,30-40대,1.93,158,4,2700000,10800000
2024-12-10,Tue,0,2TV,15:00-18:00,생활정보,생활의 발견,30-40대,1.6,145,6,1860000,11160000
2024-12-10,Tue,0,1TV,18:00-21:00,뉴스,메인뉴스 9,전체가구,4.96,472,9,8530000,76770000
2024-12-10,Tue,0,2TV,18:00-21:00,뉴스,메인뉴스 9,전체가구,4.01,368,8,5880000,47040000
2024-12-10,Tue,0,1TV,21:00-24:00,드라마,월화수목 드라마,30-40대,4.44,405,6,7250000,43500000
2024-12-10,Tue,0,2TV,21:00-24:00,드라마,월화수목 드라마,30-40대,2.89,324,8,4770000,38160000
2024-12-11,Wed,0,1TV,06:00-09:00,뉴스,굿모닝 코리아,전체가구,2.33,302,5,2940000,14700000
2024-12-11,Wed,0,2TV,06:00-09:00,뉴스,굿모닝 코리아,전체가구,1.48,204,7,1920000,13440000
2024-12-11,Wed,0,1TV,09:00-12:00,시사교양,정보가 산다,40대 이상,1.47,132,5,2080000,10400000
2024-12-11,Wed,0,2TV,09:00-12:00,시사교양,정보가 산다,40대 이상,1.32,120,6,1470000,8820000
2024-12-11,Wed,0,1TV,12:00-15:00,드라마,오후의 드라마(재방),30-40대,1.94,176,5,2480000,12400000
2024-12-11,Wed,0,2TV,12:00-15:00,드라마,오후의 드라마(재방),30-40대,1.48,134,6,1670000,10020000
2024-12-11,Wed,0,1TV,15:00-18:00,생활정보,생활의 발견,30-40대,2.0,201,6,2720000,16320000
2024-12-11,Wed,0,2TV,15:00-18:00,생활정보,생활의 발견,30-40대,1.37,128,6,1810000,10860000
2024-12-11,Wed,0,1TV,18:00-21:00,뉴스,메인뉴스 9,전체가구,5.47,559,7,8760000,61320000
2024-12-11,Wed,0,2TV,18:00-21:00,뉴스,메인뉴스 9,전체가구,3.89,373,8,5850000,46800000
2024-12-11,Wed,0,1TV,21:00-24:00,드라마,월화수목 드라마,30-40대,4.37,354,7,7220000,50540000
2024-12-11,Wed,0,2TV,21:00-24:00,드라마,월화수목 드라마,30-40대,3.52,342,7,4950000,34650000
2024-12-12,Thu,0,1TV,06:00-09:00,뉴스,굿모닝 코리아,전체가구,1.95,229,5,2800000,14000000
2024-12-12,Thu,0,2TV,06:00-09:00,뉴스,굿모닝 코리아,전체가구,1.82,236,5,2000000,10000000
2024-12-12,Thu,0,1TV,09:00-12:00,시사교양,정보가 산다,40대 이상,1.36,148,6,2040000,12240000
2024-12-12,Thu,0,2TV,09:00-12:00,시사교양,정보가 산다,40대 이상,1.06,138,6,1400000,8400000
2024-12-12,Thu,0,1TV,12:00-15:00,드라마,오후의 드라마(재방),30-40대,1.6,132,5,2350000,11750000
2024-12-12,Thu,0,2TV,12:00-15:00,드라마,오후의 드라마(재방),30-40대,1.22,121,5,1610000,8050000
2024-12-12,Thu,0,1TV,15:00-18:00,생활정보,생활의 발견,30-40대,2.07,191,4,2750000,11000000
2024-12-12,Thu,0,2TV,15:00-18:00,생활정보,생활의 발견,30-40대,1.37,182,5,1810000,9050000
2024-12-12,Thu,0,1TV,18:00-21:00,뉴스,메인뉴스 9,전체가구,5.68,633,7,8860000,62020000
2024-12-12,Thu,0,2TV,18:00-21:00,뉴스,메인뉴스 9,전체가구,3.84,380,7,5830000,40810000
2024-12-12,Thu,0,1TV,21:00-24:00,드라마,월화수목 드라마,30-40대,3.99,522,8,7050000,56400000
2024-12-12,Thu,0,2TV,21:00-24:00,드라마,월화수목 드라마,30-40대,3.54,343,6,4960000,26559703
2024-12-13,Fri,0,1TV,06:00-09:00,뉴스,굿모닝 코리아,전체가구,2.12,248,5,2860000,14300000
2024-12-13,Fri,0,2TV,06:00-09:00,뉴스,굿모닝 코리아,전체가구,1.64,186,7,1950000,13650000
2024-12-13,Fri,0,1TV,09:00-12:00,시사교양,정보가 산다,40대 이상,1.37,149,6,2040000,12240000
2024-12-13,Fri,0,2TV,09:00-12:00,시사교양,정보가 산다,40대 이상,1.08,120,7,1410000,9870000
2024-12-13,Fri,0,1TV,12:00-15:00,드라마,오후의 드라마(재방),30-40대,1.64,147,4,2360000,9440000
2024-12-13,Fri,0,2TV,12:00-15:00,드라마,오후의 드라마(재방),30-40대,1.32,178,5,1630000,8150000
2024-12-13,Fri,0,1TV,15:00-18:00,생활정보,생활의 발견,30-40대,2.14,282,6,2780000,16680000
2024-12-13,Fri,0,2TV,15:00-18:00,생활정보,생활의 발견,30-40대,1.56,167,5,1850000,9250000
2024-12-13,Fri,0,1TV,18:00-21:00,뉴스,메인뉴스 9,전체가구,5.7,503,9,8860000,79740000
2024-12-13,Fri,0,2TV,18:00-21:00,뉴스,메인뉴스 9,전체가구,3.71,462,9,5790000,52110000
2024-12-13,Fri,0,1TV,21:00-24:00,드라마,월화수목 드라마,30-40대,4.46,553,7,7260000,50820000
2024-12-13,Fri,0,2TV,21:00-24:00,드라마,월화수목 드라마,30-40대,3.54,351,8,4960000,39680000
2024-12-14,Sat,1,1TV,06:00-09:00,뉴스,주말 아침뉴스,전체가구,2.01,221,6,2820000,16920000
2024-12-14,Sat,1,2TV,06:00-09:00,뉴스,주말 아침뉴스,전체가구,1.83,253,7,2000000,14000000
2024-12-14,Sat,1,1TV,09:00-12:00,다큐멘터리,세상 이야기,40대 이상,1.46,129,5,2080000,10400000
2024-12-14,Sat,1,2TV,09:00-12:00,다큐멘터리,세상 이야기,40대 이상,1.01,129,6,1390000,8340000
2024-12-14,Sat,1,1TV,12:00-15:00,스포츠,주말 스포츠 중계,전체가구,1.76,234,4,2410000,9640000
2024-12-14,Sat,1,2TV,12:00-15:00,스포츠,주말 스포츠 중계,전체가구,1.16,154,4,1590000,6360000
2024-12-14,Sat,1,1TV,15:00-18:00,예능,주말 예능 스페셜,20-30대,2.09,176,4,2760000,11040000
2024-12-14,Sat,1,2TV,15:00-18:00,예능,주말 예능 스페셜,20-30대,1.42,158,6,1820000,10920000
2024-12-14,Sat,1,1TV,18:00-21:00,예능,주말 버라이어티,20-30대,5.23,476,7,8650000,60550000
2024-12-14,Sat,1,2TV,18:00-21:00,예능,주말 버라이어티,20-30대,3.65,406,9,5780000,52020000
2024-12-14,Sat,1,1TV,21:00-24:00,영화,주말 특선영화,20-30대,4.4,615,7,7230000,50610000
2024-12-14,Sat,1,2TV,21:00-24:00,영화,주말 특선영화,20-30대,3.7,449,6,5010000,30060000
2024-12-15,Sun,1,1TV,06:00-09:00,뉴스,주말 아침뉴스,전체가구,2.4,306,7,2960000,20720000
2024-12-15,Sun,1,2TV,06:00-09:00,뉴스,주말 아침뉴스,전체가구,1.69,150,5,1970000,9850000
2024-12-15,Sun,1,1TV,09:00-12:00,다큐멘터리,세상 이야기,40대 이상,1.7,236,7,2160000,15120000
2024-12-15,Sun,1,2TV,09:00-12:00,다큐멘터리,세상 이야기,40대 이상,1.12,104,5,1420000,7100000
2024-12-15,Sun,1,1TV,12:00-15:00,스포츠,주말 스포츠 중계,전체가구,1.87,169,6,2450000,14700000
2024-12-15,Sun,1,2TV,12:00-15:00,스포츠,주말 스포츠 중계,전체가구,1.15,101,4,1590000,6360000
2024-12-15,Sun,1,1TV,15:00-18:00,예능,주말 예능 스페셜,20-30대,1.94,257,6,2700000,14362666
2024-12-15,Sun,1,2TV,15:00-18:00,예능,주말 예능 스페셜,20-30대,1.26,129,4,1780000,7120000
2024-12-15,Sun,1,1TV,18:00-21:00,예능,주말 버라이어티,20-30대,5.17,542,8,8630000,69040000
2024-12-15,Sun,1,2TV,18:00-21:00,예능,주말 버라이어티,20-30대,4.15,447,7,5920000,41440000
2024-12-15,Sun,1,1TV,21:00-24:00,영화,주말 특선영화,20-30대,4.63,483,8,7330000,58640000
2024-12-15,Sun,1,2TV,21:00-24:00,영화,주말 특선영화,20-30대,3.21,408,7,4860000,34020000
2024-12-16,Mon,0,1TV,06:00-09:00,뉴스,굿모닝 코리아,전체가구,2.03,253,6,2830000,16980000
2024-12-16,Mon,0,2TV,06:00-09:00,뉴스,굿모닝 코리아,전체가구,1.51,133,5,1920000,9600000
2024-12-16,Mon,0,1TV,09:00-12:00,시사교양,정보가 산다,40대 이상,1.75,174,7,2180000,15260000
2024-12-16,Mon,0,2TV,09:00-12:00,시사교양,정보가 산다,40대 이상,1.28,168,7,1460000,10220000
2024-12-16,Mon,0,1TV,12:00-15:00,드라마,오후의 드라마(재방),30-40대,1.92,217,6,2470000,14820000
2024-12-16,Mon,0,2TV,12:00-15:00,드라마,오후의 드라마(재방),30-40대,1.13,149,6,1580000,9480000
2024-12-16,Mon,0,1TV,15:00-18:00,생활정보,생활의 발견,30-40대,1.67,181,4,2600000,10400000
2024-12-16,Mon,0,2TV,15:00-18:00,생활정보,생활의 발견,30-40대,1.31,140,6,1790000,10740000
2024-12-16,Mon,0,1TV,18:00-21:00,뉴스,메인뉴스 9,전체가구,5.79,691,7,8910000,62370000
2024-12-16,Mon,0,2TV,18:00-21:00,뉴스,메인뉴스 9,전체가구,4.4,438,7,6000000,42000000
2024-12-16,Mon,0,1TV,21:00-24:00,드라마,월화수목 드라마,30-40대,4.87,655,6,7440000,44640000
2024-12-16,Mon,0,2TV,21:00-24:00,드라마,월화수목 드라마,30-40대,3.62,497,8,4980000,39840000
2024-12-17,Tue,0,1TV,06:00-09:00,뉴스,굿모닝 코리아,전체가구,2.03,266,5,2830000,14150000
2024-12-17,Tue,0,2TV,06:00-09:00,뉴스,굿모닝 코리아,전체가구,1.5,170,5,1920000,9600000
2024-12-17,Tue,0,1TV,09:00-12:00,시사교양,정보가 산다,40대 이상,1.46,149,5,2080000,10400000
2024-12-17,Tue,0,2TV,09:00-12:00,시사교양,정보가 산다,40대 이상,1.29,145,6,1460000,8760000
2024-12-17,Tue,0,1TV,12:00-15:00,드라마,오후의 드라마(재방),30-40대,1.61,169,5,2350000,11750000
2024-12-17,Tue,0,2TV,12:00-15:00,드라마,오후의 드라마(재방),30-40대,1.29,161,5,1620000,8100000
2024-12-17,Tue,0,1TV,15:00-18:00,생활정보,생활의 발견,30-40대,2.06,201,4,2750000,11000000
2024-12-17,Tue,0,2TV,15:00-18:00,생활정보,생활의 발견,30-40대,1.33,127,5,1800000,9000000
2024-12-17,Tue,0,1TV,18:00-21:00,뉴스,메인뉴스 9,전체가구,5.48,498,8,8770000,70160000
2024-12-17,Tue,0,2TV,18:00-21:00,뉴스,메인뉴스 9,전체가구,4.31,495,7,5970000,41790000
2024-12-17,Tue,0,1TV,21:00-24:00,드라마,월화수목 드라마,30-40대,3.86,325,6,6990000,41940000
2024-12-17,Tue,0,2TV,21:00-24:00,드라마,월화수목 드라마,30-40대,3.41,395,8,4920000,39360000
2024-12-18,Wed,0,1TV,06:00-09:00,뉴스,굿모닝 코리아,전체가구,2.28,212,7,2920000,20440000
2024-12-18,Wed,0,2TV,06:00-09:00,뉴스,굿모닝 코리아,전체가구,1.54,177,7,1930000,13510000
2024-12-18,Wed,0,1TV,09:00-12:00,시사교양,정보가 산다,40대 이상,1.55,136,5,2110000,10550000
2024-12-18,Wed,0,2TV,09:00-12:00,시사교양,정보가 산다,40대 이상,1.26,108,6,1450000,8700000
2024-12-18,Wed,0,1TV,12:00-15:00,드라마,오후의 드라마(재방),30-40대,1.86,245,6,2450000,14700000
2024-12-18,Wed,0,2TV,12:00-15:00,드라마,오후의 드라마(재방),30-40대,1.12,93,6,1580000,9480000
2024-12-18,Wed,0,1TV,15:00-18:00,생활정보,생활의 발견,30-40대,2.06,250,5,2750000,13750000
2024-12-18,Wed,0,2TV,15:00-18:00,생활정보,생활의 발견,30-40대,1.43,163,5,1820000,9100000
2024-12-18,Wed,0,1TV,18:00-21:00,뉴스,메인뉴스 9,전체가구,5.43,670,8,8740000,69920000
2024-12-18,Wed,0,2TV,18:00-21:00,뉴스,메인뉴스 9,전체가구,3.73,351,9,5800000,52200000
2024-12-18,Wed,0,1TV,21:00-24:00,드라마,월화수목 드라마,30-40대,3.71,483,6,6920000,41520000
2024-12-18,Wed,0,2TV,21:00-24:00,드라마,월화수목 드라마,30-40대,3.03,297,7,4810000,33670000
2024-12-19,Thu,0,1TV,06:00-09:00,뉴스,굿모닝 코리아,전체가구,2.34,307,7,2940000,20580000
2024-12-19,Thu,0,2TV,06:00-09:00,뉴스,굿모닝 코리아,전체가구,1.61,162,5,1950000,9750000
2024-12-19,Thu,0,1TV,09:00-12:00,시사교양,정보가 산다,40대 이상,1.71,195,5,2170000,9416778
2024-12-19,Thu,0,2TV,09:00-12:00,시사교양,정보가 산다,40대 이상,1.2,152,7,1440000,10080000
2024-12-19,Thu,0,1TV,12:00-15:00,드라마,오후의 드라마(재방),30-40대,1.84,221,4,2440000,9760000
2024-12-19,Thu,0,2TV,12:00-15:00,드라마,오후의 드라마(재방),30-40대,1.29,154,6,1620000,9720000
2024-12-19,Thu,0,1TV,15:00-18:00,생활정보,생활의 발견,30-40대,1.63,211,4,2580000,10320000
2024-12-19,Thu,0,2TV,15:00-18:00,생활정보,생활의 발견,30-40대,1.64,139,6,1870000,11220000
2024-12-19,Thu,0,1TV,18:00-21:00,뉴스,메인뉴스 9,전체가구,4.5,621,7,8320000,58240000
2024-12-19,Thu,0,2TV,18:00-21:00,뉴스,메인뉴스 9,전체가구,4.06,503,7,5900000,41300000
2024-12-19,Thu,0,1TV,21:00-24:00,드라마,월화수목 드라마,30-40대,3.78,458,8,6950000,55600000
2024-12-19,Thu,0,2TV,21:00-24:00,드라마,월화수목 드라마,30-40대,3.16,396,6,4850000,29100000
2024-12-20,Fri,0,1TV,06:00-09:00,뉴스,굿모닝 코리아,전체가구,2.2,274,5,2890000,14450000
2024-12-20,Fri,0,2TV,06:00-09:00,뉴스,굿모닝 코리아,전체가구,1.57,135,5,1940000,8963779
2024-12-20,Fri,0,1TV,09:00-12:00,시사교양,정보가 산다,40대 이상,1.32,116,6,2020000,12120000
2024-12-20,Fri,0,2TV,09:00-12:00,시사교양,정보가 산다,40대 이상,1.32,166,5,1470000,7350000
2024-12-20,Fri,0,1TV,12:00-15:00,드라마,오후의 드라마(재방),30-40대,1.77,219,4,2410000,9640000
2024-12-20,Fri,0,2TV,12:00-15:00,드라마,오후의 드라마(재방),30-40대,1.18,121,4,1600000,6400000
2024-12-20,Fri,0,1TV,15:00-18:00,생활정보,생활의 발견,30-40대,1.97,211,6,2710000,16260000
2024-12-20,Fri,0,2TV,15:00-18:00,생활정보,생활의 발견,30-40대,1.55,134,5,1850000,9250000
2024-12-20,Fri,0,1TV,18:00-21:00,뉴스,메인뉴스 9,전체가구,4.5,366,9,8320000,74880000
2024-12-20,Fri,0,2TV,18:00-21:00,뉴스,메인뉴스 9,전체가구,4.05,358,8,5890000,47120000
2024-12-20,Fri,0,1TV,21:00-24:00,드라마,월화수목 드라마,30-40대,4.37,435,6,7220000,43320000
2024-12-20,Fri,0,2TV,21:00-24:00,드라마,월화수목 드라마,30-40대,3.04,267,8,4810000,38480000
2024-12-21,Sat,1,1TV,06:00-09:00,뉴스,주말 아침뉴스,전체가구,2.36,330,6,2950000,17700000
2024-12-21,Sat,1,2TV,06:00-09:00,뉴스,주말 아침뉴스,전체가구,1.79,150,7,1990000,13930000
2024-12-21,Sat,1,1TV,09:00-12:00,다큐멘터리,세상 이야기,40대 이상,1.31,178,7,2020000,14140000
2024-12-21,Sat,1,2TV,09:00-12:00,다큐멘터리,세상 이야기,40대 이상,1.2,105,7,1440000,10080000
2024-12-21,Sat,1,1TV,12:00-15:00,스포츠,주말 스포츠 중계,전체가구,1.87,237,4,2450000,9800000
2024-12-21,Sat,1,2TV,12:00-15:00,스포츠,주말 스포츠 중계,전체가구,1.15,111,5,1590000,7950000
2024-12-21,Sat,1,1TV,15:00-18:00,예능,주말 예능 스페셜,20-30대,1.91,215,5,2690000,13450000
2024-12-21,Sat,1,2TV,15:00-18:00,예능,주말 예능 스페셜,20-30대,1.61,149,4,1860000,7440000
2024-12-21,Sat,1,1TV,18:00-21:00,예능,주말 버라이어티,20-30대,4.47,557,7,8310000,56355794
2024-12-21,Sat,1,2TV,18:00-21:00,예능,주말 버라이어티,20-30대,4.4,464,8,6000000,48000000
2024-12-21,Sat,1,1TV,21:00-24:00,영화,주말 특선영화,20-30대,4.24,481,7,7160000,50120000
2024-12-21,Sat,1,2TV,21:00-24:00,영화,주말 특선영화,20-30대,3.35,280,8,4900000,39200000
2024-12-22,Sun,1,1TV,06:00-09:00,뉴스,주말 아침뉴스,전체가구,1.87,197,7,2770000,17012479
2024-12-22,Sun,1,2TV,06:00-09:00,뉴스,주말 아침뉴스,전체가구,1.44,140,7,1910000,13370000
2024-12-22,Sun,1,1TV,09:00-12:00,다큐멘터리,세상 이야기,40대 이상,1.36,135,5,2040000,10200000
2024-12-22,Sun,1,2TV,09:00-12:00,다큐멘터리,세상 이야기,40대 이상,1.23,146,5,1440000,7200000
2024-12-22,Sun,1,1TV,12:00-15:00,스포츠,주말 스포츠 중계,전체가구,1.9,156,4,2460000,9840000
2024-12-22,Sun,1,2TV,12:00-15:00,스포츠,주말 스포츠 중계,전체가구,1.35,182,5,1640000,8200000
2024-12-22,Sun,1,1TV,15:00-18:00,예능,주말 예능 스페셜,20-30대,1.91,241,5,2690000,13450000
2024-12-22,Sun,1,2TV,15:00-18:00,예능,주말 예능 스페셜,20-30대,1.6,158,4,1860000,7440000
2024-12-22,Sun,1,1TV,18:00-21:00,예능,주말 버라이어티,20-30대,5.26,666,8,8670000,69360000
2024-12-22,Sun,1,2TV,18:00-21:00,예능,주말 버라이어티,20-30대,3.81,344,7,5820000,40740000
2024-12-22,Sun,1,1TV,21:00-24:00,영화,주말 특선영화,20-30대,4.71,415,7,7370000,51590000
2024-12-22,Sun,1,2TV,21:00-24:00,영화,주말 특선영화,20-30대,2.77,229,6,4730000,28380000
2024-12-23,Mon,0,1TV,06:00-09:00,뉴스,굿모닝 코리아,전체가구,2.32,257,5,2940000,14700000
2024-12-23,Mon,0,2TV,06:00-09:00,뉴스,굿모닝 코리아,전체가구,1.77,220,6,1980000,11880000
2024-12-23,Mon,0,1TV,09:00-12:00,시사교양,정보가 산다,40대 이상,1.35,140,5,2040000,10200000
2024-12-23,Mon,0,2TV,09:00-12:00,시사교양,정보가 산다,40대 이상,1.14,94,5,1420000,7100000
2024-12-23,Mon,0,1TV,12:00-15:00,드라마,오후의 드라마(재방),30-40대,1.87,225,5,2450000,12250000
2024-12-23,Mon,0,2TV,12:00-15:00,드라마,오후의 드라마(재방),30-40대,1.34,177,4,1630000,6520000
2024-12-23,Mon,0,1TV,15:00-18:00,생활정보,생활의 발견,30-40대,1.99,215,4,2720000,10880000
2024-12-23,Mon,0,2TV,15:00-18:00,생활정보,생활의 발견,30-40대,1.39,120,4,1810000,7240000
2024-12-23,Mon,0,1TV,18:00-21:00,뉴스,메인뉴스 9,전체가구,4.7,398,7,8420000,58940000
2024-12-23,Mon,0,2TV,18:00-21:00,뉴스,메인뉴스 9,전체가구,3.65,504,8,5780000,46240000
2024-12-23,Mon,0,1TV,21:00-24:00,드라마,월화수목 드라마,30-40대,3.88,404,6,7000000,42000000
2024-12-23,Mon,0,2TV,21:00-24:00,드라마,월화수목 드라마,30-40대,2.79,318,6,4740000,28440000
2024-12-24,Tue,0,1TV,06:00-09:00,뉴스,굿모닝 코리아,전체가구,2.36,285,6,2950000,17700000
2024-12-24,Tue,0,2TV,06:00-09:00,뉴스,굿모닝 코리아,전체가구,1.59,151,5,1940000,9700000
2024-12-24,Tue,0,1TV,09:00-12:00,시사교양,정보가 산다,40대 이상,1.56,156,7,2110000,14770000
2024-12-24,Tue,0,2TV,09:00-12:00,시사교양,정보가 산다,40대 이상,1.27,148,5,1450000,7250000
2024-12-24,Tue,0,1TV,12:00-15:00,드라마,오후의 드라마(재방),30-40대,1.92,204,5,2470000,12350000
2024-12-24,Tue,0,2TV,12:00-15:00,드라마,오후의 드라마(재방),30-40대,1.45,154,4,1660000,6640000
2024-12-24,Tue,0,1TV,15:00-18:00,생활정보,생활의 발견,30-40대,1.92,214,4,2690000,10760000
2024-12-24,Tue,0,2TV,15:00-18:00,생활정보,생활의 발견,30-40대,1.42,116,5,1820000,9100000
2024-12-24,Tue,0,1TV,18:00-21:00,뉴스,메인뉴스 9,전체가구,11.25,3800,7,11360000,79520000
2024-12-24,Tue,0,2TV,18:00-21:00,뉴스,메인뉴스 9,전체가구,3.37,389,9,5690000,51210000
2024-12-24,Tue,0,1TV,21:00-24:00,드라마,월화수목 드라마,30-40대,4.79,394,8,7410000,59280000
2024-12-24,Tue,0,2TV,21:00-24:00,드라마,월화수목 드라마,30-40대,3.33,375,8,4900000,39200000
2024-12-25,Wed,0,1TV,06:00-09:00,뉴스,굿모닝 코리아,전체가구,2.27,285,7,2920000,20440000
2024-12-25,Wed,0,2TV,06:00-09:00,뉴스,굿모닝 코리아,전체가구,1.51,121,5,1920000,9600000
2024-12-25,Wed,0,1TV,09:00-12:00,시사교양,정보가 산다,40대 이상,1.63,161,5,2140000,9878957
2024-12-25,Wed,0,2TV,09:00-12:00,시사교양,정보가 산다,40대 이상,1.17,150,6,1430000,8580000
2024-12-25,Wed,0,1TV,12:00-15:00,드라마,오후의 드라마(재방),30-40대,1.76,193,5,2410000,12050000
2024-12-25,Wed,0,2TV,12:00-15:00,드라마,오후의 드라마(재방),30-40대,1.31,144,4,1630000,6520000
2024-12-25,Wed,0,1TV,15:00-18:00,생활정보,생활의 발견,30-40대,1.71,197,6,2610000,15660000
2024-12-25,Wed,0,2TV,15:00-18:00,생활정보,생활의 발견,30-40대,1.39,161,6,1810000,10860000
2024-12-25,Wed,0,1TV,18:00-21:00,뉴스,메인뉴스 9,전체가구,4.98,513,7,8540000,59780000
2024-12-25,Wed,0,2TV,18:00-21:00,뉴스,메인뉴스 9,전체가구,3.88,532,8,5840000,46720000
2024-12-25,Wed,0,1TV,21:00-24:00,드라마,월화수목 드라마,30-40대,3.96,372,6,7030000,42180000
2024-12-25,Wed,0,2TV,21:00-24:00,드라마,월화수목 드라마,30-40대,3.19,296,8,4860000,38880000
2024-12-26,Thu,0,1TV,06:00-09:00,뉴스,굿모닝 코리아,전체가구,2.24,259,7,2910000,20370000
2024-12-26,Thu,0,2TV,06:00-09:00,뉴스,굿모닝 코리아,전체가구,1.44,168,5,1910000,9550000
2024-12-26,Thu,0,1TV,09:00-12:00,시사교양,정보가 산다,40대 이상,1.68,161,6,2160000,12960000
2024-12-26,Thu,0,2TV,09:00-12:00,시사교양,정보가 산다,40대 이상,1.33,118,5,1470000,7350000
2024-12-26,Thu,0,1TV,12:00-15:00,드라마,오후의 드라마(재방),30-40대,1.71,221,6,2390000,14340000
2024-12-26,Thu,0,2TV,12:00-15:00,드라마,오후의 드라마(재방),30-40대,1.15,120,4,1590000,6360000
2024-12-26,Thu,0,1TV,15:00-18:00,생활정보,생활의 발견,30-40대,1.96,231,6,2710000,16260000
2024-12-26,Thu,0,2TV,15:00-18:00,생활정보,생활의 발견,30-40대,1.26,171,6,1780000,10680000
2024-12-26,Thu,0,1TV,18:00-21:00,뉴스,메인뉴스 9,전체가구,5.57,524,9,8810000,79290000
2024-12-26,Thu,0,2TV,18:00-21:00,뉴스,메인뉴스 9,전체가구,4.03,446,9,5890000,53010000
2024-12-26,Thu,0,1TV,21:00-24:00,드라마,월화수목 드라마,30-40대,4.62,494,6,7330000,43980000
2024-12-26,Thu,0,2TV,21:00-24:00,드라마,월화수목 드라마,30-40대,2.84,303,6,4760000,28560000
2024-12-27,Fri,0,1TV,06:00-09:00,뉴스,굿모닝 코리아,전체가구,2.15,253,6,2870000,17220000
2024-12-27,Fri,0,2TV,06:00-09:00,뉴스,굿모닝 코리아,전체가구,1.63,210,5,1950000,9750000
2024-12-27,Fri,0,1TV,09:00-12:00,시사교양,정보가 산다,40대 이상,1.73,231,6,2170000,13020000
2024-12-27,Fri,0,2TV,09:00-12:00,시사교양,정보가 산다,40대 이상,1.05,92,6,1400000,8400000
2024-12-27,Fri,0,1TV,12:00-15:00,드라마,오후의 드라마(재방),30-40대,1.82,171,5,2430000,12150000
2024-12-27,Fri,0,2TV,12:00-15:00,드라마,오후의 드라마(재방),30-40대,1.25,170,6,1610000,9660000
2024-12-27,Fri,0,1TV,15:00-18:00,생활정보,생활의 발견,30-40대,2.05,196,4,2740000,10960000
2024-12-27,Fri,0,2TV,15:00-18:00,생활정보,생활의 발견,30-40대,1.35,162,4,1800000,7200000
2024-12-27,Fri,0,1TV,18:00-21:00,뉴스,메인뉴스 9,전체가구,4.93,420,9,8520000,76680000
2024-12-27,Fri,0,2TV,18:00-21:00,뉴스,메인뉴스 9,전체가구,4.21,506,7,5940000,41580000
2024-12-27,Fri,0,1TV,21:00-24:00,드라마,월화수목 드라마,30-40대,4.26,550,7,7170000,50190000
2024-12-27,Fri,0,2TV,21:00-24:00,드라마,월화수목 드라마,30-40대,3.35,353,8,4900000,39200000
2024-12-28,Sat,1,1TV,06:00-09:00,뉴스,주말 아침뉴스,전체가구,2.27,235,7,2920000,20440000
2024-12-28,Sat,1,2TV,06:00-09:00,뉴스,주말 아침뉴스,전체가구,1.61,190,6,1950000,10442916
2024-12-28,Sat,1,1TV,09:00-12:00,다큐멘터리,세상 이야기,40대 이상,1.63,156,5,2140000,10700000
2024-12-28,Sat,1,2TV,09:00-12:00,다큐멘터리,세상 이야기,40대 이상,1.14,115,5,1420000,7100000
2024-12-28,Sat,1,1TV,12:00-15:00,스포츠,주말 스포츠 중계,전체가구,1.73,164,5,2400000,12000000
2024-12-28,Sat,1,2TV,12:00-15:00,스포츠,주말 스포츠 중계,전체가구,1.45,176,6,1660000,9960000
2024-12-28,Sat,1,1TV,15:00-18:00,예능,주말 예능 스페셜,20-30대,2.0,202,5,2720000,13600000
2024-12-28,Sat,1,2TV,15:00-18:00,예능,주말 예능 스페셜,20-30대,1.58,189,6,1860000,11160000
2024-12-28,Sat,1,1TV,18:00-21:00,예능,주말 버라이어티,20-30대,4.79,396,9,8460000,76140000
2024-12-28,Sat,1,2TV,18:00-21:00,예능,주말 버라이어티,20-30대,4.14,402,9,5920000,53280000
2024-12-28,Sat,1,1TV,21:00-24:00,영화,주말 특선영화,20-30대,4.32,532,8,7190000,57520000
2024-12-28,Sat,1,2TV,21:00-24:00,영화,주말 특선영화,20-30대,3.02,334,6,4810000,28860000
2024-12-29,Sun,1,1TV,06:00-09:00,뉴스,주말 아침뉴스,전체가구,1.82,207,5,2760000,13800000
2024-12-29,Sun,1,2TV,06:00-09:00,뉴스,주말 아침뉴스,전체가구,1.46,199,7,1910000,13370000
2024-12-29,Sun,1,1TV,09:00-12:00,다큐멘터리,세상 이야기,40대 이상,1.68,175,7,2160000,15120000
2024-12-29,Sun,1,2TV,09:00-12:00,다큐멘터리,세상 이야기,40대 이상,0.99,137,5,1390000,6950000
2024-12-29,Sun,1,1TV,12:00-15:00,스포츠,주말 스포츠 중계,전체가구,1.65,201,4,2370000,9480000
2024-12-29,Sun,1,2TV,12:00-15:00,스포츠,주말 스포츠 중계,전체가구,1.45,128,5,1660000,8300000
2024-12-29,Sun,1,1TV,15:00-18:00,예능,주말 예능 스페셜,20-30대,1.68,234,6,2600000,15600000
2024-12-29,Sun,1,2TV,15:00-18:00,예능,주말 예능 스페셜,20-30대,1.46,154,6,1830000,10980000
2024-12-29,Sun,1,1TV,18:00-21:00,예능,주말 버라이어티,20-30대,4.48,378,7,8320000,58240000
2024-12-29,Sun,1,2TV,18:00-21:00,예능,주말 버라이어티,20-30대,4.2,519,8,5940000,47520000
2024-12-29,Sun,1,1TV,21:00-24:00,영화,주말 특선영화,20-30대,4.88,578,6,7450000,44700000
2024-12-29,Sun,1,2TV,21:00-24:00,영화,주말 특선영화,20-30대,3.61,444,6,4980000,29880000
2024-12-30,Mon,0,1TV,06:00-09:00,뉴스,굿모닝 코리아,전체가구,2.11,220,5,2860000,14300000
2024-12-30,Mon,0,2TV,06:00-09:00,뉴스,굿모닝 코리아,전체가구,1.86,154,6,2000000,12000000
2024-12-30,Mon,0,1TV,09:00-12:00,시사교양,정보가 산다,40대 이상,1.54,160,7,2100000,12787071
2024-12-30,Mon,0,2TV,09:00-12:00,시사교양,정보가 산다,40대 이상,1.31,127,6,1460000,8760000
2024-12-30,Mon,0,1TV,12:00-15:00,드라마,오후의 드라마(재방),30-40대,1.58,185,5,2340000,11700000
2024-12-30,Mon,0,2TV,12:00-15:00,드라마,오후의 드라마(재방),30-40대,1.12,103,5,1580000,7900000
2024-12-30,Mon,0,1TV,15:00-18:00,생활정보,생활의 발견,30-40대,2.03,213,4,2740000,10960000
2024-12-30,Mon,0,2TV,15:00-18:00,생활정보,생활의 발견,30-40대,1.53,205,6,1840000,11040000
2024-12-30,Mon,0,1TV,18:00-21:00,뉴스,메인뉴스 9,전체가구,5.13,626,9,8610000,77490000
2024-12-30,Mon,0,2TV,18:00-21:00,뉴스,메인뉴스 9,전체가구,4.2,495,9,5940000,53460000
2024-12-30,Mon,0,1TV,21:00-24:00,드라마,월화수목 드라마,30-40대,4.77,382,7,7400000,51800000
2024-12-30,Mon,0,2TV,21:00-24:00,드라마,월화수목 드라마,30-40대,3.3,283,6,4890000,29340000
2024-12-31,Tue,0,1TV,06:00-09:00,뉴스,굿모닝 코리아,전체가구,2.07,271,5,2850000,14250000
2024-12-31,Tue,0,2TV,06:00-09:00,뉴스,굿모닝 코리아,전체가구,1.79,210,6,1990000,11940000
2024-12-31,Tue,0,1TV,09:00-12:00,시사교양,정보가 산다,40대 이상,1.74,196,7,2180000,15260000
2024-12-31,Tue,0,2TV,09:00-12:00,시사교양,정보가 산다,40대 이상,1.21,163,7,1440000,10080000
2024-12-31,Tue,0,1TV,12:00-15:00,드라마,오후의 드라마(재방),30-40대,1.65,193,5,2370000,11850000
2024-12-31,Tue,0,2TV,12:00-15:00,드라마,오후의 드라마(재방),30-40대,1.3,148,6,1620000,9720000
2024-12-31,Tue,0,1TV,15:00-18:00,생활정보,생활의 발견,30-40대,1.64,165,5,2590000,12950000
2024-12-31,Tue,0,2TV,15:00-18:00,생활정보,생활의 발견,30-40대,1.56,129,4,1850000,7400000
2024-12-31,Tue,0,1TV,18:00-21:00,뉴스,메인뉴스 9,전체가구,5.44,657,7,8750000,61250000
2024-12-31,Tue,0,2TV,18:00-21:00,뉴스,메인뉴스 9,전체가구,4.23,591,7,5950000,41650000
2024-12-31,Tue,0,1TV,21:00-24:00,드라마,월화수목 드라마,30-40대,4.1,499,7,7100000,49700000
2024-12-31,Tue,0,2TV,21:00-24:00,드라마,월화수목 드라마,30-40대,3.23,340,8,4870000,38960000
